#! 
:ivl_version "13.0 (devel)" "(s20221226-321-gd22bb3d25)";
:ivl_delay_selection "TYPICAL";
:vpi_time_precision - 12;
:vpi_module "C:\Users\pc\APIO~1\packages\TOOLS-~2\lib\ivl\system.vpi";
:vpi_module "C:\Users\pc\APIO~1\packages\TOOLS-~2\lib\ivl\vhdl_sys.vpi";
:vpi_module "C:\Users\pc\APIO~1\packages\TOOLS-~2\lib\ivl\vhdl_textio.vpi";
:vpi_module "C:\Users\pc\APIO~1\packages\TOOLS-~2\lib\ivl\v2005_math.vpi";
:vpi_module "C:\Users\pc\APIO~1\packages\TOOLS-~2\lib\ivl\va_math.vpi";
S_0000000006456270 .scope module, "ICESTORM_LC" "ICESTORM_LC" 2 2136;
 .timescale -12 -12;
    .port_info 0 /INPUT 1 "I0";
    .port_info 1 /INPUT 1 "I1";
    .port_info 2 /INPUT 1 "I2";
    .port_info 3 /INPUT 1 "I3";
    .port_info 4 /INPUT 1 "CIN";
    .port_info 5 /INPUT 1 "CLK";
    .port_info 6 /INPUT 1 "CEN";
    .port_info 7 /INPUT 1 "SR";
    .port_info 8 /OUTPUT 1 "LO";
    .port_info 9 /OUTPUT 1 "O";
    .port_info 10 /OUTPUT 1 "COUT";
P_00000000063eecf0 .param/l "ASYNC_SR" 0 2 2148, C4<0>;
P_00000000063eed28 .param/l "CARRY_ENABLE" 0 2 2145, C4<0>;
P_00000000063eed60 .param/l "CIN_CONST" 0 2 2150, C4<0>;
P_00000000063eed98 .param/l "CIN_SET" 0 2 2151, C4<0>;
P_00000000063eedd0 .param/l "DFF_ENABLE" 0 2 2146, C4<0>;
P_00000000063eee08 .param/l "LUT_INIT" 0 2 2142, C4<0000000000000000>;
P_00000000063eee40 .param/l "NEG_CLK" 0 2 2144, C4<0>;
P_00000000063eee78 .param/l "SET_NORESET" 0 2 2147, C4<0>;
o00000000065f00e8 .functor BUFZ 1, C4<z>; HiZ drive
L_000000000659be70 .functor BUFZ 1, o00000000065f00e8, C4<0>, C4<0>, C4<0>;
L_000000000659c8f0 .functor BUFZ 1, L_000000000664dc60, C4<0>, C4<0>, C4<0>;
o00000000065f0118 .functor BUFZ 1, C4<z>; HiZ drive
L_000000000664faa0 .functor BUFT 1, C4<0>, C4<0>, C4<0>, C4<0>;
L_000000000659d450 .functor XOR 1, o00000000065f0118, L_000000000664faa0, C4<0>, C4<0>;
L_000000000659ca40 .functor BUFZ 1, L_000000000664dc60, C4<0>, C4<0>, C4<0>;
o00000000065f0088 .functor BUFZ 1, C4<z>; HiZ drive
v0000000006582290_0 .net "CEN", 0 0, o00000000065f0088;  0 drivers
v0000000006581cf0_0 .net "CEN_pu", 0 0, L_000000000664e2a0;  1 drivers
v0000000006583230_0 .net "CIN", 0 0, o00000000065f00e8;  0 drivers
v0000000006583370_0 .net "CLK", 0 0, o00000000065f0118;  0 drivers
L_000000000664f9c8 .functor BUFT 1, C4<x>, C4<0>, C4<0>, C4<0>;
v0000000006583410_0 .net "COUT", 0 0, L_000000000664f9c8;  1 drivers
o00000000065f0178 .functor BUFZ 1, C4<z>; HiZ drive
v00000000065835f0_0 .net "I0", 0 0, o00000000065f0178;  0 drivers
v00000000065823d0_0 .net "I0_pd", 0 0, L_000000000664b320;  1 drivers
o00000000065f01d8 .functor BUFZ 1, C4<z>; HiZ drive
v0000000006581d90_0 .net "I1", 0 0, o00000000065f01d8;  0 drivers
v0000000006581ed0_0 .net "I1_pd", 0 0, L_000000000664a060;  1 drivers
o00000000065f0238 .functor BUFZ 1, C4<z>; HiZ drive
v0000000006581f70_0 .net "I2", 0 0, o00000000065f0238;  0 drivers
v0000000006582330_0 .net "I2_pd", 0 0, L_000000000664a240;  1 drivers
o00000000065f0298 .functor BUFZ 1, C4<z>; HiZ drive
v0000000006582470_0 .net "I3", 0 0, o00000000065f0298;  0 drivers
v0000000006582790_0 .net "I3_pd", 0 0, L_000000000664b0a0;  1 drivers
v0000000006582510_0 .net "LO", 0 0, L_000000000659c8f0;  1 drivers
v0000000006582830_0 .net "O", 0 0, L_000000000659ca40;  1 drivers
o00000000065f0358 .functor BUFZ 1, C4<z>; HiZ drive
v000000000656b990_0 .net "SR", 0 0, o00000000065f0358;  0 drivers
v000000000656c250_0 .net "SR_pd", 0 0, L_000000000664b000;  1 drivers
o00000000065f03b8 .functor BUFZ 1, C4<z>; HiZ drive
; Elide local net with no drivers, v000000000656b350_0 name=_ivl_0
v000000000656bc10_0 .net *"_ivl_10", 0 0, L_000000000664c7c0;  1 drivers
L_000000000664f860 .functor BUFT 1, C4<0>, C4<0>, C4<0>, C4<0>;
v000000000656bcb0_0 .net/2u *"_ivl_12", 0 0, L_000000000664f860;  1 drivers
o00000000065f0448 .functor BUFZ 1, C4<z>; HiZ drive
; Elide local net with no drivers, v000000000656bdf0_0 name=_ivl_16
v000000000656be90_0 .net *"_ivl_18", 0 0, L_000000000664a1a0;  1 drivers
v000000000656c390_0 .net *"_ivl_2", 0 0, L_000000000664c680;  1 drivers
L_000000000664f8a8 .functor BUFT 1, C4<0>, C4<0>, C4<0>, C4<0>;
v00000000065484f0_0 .net/2u *"_ivl_20", 0 0, L_000000000664f8a8;  1 drivers
o00000000065f0508 .functor BUFZ 1, C4<z>; HiZ drive
; Elide local net with no drivers, v0000000006547410_0 name=_ivl_24
v0000000006547550_0 .net *"_ivl_26", 0 0, L_000000000664a2e0;  1 drivers
L_000000000664f8f0 .functor BUFT 1, C4<0>, C4<0>, C4<0>, C4<0>;
v0000000006547c30_0 .net/2u *"_ivl_28", 0 0, L_000000000664f8f0;  1 drivers
o00000000065f0598 .functor BUFZ 1, C4<z>; HiZ drive
; Elide local net with no drivers, v0000000006548090_0 name=_ivl_32
v00000000065240a0_0 .net *"_ivl_34", 0 0, L_000000000664af60;  1 drivers
L_000000000664f938 .functor BUFT 1, C4<0>, C4<0>, C4<0>, C4<0>;
v00000000065232e0_0 .net/2u *"_ivl_36", 0 0, L_000000000664f938;  1 drivers
L_000000000664f818 .functor BUFT 1, C4<0>, C4<0>, C4<0>, C4<0>;
v0000000006558bd0_0 .net/2u *"_ivl_4", 0 0, L_000000000664f818;  1 drivers
o00000000065f0658 .functor BUFZ 1, C4<z>; HiZ drive
; Elide local net with no drivers, v00000000065e3650_0 name=_ivl_40
v00000000065e3dd0_0 .net *"_ivl_42", 0 0, L_000000000664b3c0;  1 drivers
L_000000000664f980 .functor BUFT 1, C4<1>, C4<0>, C4<0>, C4<0>;
v00000000065e3d30_0 .net/2u *"_ivl_44", 0 0, L_000000000664f980;  1 drivers
L_000000000664fa10 .functor BUFT 1, C4<00000000>, C4<0>, C4<0>, C4<0>;
v00000000065e3ab0_0 .net/2u *"_ivl_52", 7 0, L_000000000664fa10;  1 drivers
L_000000000664fa58 .functor BUFT 1, C4<00000000>, C4<0>, C4<0>, C4<0>;
v00000000065e35b0_0 .net/2u *"_ivl_54", 7 0, L_000000000664fa58;  1 drivers
v00000000065e5130_0 .net *"_ivl_59", 3 0, L_000000000664de40;  1 drivers
v00000000065e4ff0_0 .net *"_ivl_61", 3 0, L_000000000664d9e0;  1 drivers
v00000000065e4f50_0 .net *"_ivl_65", 1 0, L_000000000664eb60;  1 drivers
v00000000065e4eb0_0 .net *"_ivl_67", 1 0, L_000000000664d3a0;  1 drivers
v00000000065e4370_0 .net *"_ivl_71", 0 0, L_000000000664e200;  1 drivers
v00000000065e40f0_0 .net *"_ivl_73", 0 0, L_000000000664c860;  1 drivers
v00000000065e45f0_0 .net/2u *"_ivl_78", 0 0, L_000000000664faa0;  1 drivers
o00000000065f0898 .functor BUFZ 1, C4<z>; HiZ drive
; Elide local net with no drivers, v00000000065e5090_0 name=_ivl_8
v00000000065e51d0_0 .net "lut_o", 0 0, L_000000000664dc60;  1 drivers
v00000000065e3830_0 .net "lut_s1", 1 0, L_000000000664d1c0;  1 drivers
v00000000065e49b0_0 .net "lut_s2", 3 0, L_000000000664eac0;  1 drivers
v00000000065e3b50_0 .net "lut_s3", 7 0, L_000000000664e340;  1 drivers
v00000000065e5270_0 .net "mux_cin", 0 0, L_000000000659be70;  1 drivers
v00000000065e4e10_0 .var "o_reg", 0 0;
v00000000065e4550_0 .var "o_reg_async", 0 0;
v00000000065e5310_0 .net "polarized_clk", 0 0, L_000000000659d450;  1 drivers
E_00000000065aa890 .event posedge, v000000000656c250_0, v00000000065e5310_0;
E_00000000065aa910 .event posedge, v00000000065e5310_0;
L_000000000664c680 .cmp/eeq 1, o00000000065f0178, o00000000065f03b8;
L_000000000664b320 .functor MUXZ 1, o00000000065f0178, L_000000000664f818, L_000000000664c680, C4<>;
L_000000000664c7c0 .cmp/eeq 1, o00000000065f01d8, o00000000065f0898;
L_000000000664a060 .functor MUXZ 1, o00000000065f01d8, L_000000000664f860, L_000000000664c7c0, C4<>;
L_000000000664a1a0 .cmp/eeq 1, o00000000065f0238, o00000000065f0448;
L_000000000664a240 .functor MUXZ 1, o00000000065f0238, L_000000000664f8a8, L_000000000664a1a0, C4<>;
L_000000000664a2e0 .cmp/eeq 1, o00000000065f0298, o00000000065f0508;
L_000000000664b0a0 .functor MUXZ 1, o00000000065f0298, L_000000000664f8f0, L_000000000664a2e0, C4<>;
L_000000000664af60 .cmp/eeq 1, o00000000065f0358, o00000000065f0598;
L_000000000664b000 .functor MUXZ 1, o00000000065f0358, L_000000000664f938, L_000000000664af60, C4<>;
L_000000000664b3c0 .cmp/eeq 1, o00000000065f0088, o00000000065f0658;
L_000000000664e2a0 .functor MUXZ 1, o00000000065f0088, L_000000000664f980, L_000000000664b3c0, C4<>;
L_000000000664e340 .functor MUXZ 8, L_000000000664fa58, L_000000000664fa10, L_000000000664b0a0, C4<>;
L_000000000664de40 .part L_000000000664e340, 4, 4;
L_000000000664d9e0 .part L_000000000664e340, 0, 4;
L_000000000664eac0 .functor MUXZ 4, L_000000000664d9e0, L_000000000664de40, L_000000000664a240, C4<>;
L_000000000664eb60 .part L_000000000664eac0, 2, 2;
L_000000000664d3a0 .part L_000000000664eac0, 0, 2;
L_000000000664d1c0 .functor MUXZ 2, L_000000000664d3a0, L_000000000664eb60, L_000000000664a060, C4<>;
L_000000000664e200 .part L_000000000664d1c0, 1, 1;
L_000000000664c860 .part L_000000000664d1c0, 0, 1;
L_000000000664dc60 .functor MUXZ 1, L_000000000664c860, L_000000000664e200, L_000000000664b320, C4<>;
S_0000000006485640 .scope module, "ICESTORM_RAM" "ICESTORM_RAM" 2 3167;
 .timescale -12 -12;
    .port_info 0 /OUTPUT 1 "RDATA_15";
    .port_info 1 /OUTPUT 1 "RDATA_14";
    .port_info 2 /OUTPUT 1 "RDATA_13";
    .port_info 3 /OUTPUT 1 "RDATA_12";
    .port_info 4 /OUTPUT 1 "RDATA_11";
    .port_info 5 /OUTPUT 1 "RDATA_10";
    .port_info 6 /OUTPUT 1 "RDATA_9";
    .port_info 7 /OUTPUT 1 "RDATA_8";
    .port_info 8 /OUTPUT 1 "RDATA_7";
    .port_info 9 /OUTPUT 1 "RDATA_6";
    .port_info 10 /OUTPUT 1 "RDATA_5";
    .port_info 11 /OUTPUT 1 "RDATA_4";
    .port_info 12 /OUTPUT 1 "RDATA_3";
    .port_info 13 /OUTPUT 1 "RDATA_2";
    .port_info 14 /OUTPUT 1 "RDATA_1";
    .port_info 15 /OUTPUT 1 "RDATA_0";
    .port_info 16 /INPUT 1 "RCLK";
    .port_info 17 /INPUT 1 "RCLKE";
    .port_info 18 /INPUT 1 "RE";
    .port_info 19 /INPUT 1 "RADDR_10";
    .port_info 20 /INPUT 1 "RADDR_9";
    .port_info 21 /INPUT 1 "RADDR_8";
    .port_info 22 /INPUT 1 "RADDR_7";
    .port_info 23 /INPUT 1 "RADDR_6";
    .port_info 24 /INPUT 1 "RADDR_5";
    .port_info 25 /INPUT 1 "RADDR_4";
    .port_info 26 /INPUT 1 "RADDR_3";
    .port_info 27 /INPUT 1 "RADDR_2";
    .port_info 28 /INPUT 1 "RADDR_1";
    .port_info 29 /INPUT 1 "RADDR_0";
    .port_info 30 /INPUT 1 "WCLK";
    .port_info 31 /INPUT 1 "WCLKE";
    .port_info 32 /INPUT 1 "WE";
    .port_info 33 /INPUT 1 "WADDR_10";
    .port_info 34 /INPUT 1 "WADDR_9";
    .port_info 35 /INPUT 1 "WADDR_8";
    .port_info 36 /INPUT 1 "WADDR_7";
    .port_info 37 /INPUT 1 "WADDR_6";
    .port_info 38 /INPUT 1 "WADDR_5";
    .port_info 39 /INPUT 1 "WADDR_4";
    .port_info 40 /INPUT 1 "WADDR_3";
    .port_info 41 /INPUT 1 "WADDR_2";
    .port_info 42 /INPUT 1 "WADDR_1";
    .port_info 43 /INPUT 1 "WADDR_0";
    .port_info 44 /INPUT 1 "MASK_15";
    .port_info 45 /INPUT 1 "MASK_14";
    .port_info 46 /INPUT 1 "MASK_13";
    .port_info 47 /INPUT 1 "MASK_12";
    .port_info 48 /INPUT 1 "MASK_11";
    .port_info 49 /INPUT 1 "MASK_10";
    .port_info 50 /INPUT 1 "MASK_9";
    .port_info 51 /INPUT 1 "MASK_8";
    .port_info 52 /INPUT 1 "MASK_7";
    .port_info 53 /INPUT 1 "MASK_6";
    .port_info 54 /INPUT 1 "MASK_5";
    .port_info 55 /INPUT 1 "MASK_4";
    .port_info 56 /INPUT 1 "MASK_3";
    .port_info 57 /INPUT 1 "MASK_2";
    .port_info 58 /INPUT 1 "MASK_1";
    .port_info 59 /INPUT 1 "MASK_0";
    .port_info 60 /INPUT 1 "WDATA_15";
    .port_info 61 /INPUT 1 "WDATA_14";
    .port_info 62 /INPUT 1 "WDATA_13";
    .port_info 63 /INPUT 1 "WDATA_12";
    .port_info 64 /INPUT 1 "WDATA_11";
    .port_info 65 /INPUT 1 "WDATA_10";
    .port_info 66 /INPUT 1 "WDATA_9";
    .port_info 67 /INPUT 1 "WDATA_8";
    .port_info 68 /INPUT 1 "WDATA_7";
    .port_info 69 /INPUT 1 "WDATA_6";
    .port_info 70 /INPUT 1 "WDATA_5";
    .port_info 71 /INPUT 1 "WDATA_4";
    .port_info 72 /INPUT 1 "WDATA_3";
    .port_info 73 /INPUT 1 "WDATA_2";
    .port_info 74 /INPUT 1 "WDATA_1";
    .port_info 75 /INPUT 1 "WDATA_0";
P_00000000063486c0 .param/l "INIT_0" 0 2 3182, C4<0000000000000000000000000000000000000000000000000000000000000000000000000000000000000000000000000000000000000000000000000000000000000000000000000000000000000000000000000000000000000000000000000000000000000000000000000000000000000000000000000000000000000000>;
P_00000000063486f8 .param/l "INIT_1" 0 2 3183, C4<0000000000000000000000000000000000000000000000000000000000000000000000000000000000000000000000000000000000000000000000000000000000000000000000000000000000000000000000000000000000000000000000000000000000000000000000000000000000000000000000000000000000000000>;
P_0000000006348730 .param/l "INIT_2" 0 2 3184, C4<0000000000000000000000000000000000000000000000000000000000000000000000000000000000000000000000000000000000000000000000000000000000000000000000000000000000000000000000000000000000000000000000000000000000000000000000000000000000000000000000000000000000000000>;
P_0000000006348768 .param/l "INIT_3" 0 2 3185, C4<0000000000000000000000000000000000000000000000000000000000000000000000000000000000000000000000000000000000000000000000000000000000000000000000000000000000000000000000000000000000000000000000000000000000000000000000000000000000000000000000000000000000000000>;
P_00000000063487a0 .param/l "INIT_4" 0 2 3186, C4<0000000000000000000000000000000000000000000000000000000000000000000000000000000000000000000000000000000000000000000000000000000000000000000000000000000000000000000000000000000000000000000000000000000000000000000000000000000000000000000000000000000000000000>;
P_00000000063487d8 .param/l "INIT_5" 0 2 3187, C4<0000000000000000000000000000000000000000000000000000000000000000000000000000000000000000000000000000000000000000000000000000000000000000000000000000000000000000000000000000000000000000000000000000000000000000000000000000000000000000000000000000000000000000>;
P_0000000006348810 .param/l "INIT_6" 0 2 3188, C4<0000000000000000000000000000000000000000000000000000000000000000000000000000000000000000000000000000000000000000000000000000000000000000000000000000000000000000000000000000000000000000000000000000000000000000000000000000000000000000000000000000000000000000>;
P_0000000006348848 .param/l "INIT_7" 0 2 3189, C4<0000000000000000000000000000000000000000000000000000000000000000000000000000000000000000000000000000000000000000000000000000000000000000000000000000000000000000000000000000000000000000000000000000000000000000000000000000000000000000000000000000000000000000>;
P_0000000006348880 .param/l "INIT_8" 0 2 3190, C4<0000000000000000000000000000000000000000000000000000000000000000000000000000000000000000000000000000000000000000000000000000000000000000000000000000000000000000000000000000000000000000000000000000000000000000000000000000000000000000000000000000000000000000>;
P_00000000063488b8 .param/l "INIT_9" 0 2 3191, C4<0000000000000000000000000000000000000000000000000000000000000000000000000000000000000000000000000000000000000000000000000000000000000000000000000000000000000000000000000000000000000000000000000000000000000000000000000000000000000000000000000000000000000000>;
P_00000000063488f0 .param/l "INIT_A" 0 2 3192, C4<0000000000000000000000000000000000000000000000000000000000000000000000000000000000000000000000000000000000000000000000000000000000000000000000000000000000000000000000000000000000000000000000000000000000000000000000000000000000000000000000000000000000000000>;
P_0000000006348928 .param/l "INIT_B" 0 2 3193, C4<0000000000000000000000000000000000000000000000000000000000000000000000000000000000000000000000000000000000000000000000000000000000000000000000000000000000000000000000000000000000000000000000000000000000000000000000000000000000000000000000000000000000000000>;
P_0000000006348960 .param/l "INIT_C" 0 2 3194, C4<0000000000000000000000000000000000000000000000000000000000000000000000000000000000000000000000000000000000000000000000000000000000000000000000000000000000000000000000000000000000000000000000000000000000000000000000000000000000000000000000000000000000000000>;
P_0000000006348998 .param/l "INIT_D" 0 2 3195, C4<0000000000000000000000000000000000000000000000000000000000000000000000000000000000000000000000000000000000000000000000000000000000000000000000000000000000000000000000000000000000000000000000000000000000000000000000000000000000000000000000000000000000000000>;
P_00000000063489d0 .param/l "INIT_E" 0 2 3196, C4<0000000000000000000000000000000000000000000000000000000000000000000000000000000000000000000000000000000000000000000000000000000000000000000000000000000000000000000000000000000000000000000000000000000000000000000000000000000000000000000000000000000000000000>;
P_0000000006348a08 .param/l "INIT_F" 0 2 3197, C4<0000000000000000000000000000000000000000000000000000000000000000000000000000000000000000000000000000000000000000000000000000000000000000000000000000000000000000000000000000000000000000000000000000000000000000000000000000000000000000000000000000000000000000>;
P_0000000006348a40 .param/l "NEG_CLK_R" 0 2 3179, C4<0>;
P_0000000006348a78 .param/l "NEG_CLK_W" 0 2 3180, C4<0>;
P_0000000006348ab0 .param/l "READ_MODE" 0 2 3177, +C4<00000000000000000000000000000000>;
P_0000000006348ae8 .param/l "WRITE_MODE" 0 2 3176, +C4<00000000000000000000000000000000>;
L_000000000664fb30 .functor BUFT 1, C4<0>, C4<0>, C4<0>, C4<0>;
L_000000000659d7d0 .functor XOR 1, L_000000000664eca0, L_000000000664fb30, C4<0>, C4<0>;
L_000000000664fb78 .functor BUFT 1, C4<0>, C4<0>, C4<0>, C4<0>;
L_000000000659d4c0 .functor XOR 1, L_000000000664df80, L_000000000664fb78, C4<0>, C4<0>;
o00000000065f1228 .functor BUFZ 1, C4<z>; HiZ drive
v00000000065e4190_0 .net "MASK_0", 0 0, o00000000065f1228;  0 drivers
o00000000065f1258 .functor BUFZ 1, C4<z>; HiZ drive
v00000000065e4230_0 .net "MASK_1", 0 0, o00000000065f1258;  0 drivers
o00000000065f1288 .functor BUFZ 1, C4<z>; HiZ drive
v00000000065e4c30_0 .net "MASK_10", 0 0, o00000000065f1288;  0 drivers
o00000000065f12b8 .functor BUFZ 1, C4<z>; HiZ drive
v00000000065e42d0_0 .net "MASK_11", 0 0, o00000000065f12b8;  0 drivers
o00000000065f12e8 .functor BUFZ 1, C4<z>; HiZ drive
v00000000065e4730_0 .net "MASK_12", 0 0, o00000000065f12e8;  0 drivers
o00000000065f1318 .functor BUFZ 1, C4<z>; HiZ drive
v00000000065e44b0_0 .net "MASK_13", 0 0, o00000000065f1318;  0 drivers
o00000000065f1348 .functor BUFZ 1, C4<z>; HiZ drive
v00000000065e4cd0_0 .net "MASK_14", 0 0, o00000000065f1348;  0 drivers
o00000000065f1378 .functor BUFZ 1, C4<z>; HiZ drive
v00000000065e4d70_0 .net "MASK_15", 0 0, o00000000065f1378;  0 drivers
o00000000065f13a8 .functor BUFZ 1, C4<z>; HiZ drive
v00000000065e5480_0 .net "MASK_2", 0 0, o00000000065f13a8;  0 drivers
o00000000065f13d8 .functor BUFZ 1, C4<z>; HiZ drive
v00000000065e5840_0 .net "MASK_3", 0 0, o00000000065f13d8;  0 drivers
o00000000065f1408 .functor BUFZ 1, C4<z>; HiZ drive
v00000000065e5f20_0 .net "MASK_4", 0 0, o00000000065f1408;  0 drivers
o00000000065f1438 .functor BUFZ 1, C4<z>; HiZ drive
v00000000065e7320_0 .net "MASK_5", 0 0, o00000000065f1438;  0 drivers
o00000000065f1468 .functor BUFZ 1, C4<z>; HiZ drive
v00000000065e69c0_0 .net "MASK_6", 0 0, o00000000065f1468;  0 drivers
o00000000065f1498 .functor BUFZ 1, C4<z>; HiZ drive
v00000000065e67e0_0 .net "MASK_7", 0 0, o00000000065f1498;  0 drivers
o00000000065f14c8 .functor BUFZ 1, C4<z>; HiZ drive
v00000000065e6920_0 .net "MASK_8", 0 0, o00000000065f14c8;  0 drivers
o00000000065f14f8 .functor BUFZ 1, C4<z>; HiZ drive
v00000000065e6880_0 .net "MASK_9", 0 0, o00000000065f14f8;  0 drivers
o00000000065f1528 .functor BUFZ 1, C4<z>; HiZ drive
v00000000065e6ec0_0 .net "RADDR_0", 0 0, o00000000065f1528;  0 drivers
o00000000065f1558 .functor BUFZ 1, C4<z>; HiZ drive
v00000000065e58e0_0 .net "RADDR_1", 0 0, o00000000065f1558;  0 drivers
o00000000065f1588 .functor BUFZ 1, C4<z>; HiZ drive
v00000000065e6e20_0 .net "RADDR_10", 0 0, o00000000065f1588;  0 drivers
o00000000065f15b8 .functor BUFZ 1, C4<z>; HiZ drive
v00000000065e57a0_0 .net "RADDR_2", 0 0, o00000000065f15b8;  0 drivers
o00000000065f15e8 .functor BUFZ 1, C4<z>; HiZ drive
v00000000065e6100_0 .net "RADDR_3", 0 0, o00000000065f15e8;  0 drivers
o00000000065f1618 .functor BUFZ 1, C4<z>; HiZ drive
v00000000065e66a0_0 .net "RADDR_4", 0 0, o00000000065f1618;  0 drivers
o00000000065f1648 .functor BUFZ 1, C4<z>; HiZ drive
v00000000065e6f60_0 .net "RADDR_5", 0 0, o00000000065f1648;  0 drivers
o00000000065f1678 .functor BUFZ 1, C4<z>; HiZ drive
v00000000065e6600_0 .net "RADDR_6", 0 0, o00000000065f1678;  0 drivers
o00000000065f16a8 .functor BUFZ 1, C4<z>; HiZ drive
v00000000065e64c0_0 .net "RADDR_7", 0 0, o00000000065f16a8;  0 drivers
o00000000065f16d8 .functor BUFZ 1, C4<z>; HiZ drive
v00000000065e5fc0_0 .net "RADDR_8", 0 0, o00000000065f16d8;  0 drivers
o00000000065f1708 .functor BUFZ 1, C4<z>; HiZ drive
v00000000065e61a0_0 .net "RADDR_9", 0 0, o00000000065f1708;  0 drivers
o00000000065f1738 .functor BUFZ 1, C4<z>; HiZ drive
v00000000065e6560_0 .net "RCLK", 0 0, o00000000065f1738;  0 drivers
o00000000065f1768 .functor BUFZ 1, C4<z>; HiZ drive
v00000000065e6a60_0 .net "RCLKE", 0 0, o00000000065f1768;  0 drivers
v00000000065e6b00_0 .net "RDATA_0", 0 0, L_000000000664dbc0;  1 drivers
v00000000065e5980_0 .net "RDATA_1", 0 0, L_000000000664da80;  1 drivers
v00000000065e7000_0 .net "RDATA_10", 0 0, L_000000000664dee0;  1 drivers
v00000000065e6ba0_0 .net "RDATA_11", 0 0, L_000000000664efc0;  1 drivers
v00000000065e6740_0 .net "RDATA_12", 0 0, L_000000000664d120;  1 drivers
v00000000065e6c40_0 .net "RDATA_13", 0 0, L_000000000664d760;  1 drivers
v00000000065e6060_0 .net "RDATA_14", 0 0, L_000000000664cd60;  1 drivers
v00000000065e70a0_0 .net "RDATA_15", 0 0, L_000000000664ec00;  1 drivers
v00000000065e6380_0 .net "RDATA_2", 0 0, L_000000000664e3e0;  1 drivers
v00000000065e6ce0_0 .net "RDATA_3", 0 0, L_000000000664e700;  1 drivers
v00000000065e6d80_0 .net "RDATA_4", 0 0, L_000000000664d800;  1 drivers
v00000000065e6240_0 .net "RDATA_5", 0 0, L_000000000664c900;  1 drivers
v00000000065e5ac0_0 .net "RDATA_6", 0 0, L_000000000664e660;  1 drivers
v00000000065e5b60_0 .net "RDATA_7", 0 0, L_000000000664e8e0;  1 drivers
v00000000065e5700_0 .net "RDATA_8", 0 0, L_000000000664cae0;  1 drivers
v00000000065e71e0_0 .net "RDATA_9", 0 0, L_000000000664cea0;  1 drivers
o00000000065f1a98 .functor BUFZ 1, C4<z>; HiZ drive
v00000000065e7140_0 .net "RE", 0 0, o00000000065f1a98;  0 drivers
o00000000065f1ac8 .functor BUFZ 1, C4<z>; HiZ drive
v00000000065e5c00_0 .net "WADDR_0", 0 0, o00000000065f1ac8;  0 drivers
o00000000065f1af8 .functor BUFZ 1, C4<z>; HiZ drive
v00000000065e7280_0 .net "WADDR_1", 0 0, o00000000065f1af8;  0 drivers
o00000000065f1b28 .functor BUFZ 1, C4<z>; HiZ drive
v00000000065e5520_0 .net "WADDR_10", 0 0, o00000000065f1b28;  0 drivers
o00000000065f1b58 .functor BUFZ 1, C4<z>; HiZ drive
v00000000065e62e0_0 .net "WADDR_2", 0 0, o00000000065f1b58;  0 drivers
o00000000065f1b88 .functor BUFZ 1, C4<z>; HiZ drive
v00000000065e6420_0 .net "WADDR_3", 0 0, o00000000065f1b88;  0 drivers
o00000000065f1bb8 .functor BUFZ 1, C4<z>; HiZ drive
v00000000065e5d40_0 .net "WADDR_4", 0 0, o00000000065f1bb8;  0 drivers
o00000000065f1be8 .functor BUFZ 1, C4<z>; HiZ drive
v00000000065e5e80_0 .net "WADDR_5", 0 0, o00000000065f1be8;  0 drivers
o00000000065f1c18 .functor BUFZ 1, C4<z>; HiZ drive
v00000000065e55c0_0 .net "WADDR_6", 0 0, o00000000065f1c18;  0 drivers
o00000000065f1c48 .functor BUFZ 1, C4<z>; HiZ drive
v00000000065e5660_0 .net "WADDR_7", 0 0, o00000000065f1c48;  0 drivers
o00000000065f1c78 .functor BUFZ 1, C4<z>; HiZ drive
v00000000065e5a20_0 .net "WADDR_8", 0 0, o00000000065f1c78;  0 drivers
o00000000065f1ca8 .functor BUFZ 1, C4<z>; HiZ drive
v00000000065e5ca0_0 .net "WADDR_9", 0 0, o00000000065f1ca8;  0 drivers
o00000000065f1cd8 .functor BUFZ 1, C4<z>; HiZ drive
v00000000065e5de0_0 .net "WCLK", 0 0, o00000000065f1cd8;  0 drivers
o00000000065f1d08 .functor BUFZ 1, C4<z>; HiZ drive
v00000000065e9e80_0 .net "WCLKE", 0 0, o00000000065f1d08;  0 drivers
o00000000065f1d38 .functor BUFZ 1, C4<z>; HiZ drive
v00000000065ea060_0 .net "WDATA_0", 0 0, o00000000065f1d38;  0 drivers
o00000000065f1d68 .functor BUFZ 1, C4<z>; HiZ drive
v00000000065ea880_0 .net "WDATA_1", 0 0, o00000000065f1d68;  0 drivers
o00000000065f1d98 .functor BUFZ 1, C4<z>; HiZ drive
v00000000065ea1a0_0 .net "WDATA_10", 0 0, o00000000065f1d98;  0 drivers
o00000000065f1dc8 .functor BUFZ 1, C4<z>; HiZ drive
v00000000065e9d40_0 .net "WDATA_11", 0 0, o00000000065f1dc8;  0 drivers
o00000000065f1df8 .functor BUFZ 1, C4<z>; HiZ drive
v00000000065e9de0_0 .net "WDATA_12", 0 0, o00000000065f1df8;  0 drivers
o00000000065f1e28 .functor BUFZ 1, C4<z>; HiZ drive
v00000000065eaa60_0 .net "WDATA_13", 0 0, o00000000065f1e28;  0 drivers
o00000000065f1e58 .functor BUFZ 1, C4<z>; HiZ drive
v00000000065eae20_0 .net "WDATA_14", 0 0, o00000000065f1e58;  0 drivers
o00000000065f1e88 .functor BUFZ 1, C4<z>; HiZ drive
v00000000065eb0a0_0 .net "WDATA_15", 0 0, o00000000065f1e88;  0 drivers
o00000000065f1eb8 .functor BUFZ 1, C4<z>; HiZ drive
v00000000065eb1e0_0 .net "WDATA_2", 0 0, o00000000065f1eb8;  0 drivers
o00000000065f1ee8 .functor BUFZ 1, C4<z>; HiZ drive
v00000000065ea380_0 .net "WDATA_3", 0 0, o00000000065f1ee8;  0 drivers
o00000000065f1f18 .functor BUFZ 1, C4<z>; HiZ drive
v00000000065ea7e0_0 .net "WDATA_4", 0 0, o00000000065f1f18;  0 drivers
o00000000065f1f48 .functor BUFZ 1, C4<z>; HiZ drive
v00000000065eb280_0 .net "WDATA_5", 0 0, o00000000065f1f48;  0 drivers
o00000000065f1f78 .functor BUFZ 1, C4<z>; HiZ drive
v00000000065ea240_0 .net "WDATA_6", 0 0, o00000000065f1f78;  0 drivers
o00000000065f1fa8 .functor BUFZ 1, C4<z>; HiZ drive
v00000000065ea920_0 .net "WDATA_7", 0 0, o00000000065f1fa8;  0 drivers
o00000000065f1fd8 .functor BUFZ 1, C4<z>; HiZ drive
v00000000065ea420_0 .net "WDATA_8", 0 0, o00000000065f1fd8;  0 drivers
o00000000065f2008 .functor BUFZ 1, C4<z>; HiZ drive
v00000000065eb140_0 .net "WDATA_9", 0 0, o00000000065f2008;  0 drivers
o00000000065f2038 .functor BUFZ 1, C4<z>; HiZ drive
v00000000065eb000_0 .net "WE", 0 0, o00000000065f2038;  0 drivers
v00000000065e9f20_0 .net *"_ivl_100", 0 0, L_000000000664f1a0;  1 drivers
v00000000065eac40_0 .net *"_ivl_102", 0 0, L_000000000664f600;  1 drivers
v00000000065ea2e0_0 .net *"_ivl_104", 0 0, L_000000000664f100;  1 drivers
v00000000065eb320_0 .net *"_ivl_106", 0 0, L_000000000664f060;  1 drivers
v00000000065ea600_0 .net *"_ivl_108", 0 0, L_000000000664f240;  1 drivers
v00000000065e9ca0_0 .net *"_ivl_110", 0 0, L_000000000664f560;  1 drivers
v00000000065ea4c0_0 .net *"_ivl_112", 0 0, L_000000000664f2e0;  1 drivers
v00000000065ea560_0 .net *"_ivl_114", 0 0, L_000000000664f740;  1 drivers
v00000000065ea9c0_0 .net *"_ivl_116", 0 0, L_000000000664f6a0;  1 drivers
v00000000065eaec0_0 .net *"_ivl_120", 0 0, L_000000000664f420;  1 drivers
v00000000065eaf60_0 .net *"_ivl_122", 0 0, L_000000000664f4c0;  1 drivers
v00000000065ea6a0_0 .net *"_ivl_124", 0 0, L_00000000066a8330;  1 drivers
v00000000065e9fc0_0 .net *"_ivl_126", 0 0, L_00000000066a8e70;  1 drivers
v00000000065ead80_0 .net *"_ivl_128", 0 0, L_00000000066a8150;  1 drivers
v00000000065eab00_0 .net *"_ivl_130", 0 0, L_00000000066a94b0;  1 drivers
v00000000065ea100_0 .net *"_ivl_132", 0 0, L_00000000066a7f70;  1 drivers
v00000000065ea740_0 .net *"_ivl_134", 0 0, L_00000000066a9af0;  1 drivers
v00000000065eaba0_0 .net *"_ivl_136", 0 0, L_00000000066a95f0;  1 drivers
v00000000065eace0_0 .net *"_ivl_138", 0 0, L_00000000066a8790;  1 drivers
v00000000065e7d60_0 .net *"_ivl_140", 0 0, L_00000000066a9b90;  1 drivers
v00000000065e8c60_0 .net *"_ivl_142", 0 0, L_00000000066a83d0;  1 drivers
v00000000065e9480_0 .net *"_ivl_144", 0 0, L_00000000066a9d70;  1 drivers
v00000000065e7680_0 .net *"_ivl_146", 0 0, L_00000000066a9e10;  1 drivers
v00000000065e8580_0 .net *"_ivl_148", 0 0, L_00000000066a8f10;  1 drivers
v00000000065e8080_0 .net *"_ivl_150", 0 0, L_00000000066a9c30;  1 drivers
v00000000065e7e00_0 .net *"_ivl_18", 0 0, L_000000000664eca0;  1 drivers
v00000000065e7720_0 .net/2u *"_ivl_19", 0 0, L_000000000664fb30;  1 drivers
v00000000065e8620_0 .net *"_ivl_28", 0 0, L_000000000664c9a0;  1 drivers
v00000000065e9520_0 .net *"_ivl_30", 0 0, L_000000000664e7a0;  1 drivers
v00000000065e8f80_0 .net *"_ivl_32", 0 0, L_000000000664ef20;  1 drivers
v00000000065e8440_0 .net *"_ivl_34", 0 0, L_000000000664e480;  1 drivers
v00000000065e8d00_0 .net *"_ivl_36", 0 0, L_000000000664e160;  1 drivers
v00000000065e8a80_0 .net *"_ivl_38", 0 0, L_000000000664d260;  1 drivers
v00000000065e9200_0 .net *"_ivl_40", 0 0, L_000000000664dd00;  1 drivers
v00000000065e84e0_0 .net *"_ivl_42", 0 0, L_000000000664ce00;  1 drivers
v00000000065e92a0_0 .net *"_ivl_44", 0 0, L_000000000664ede0;  1 drivers
v00000000065e8da0_0 .net *"_ivl_46", 0 0, L_000000000664ea20;  1 drivers
v00000000065e9160_0 .net *"_ivl_48", 0 0, L_000000000664e980;  1 drivers
v00000000065e9020_0 .net *"_ivl_52", 0 0, L_000000000664df80;  1 drivers
v00000000065e8e40_0 .net/2u *"_ivl_53", 0 0, L_000000000664fb78;  1 drivers
v00000000065e8120_0 .net *"_ivl_62", 0 0, L_000000000664ca40;  1 drivers
v00000000065e8ee0_0 .net *"_ivl_64", 0 0, L_000000000664d440;  1 drivers
v00000000065e9340_0 .net *"_ivl_66", 0 0, L_000000000664e020;  1 drivers
v00000000065e90c0_0 .net *"_ivl_68", 0 0, L_000000000664e840;  1 drivers
v00000000065e7c20_0 .net *"_ivl_70", 0 0, L_000000000664ee80;  1 drivers
v00000000065e8940_0 .net *"_ivl_72", 0 0, L_000000000664e5c0;  1 drivers
v00000000065e9a20_0 .net *"_ivl_74", 0 0, L_000000000664cb80;  1 drivers
v00000000065e88a0_0 .net *"_ivl_76", 0 0, L_000000000664ccc0;  1 drivers
v00000000065e89e0_0 .net *"_ivl_78", 0 0, L_000000000664cf40;  1 drivers
v00000000065e93e0_0 .net *"_ivl_80", 0 0, L_000000000664d580;  1 drivers
v00000000065e86c0_0 .net *"_ivl_82", 0 0, L_000000000664cfe0;  1 drivers
v00000000065e8b20_0 .net *"_ivl_86", 0 0, L_000000000664d300;  1 drivers
v00000000065e8760_0 .net *"_ivl_88", 0 0, L_000000000664dda0;  1 drivers
v00000000065e9700_0 .net *"_ivl_90", 0 0, L_000000000664d620;  1 drivers
v00000000065e83a0_0 .net *"_ivl_92", 0 0, L_000000000664d6c0;  1 drivers
v00000000065e8800_0 .net *"_ivl_94", 0 0, L_000000000664d8a0;  1 drivers
v00000000065e9b60_0 .net *"_ivl_96", 0 0, L_000000000664d940;  1 drivers
v00000000065e8bc0_0 .net *"_ivl_98", 0 0, L_000000000664db20;  1 drivers
L_000000000664ec00 .part v00000000065e3fb0_0, 15, 1;
L_000000000664cd60 .part v00000000065e3fb0_0, 14, 1;
L_000000000664d760 .part v00000000065e3fb0_0, 13, 1;
L_000000000664d120 .part v00000000065e3fb0_0, 12, 1;
L_000000000664efc0 .part v00000000065e3fb0_0, 11, 1;
L_000000000664dee0 .part v00000000065e3fb0_0, 10, 1;
L_000000000664cea0 .part v00000000065e3fb0_0, 9, 1;
L_000000000664cae0 .part v00000000065e3fb0_0, 8, 1;
L_000000000664e8e0 .part v00000000065e3fb0_0, 7, 1;
L_000000000664e660 .part v00000000065e3fb0_0, 6, 1;
L_000000000664c900 .part v00000000065e3fb0_0, 5, 1;
L_000000000664d800 .part v00000000065e3fb0_0, 4, 1;
L_000000000664e700 .part v00000000065e3fb0_0, 3, 1;
L_000000000664e3e0 .part v00000000065e3fb0_0, 2, 1;
L_000000000664da80 .part v00000000065e3fb0_0, 1, 1;
L_000000000664dbc0 .part v00000000065e3fb0_0, 0, 1;
L_000000000664eca0 .ufunc/vec4 TD_ICESTORM_RAM.pd, 1, o00000000065f1738 (v00000000065e3c90_0) S_00000000065bf430;
L_000000000664e0c0 .ufunc/vec4 TD_ICESTORM_RAM.pu, 1, o00000000065f1768 (v00000000065e4050_0) S_00000000065be490;
L_000000000664ed40 .ufunc/vec4 TD_ICESTORM_RAM.pd, 1, o00000000065f1a98 (v00000000065e3c90_0) S_00000000065bf430;
L_000000000664c9a0 .ufunc/vec4 TD_ICESTORM_RAM.pd, 1, o00000000065f1588 (v00000000065e3c90_0) S_00000000065bf430;
L_000000000664e7a0 .ufunc/vec4 TD_ICESTORM_RAM.pd, 1, o00000000065f1708 (v00000000065e3c90_0) S_00000000065bf430;
L_000000000664ef20 .ufunc/vec4 TD_ICESTORM_RAM.pd, 1, o00000000065f16d8 (v00000000065e3c90_0) S_00000000065bf430;
L_000000000664e480 .ufunc/vec4 TD_ICESTORM_RAM.pd, 1, o00000000065f16a8 (v00000000065e3c90_0) S_00000000065bf430;
L_000000000664e160 .ufunc/vec4 TD_ICESTORM_RAM.pd, 1, o00000000065f1678 (v00000000065e3c90_0) S_00000000065bf430;
L_000000000664d260 .ufunc/vec4 TD_ICESTORM_RAM.pd, 1, o00000000065f1648 (v00000000065e3c90_0) S_00000000065bf430;
L_000000000664dd00 .ufunc/vec4 TD_ICESTORM_RAM.pd, 1, o00000000065f1618 (v00000000065e3c90_0) S_00000000065bf430;
L_000000000664ce00 .ufunc/vec4 TD_ICESTORM_RAM.pd, 1, o00000000065f15e8 (v00000000065e3c90_0) S_00000000065bf430;
L_000000000664ede0 .ufunc/vec4 TD_ICESTORM_RAM.pd, 1, o00000000065f15b8 (v00000000065e3c90_0) S_00000000065bf430;
L_000000000664ea20 .ufunc/vec4 TD_ICESTORM_RAM.pd, 1, o00000000065f1558 (v00000000065e3c90_0) S_00000000065bf430;
L_000000000664e980 .ufunc/vec4 TD_ICESTORM_RAM.pd, 1, o00000000065f1528 (v00000000065e3c90_0) S_00000000065bf430;
LS_000000000664e520_0_0 .concat [ 1 1 1 1], L_000000000664e980, L_000000000664ea20, L_000000000664ede0, L_000000000664ce00;
LS_000000000664e520_0_4 .concat [ 1 1 1 1], L_000000000664dd00, L_000000000664d260, L_000000000664e160, L_000000000664e480;
LS_000000000664e520_0_8 .concat [ 1 1 1 0], L_000000000664ef20, L_000000000664e7a0, L_000000000664c9a0;
L_000000000664e520 .concat [ 4 4 3 0], LS_000000000664e520_0_0, LS_000000000664e520_0_4, LS_000000000664e520_0_8;
L_000000000664df80 .ufunc/vec4 TD_ICESTORM_RAM.pd, 1, o00000000065f1cd8 (v00000000065e3c90_0) S_00000000065bf430;
L_000000000664d4e0 .ufunc/vec4 TD_ICESTORM_RAM.pu, 1, o00000000065f1d08 (v00000000065e4050_0) S_00000000065be490;
L_000000000664cc20 .ufunc/vec4 TD_ICESTORM_RAM.pd, 1, o00000000065f2038 (v00000000065e3c90_0) S_00000000065bf430;
L_000000000664ca40 .ufunc/vec4 TD_ICESTORM_RAM.pd, 1, o00000000065f1b28 (v00000000065e3c90_0) S_00000000065bf430;
L_000000000664d440 .ufunc/vec4 TD_ICESTORM_RAM.pd, 1, o00000000065f1ca8 (v00000000065e3c90_0) S_00000000065bf430;
L_000000000664e020 .ufunc/vec4 TD_ICESTORM_RAM.pd, 1, o00000000065f1c78 (v00000000065e3c90_0) S_00000000065bf430;
L_000000000664e840 .ufunc/vec4 TD_ICESTORM_RAM.pd, 1, o00000000065f1c48 (v00000000065e3c90_0) S_00000000065bf430;
L_000000000664ee80 .ufunc/vec4 TD_ICESTORM_RAM.pd, 1, o00000000065f1c18 (v00000000065e3c90_0) S_00000000065bf430;
L_000000000664e5c0 .ufunc/vec4 TD_ICESTORM_RAM.pd, 1, o00000000065f1be8 (v00000000065e3c90_0) S_00000000065bf430;
L_000000000664cb80 .ufunc/vec4 TD_ICESTORM_RAM.pd, 1, o00000000065f1bb8 (v00000000065e3c90_0) S_00000000065bf430;
L_000000000664ccc0 .ufunc/vec4 TD_ICESTORM_RAM.pd, 1, o00000000065f1b88 (v00000000065e3c90_0) S_00000000065bf430;
L_000000000664cf40 .ufunc/vec4 TD_ICESTORM_RAM.pd, 1, o00000000065f1b58 (v00000000065e3c90_0) S_00000000065bf430;
L_000000000664d580 .ufunc/vec4 TD_ICESTORM_RAM.pd, 1, o00000000065f1af8 (v00000000065e3c90_0) S_00000000065bf430;
L_000000000664cfe0 .ufunc/vec4 TD_ICESTORM_RAM.pd, 1, o00000000065f1ac8 (v00000000065e3c90_0) S_00000000065bf430;
LS_000000000664d080_0_0 .concat [ 1 1 1 1], L_000000000664cfe0, L_000000000664d580, L_000000000664cf40, L_000000000664ccc0;
LS_000000000664d080_0_4 .concat [ 1 1 1 1], L_000000000664cb80, L_000000000664e5c0, L_000000000664ee80, L_000000000664e840;
LS_000000000664d080_0_8 .concat [ 1 1 1 0], L_000000000664e020, L_000000000664d440, L_000000000664ca40;
L_000000000664d080 .concat [ 4 4 3 0], LS_000000000664d080_0_0, LS_000000000664d080_0_4, LS_000000000664d080_0_8;
L_000000000664d300 .ufunc/vec4 TD_ICESTORM_RAM.pd, 1, o00000000065f1378 (v00000000065e3c90_0) S_00000000065bf430;
L_000000000664dda0 .ufunc/vec4 TD_ICESTORM_RAM.pd, 1, o00000000065f1348 (v00000000065e3c90_0) S_00000000065bf430;
L_000000000664d620 .ufunc/vec4 TD_ICESTORM_RAM.pd, 1, o00000000065f1318 (v00000000065e3c90_0) S_00000000065bf430;
L_000000000664d6c0 .ufunc/vec4 TD_ICESTORM_RAM.pd, 1, o00000000065f12e8 (v00000000065e3c90_0) S_00000000065bf430;
L_000000000664d8a0 .ufunc/vec4 TD_ICESTORM_RAM.pd, 1, o00000000065f12b8 (v00000000065e3c90_0) S_00000000065bf430;
L_000000000664d940 .ufunc/vec4 TD_ICESTORM_RAM.pd, 1, o00000000065f1288 (v00000000065e3c90_0) S_00000000065bf430;
L_000000000664db20 .ufunc/vec4 TD_ICESTORM_RAM.pd, 1, o00000000065f14f8 (v00000000065e3c90_0) S_00000000065bf430;
L_000000000664f1a0 .ufunc/vec4 TD_ICESTORM_RAM.pd, 1, o00000000065f14c8 (v00000000065e3c90_0) S_00000000065bf430;
L_000000000664f600 .ufunc/vec4 TD_ICESTORM_RAM.pd, 1, o00000000065f1498 (v00000000065e3c90_0) S_00000000065bf430;
L_000000000664f100 .ufunc/vec4 TD_ICESTORM_RAM.pd, 1, o00000000065f1468 (v00000000065e3c90_0) S_00000000065bf430;
L_000000000664f060 .ufunc/vec4 TD_ICESTORM_RAM.pd, 1, o00000000065f1438 (v00000000065e3c90_0) S_00000000065bf430;
L_000000000664f240 .ufunc/vec4 TD_ICESTORM_RAM.pd, 1, o00000000065f1408 (v00000000065e3c90_0) S_00000000065bf430;
L_000000000664f560 .ufunc/vec4 TD_ICESTORM_RAM.pd, 1, o00000000065f13d8 (v00000000065e3c90_0) S_00000000065bf430;
L_000000000664f2e0 .ufunc/vec4 TD_ICESTORM_RAM.pd, 1, o00000000065f13a8 (v00000000065e3c90_0) S_00000000065bf430;
L_000000000664f740 .ufunc/vec4 TD_ICESTORM_RAM.pd, 1, o00000000065f1258 (v00000000065e3c90_0) S_00000000065bf430;
L_000000000664f6a0 .ufunc/vec4 TD_ICESTORM_RAM.pd, 1, o00000000065f1228 (v00000000065e3c90_0) S_00000000065bf430;
LS_000000000664f380_0_0 .concat [ 1 1 1 1], L_000000000664f6a0, L_000000000664f740, L_000000000664f2e0, L_000000000664f560;
LS_000000000664f380_0_4 .concat [ 1 1 1 1], L_000000000664f240, L_000000000664f060, L_000000000664f100, L_000000000664f600;
LS_000000000664f380_0_8 .concat [ 1 1 1 1], L_000000000664f1a0, L_000000000664db20, L_000000000664d940, L_000000000664d8a0;
LS_000000000664f380_0_12 .concat [ 1 1 1 1], L_000000000664d6c0, L_000000000664d620, L_000000000664dda0, L_000000000664d300;
L_000000000664f380 .concat [ 4 4 4 4], LS_000000000664f380_0_0, LS_000000000664f380_0_4, LS_000000000664f380_0_8, LS_000000000664f380_0_12;
L_000000000664f420 .ufunc/vec4 TD_ICESTORM_RAM.pd, 1, o00000000065f1e88 (v00000000065e3c90_0) S_00000000065bf430;
L_000000000664f4c0 .ufunc/vec4 TD_ICESTORM_RAM.pd, 1, o00000000065f1e58 (v00000000065e3c90_0) S_00000000065bf430;
L_00000000066a8330 .ufunc/vec4 TD_ICESTORM_RAM.pd, 1, o00000000065f1e28 (v00000000065e3c90_0) S_00000000065bf430;
L_00000000066a8e70 .ufunc/vec4 TD_ICESTORM_RAM.pd, 1, o00000000065f1df8 (v00000000065e3c90_0) S_00000000065bf430;
L_00000000066a8150 .ufunc/vec4 TD_ICESTORM_RAM.pd, 1, o00000000065f1dc8 (v00000000065e3c90_0) S_00000000065bf430;
L_00000000066a94b0 .ufunc/vec4 TD_ICESTORM_RAM.pd, 1, o00000000065f1d98 (v00000000065e3c90_0) S_00000000065bf430;
L_00000000066a7f70 .ufunc/vec4 TD_ICESTORM_RAM.pd, 1, o00000000065f2008 (v00000000065e3c90_0) S_00000000065bf430;
L_00000000066a9af0 .ufunc/vec4 TD_ICESTORM_RAM.pd, 1, o00000000065f1fd8 (v00000000065e3c90_0) S_00000000065bf430;
L_00000000066a95f0 .ufunc/vec4 TD_ICESTORM_RAM.pd, 1, o00000000065f1fa8 (v00000000065e3c90_0) S_00000000065bf430;
L_00000000066a8790 .ufunc/vec4 TD_ICESTORM_RAM.pd, 1, o00000000065f1f78 (v00000000065e3c90_0) S_00000000065bf430;
L_00000000066a9b90 .ufunc/vec4 TD_ICESTORM_RAM.pd, 1, o00000000065f1f48 (v00000000065e3c90_0) S_00000000065bf430;
L_00000000066a83d0 .ufunc/vec4 TD_ICESTORM_RAM.pd, 1, o00000000065f1f18 (v00000000065e3c90_0) S_00000000065bf430;
L_00000000066a9d70 .ufunc/vec4 TD_ICESTORM_RAM.pd, 1, o00000000065f1ee8 (v00000000065e3c90_0) S_00000000065bf430;
L_00000000066a9e10 .ufunc/vec4 TD_ICESTORM_RAM.pd, 1, o00000000065f1eb8 (v00000000065e3c90_0) S_00000000065bf430;
L_00000000066a8f10 .ufunc/vec4 TD_ICESTORM_RAM.pd, 1, o00000000065f1d68 (v00000000065e3c90_0) S_00000000065bf430;
L_00000000066a9c30 .ufunc/vec4 TD_ICESTORM_RAM.pd, 1, o00000000065f1d38 (v00000000065e3c90_0) S_00000000065bf430;
LS_00000000066a8bf0_0_0 .concat [ 1 1 1 1], L_00000000066a9c30, L_00000000066a8f10, L_00000000066a9e10, L_00000000066a9d70;
LS_00000000066a8bf0_0_4 .concat [ 1 1 1 1], L_00000000066a83d0, L_00000000066a9b90, L_00000000066a8790, L_00000000066a95f0;
LS_00000000066a8bf0_0_8 .concat [ 1 1 1 1], L_00000000066a9af0, L_00000000066a7f70, L_00000000066a94b0, L_00000000066a8150;
LS_00000000066a8bf0_0_12 .concat [ 1 1 1 1], L_00000000066a8e70, L_00000000066a8330, L_000000000664f4c0, L_000000000664f420;
L_00000000066a8bf0 .concat [ 4 4 4 4], LS_00000000066a8bf0_0_0, LS_00000000066a8bf0_0_4, LS_00000000066a8bf0_0_8, LS_00000000066a8bf0_0_12;
S_00000000065bef80 .scope module, "RAM" "SB_RAM40_4K" 2 3233, 2 1487 0, S_0000000006485640;
 .timescale -12 -12;
    .port_info 0 /OUTPUT 16 "RDATA";
    .port_info 1 /INPUT 1 "RCLK";
    .port_info 2 /INPUT 1 "RCLKE";
    .port_info 3 /INPUT 1 "RE";
    .port_info 4 /INPUT 11 "RADDR";
    .port_info 5 /INPUT 1 "WCLK";
    .port_info 6 /INPUT 1 "WCLKE";
    .port_info 7 /INPUT 1 "WE";
    .port_info 8 /INPUT 11 "WADDR";
    .port_info 9 /INPUT 16 "MASK";
    .port_info 10 /INPUT 16 "WDATA";
P_0000000006620090 .param/l "INIT_0" 0 2 1507, C4<0000000000000000000000000000000000000000000000000000000000000000000000000000000000000000000000000000000000000000000000000000000000000000000000000000000000000000000000000000000000000000000000000000000000000000000000000000000000000000000000000000000000000000>;
P_00000000066200c8 .param/l "INIT_1" 0 2 1508, C4<0000000000000000000000000000000000000000000000000000000000000000000000000000000000000000000000000000000000000000000000000000000000000000000000000000000000000000000000000000000000000000000000000000000000000000000000000000000000000000000000000000000000000000>;
P_0000000006620100 .param/l "INIT_2" 0 2 1509, C4<0000000000000000000000000000000000000000000000000000000000000000000000000000000000000000000000000000000000000000000000000000000000000000000000000000000000000000000000000000000000000000000000000000000000000000000000000000000000000000000000000000000000000000>;
P_0000000006620138 .param/l "INIT_3" 0 2 1510, C4<0000000000000000000000000000000000000000000000000000000000000000000000000000000000000000000000000000000000000000000000000000000000000000000000000000000000000000000000000000000000000000000000000000000000000000000000000000000000000000000000000000000000000000>;
P_0000000006620170 .param/l "INIT_4" 0 2 1511, C4<0000000000000000000000000000000000000000000000000000000000000000000000000000000000000000000000000000000000000000000000000000000000000000000000000000000000000000000000000000000000000000000000000000000000000000000000000000000000000000000000000000000000000000>;
P_00000000066201a8 .param/l "INIT_5" 0 2 1512, C4<0000000000000000000000000000000000000000000000000000000000000000000000000000000000000000000000000000000000000000000000000000000000000000000000000000000000000000000000000000000000000000000000000000000000000000000000000000000000000000000000000000000000000000>;
P_00000000066201e0 .param/l "INIT_6" 0 2 1513, C4<0000000000000000000000000000000000000000000000000000000000000000000000000000000000000000000000000000000000000000000000000000000000000000000000000000000000000000000000000000000000000000000000000000000000000000000000000000000000000000000000000000000000000000>;
P_0000000006620218 .param/l "INIT_7" 0 2 1514, C4<0000000000000000000000000000000000000000000000000000000000000000000000000000000000000000000000000000000000000000000000000000000000000000000000000000000000000000000000000000000000000000000000000000000000000000000000000000000000000000000000000000000000000000>;
P_0000000006620250 .param/l "INIT_8" 0 2 1515, C4<0000000000000000000000000000000000000000000000000000000000000000000000000000000000000000000000000000000000000000000000000000000000000000000000000000000000000000000000000000000000000000000000000000000000000000000000000000000000000000000000000000000000000000>;
P_0000000006620288 .param/l "INIT_9" 0 2 1516, C4<0000000000000000000000000000000000000000000000000000000000000000000000000000000000000000000000000000000000000000000000000000000000000000000000000000000000000000000000000000000000000000000000000000000000000000000000000000000000000000000000000000000000000000>;
P_00000000066202c0 .param/l "INIT_A" 0 2 1517, C4<0000000000000000000000000000000000000000000000000000000000000000000000000000000000000000000000000000000000000000000000000000000000000000000000000000000000000000000000000000000000000000000000000000000000000000000000000000000000000000000000000000000000000000>;
P_00000000066202f8 .param/l "INIT_B" 0 2 1518, C4<0000000000000000000000000000000000000000000000000000000000000000000000000000000000000000000000000000000000000000000000000000000000000000000000000000000000000000000000000000000000000000000000000000000000000000000000000000000000000000000000000000000000000000>;
P_0000000006620330 .param/l "INIT_C" 0 2 1519, C4<0000000000000000000000000000000000000000000000000000000000000000000000000000000000000000000000000000000000000000000000000000000000000000000000000000000000000000000000000000000000000000000000000000000000000000000000000000000000000000000000000000000000000000>;
P_0000000006620368 .param/l "INIT_D" 0 2 1520, C4<0000000000000000000000000000000000000000000000000000000000000000000000000000000000000000000000000000000000000000000000000000000000000000000000000000000000000000000000000000000000000000000000000000000000000000000000000000000000000000000000000000000000000000>;
P_00000000066203a0 .param/l "INIT_E" 0 2 1521, C4<0000000000000000000000000000000000000000000000000000000000000000000000000000000000000000000000000000000000000000000000000000000000000000000000000000000000000000000000000000000000000000000000000000000000000000000000000000000000000000000000000000000000000000>;
P_00000000066203d8 .param/l "INIT_F" 0 2 1522, C4<0000000000000000000000000000000000000000000000000000000000000000000000000000000000000000000000000000000000000000000000000000000000000000000000000000000000000000000000000000000000000000000000000000000000000000000000000000000000000000000000000000000000000000>;
P_0000000006620410 .param/str "INIT_FILE" 0 2 1524, "\000";
P_0000000006620448 .param/l "READ_MODE" 0 2 1505, +C4<00000000000000000000000000000000>;
P_0000000006620480 .param/l "WRITE_MODE" 0 2 1504, +C4<00000000000000000000000000000000>;
v00000000065e4410_0 .net "MASK", 15 0, L_000000000664f380;  1 drivers
v00000000065e3470_0 .net "RADDR", 10 0, L_000000000664e520;  1 drivers
v00000000065e3e70_0 .net "RCLK", 0 0, L_000000000659d7d0;  1 drivers
v00000000065e3f10_0 .net "RCLKE", 0 0, L_000000000664e0c0;  1 drivers
v00000000065e4a50_0 .net "RDATA", 15 0, v00000000065e3fb0_0;  1 drivers
v00000000065e3fb0_0 .var "RDATA_I", 15 0;
v00000000065e47d0_0 .net "RE", 0 0, L_000000000664ed40;  1 drivers
L_000000000664fae8 .functor BUFT 1, C4<0000000000000000>, C4<0>, C4<0>, C4<0>;
v00000000065e4910_0 .net "RMASK_I", 15 0, L_000000000664fae8;  1 drivers
v00000000065e36f0_0 .net "WADDR", 10 0, L_000000000664d080;  1 drivers
v00000000065e38d0_0 .net "WCLK", 0 0, L_000000000659d4c0;  1 drivers
v00000000065e3510_0 .net "WCLKE", 0 0, L_000000000664d4e0;  1 drivers
v00000000065e3a10_0 .net "WDATA", 15 0, L_00000000066a8bf0;  1 drivers
v00000000065e3bf0_0 .net "WDATA_I", 15 0, L_000000000659c9d0;  1 drivers
v00000000065e3790_0 .net "WE", 0 0, L_000000000664cc20;  1 drivers
v00000000065e4af0_0 .net "WMASK_I", 15 0, L_000000000659d6f0;  1 drivers
v00000000065e3970_0 .var/i "i", 31 0;
v00000000065e4b90 .array "memory", 255 0, 15 0;
E_00000000065aac10 .event posedge, v00000000065e3e70_0;
E_00000000065aa950 .event posedge, v00000000065e38d0_0;
S_00000000065bead0 .scope generate, "genblk1" "genblk1" 2 1534, 2 1534 0, S_00000000065bef80;
 .timescale -12 -12;
L_000000000659d6f0 .functor BUFZ 16, L_000000000664f380, C4<0000000000000000>, C4<0000000000000000>, C4<0000000000000000>;
S_00000000065bf110 .scope generate, "genblk2" "genblk2" 2 1555, 2 1555 0, S_00000000065bef80;
 .timescale -12 -12;
S_00000000065bf8e0 .scope generate, "genblk3" "genblk3" 2 1576, 2 1576 0, S_00000000065bef80;
 .timescale -12 -12;
L_000000000659c9d0 .functor BUFZ 16, L_00000000066a8bf0, C4<0000000000000000>, C4<0000000000000000>, C4<0000000000000000>;
S_00000000065bdb30 .scope generate, "genblk4" "genblk4" 2 1595, 2 1595 0, S_00000000065bef80;
 .timescale -12 -12;
S_00000000065bf430 .scope function.vec4.s1, "pd" "pd" 2 3200, 2 3200 0, S_0000000006485640;
 .timescale -12 -12;
; Variable pd is vec4 return value of scope S_00000000065bf430
v00000000065e3c90_0 .var "x", 0 0;
TD_ICESTORM_RAM.pd ;
    %load/vec4 v00000000065e3c90_0;
    %cmpi/e 0, 1, 1;
    %flag_mov 8, 6;
    %jmp/0 T_0.0, 8;
    %pushi/vec4 0, 0, 1;
    %jmp/1 T_0.1, 8;
T_0.0 ; End of true expr.
    %load/vec4 v00000000065e3c90_0;
    %jmp/0 T_0.1, 8;
 ; End of false expr.
    %blend;
T_0.1;
    %ret/vec4 0, 0, 1;  Assign to pd (store_vec4_to_lval)
    %end;
S_00000000065be490 .scope function.vec4.s1, "pu" "pu" 2 3207, 2 3207 0, S_0000000006485640;
 .timescale -12 -12;
; Variable pu is vec4 return value of scope S_00000000065be490
v00000000065e4050_0 .var "x", 0 0;
TD_ICESTORM_RAM.pu ;
    %load/vec4 v00000000065e4050_0;
    %cmpi/e 0, 1, 1;
    %flag_mov 8, 6;
    %jmp/0 T_1.2, 8;
    %pushi/vec4 1, 0, 1;
    %jmp/1 T_1.3, 8;
T_1.2 ; End of true expr.
    %load/vec4 v00000000065e4050_0;
    %jmp/0 T_1.3, 8;
 ; End of false expr.
    %blend;
T_1.3;
    %ret/vec4 0, 0, 1;  Assign to pu (store_vec4_to_lval)
    %end;
S_00000000064857d0 .scope module, "SB_CARRY" "SB_CARRY" 2 228;
 .timescale -12 -12;
    .port_info 0 /OUTPUT 1 "CO";
    .port_info 1 /INPUT 1 "I0";
    .port_info 2 /INPUT 1 "I1";
    .port_info 3 /INPUT 1 "CI";
o00000000065f39e8 .functor BUFZ 1, C4<z>; HiZ drive
o00000000065f3a18 .functor BUFZ 1, C4<z>; HiZ drive
L_000000000659c260 .functor AND 1, o00000000065f39e8, o00000000065f3a18, C4<1>, C4<1>;
L_000000000659c1f0 .functor OR 1, o00000000065f39e8, o00000000065f3a18, C4<0>, C4<0>;
o00000000065f3988 .functor BUFZ 1, C4<z>; HiZ drive
L_000000000659bd20 .functor AND 1, L_000000000659c1f0, o00000000065f3988, C4<1>, C4<1>;
L_000000000659cf10 .functor OR 1, L_000000000659c260, L_000000000659bd20, C4<0>, C4<0>;
v00000000065e95c0_0 .net "CI", 0 0, o00000000065f3988;  0 drivers
v00000000065e77c0_0 .net "CO", 0 0, L_000000000659cf10;  1 drivers
v00000000065e9660_0 .net "I0", 0 0, o00000000065f39e8;  0 drivers
v00000000065e97a0_0 .net "I1", 0 0, o00000000065f3a18;  0 drivers
v00000000065e7ea0_0 .net *"_ivl_1", 0 0, L_000000000659c260;  1 drivers
v00000000065e9840_0 .net *"_ivl_3", 0 0, L_000000000659c1f0;  1 drivers
v00000000065e98e0_0 .net *"_ivl_5", 0 0, L_000000000659bd20;  1 drivers
S_0000000006343020 .scope module, "SB_DFF" "SB_DFF" 2 265;
 .timescale -12 -12;
    .port_info 0 /OUTPUT 1 "Q";
    .port_info 1 /INPUT 1 "C";
    .port_info 2 /INPUT 1 "D";
o00000000065f3b98 .functor BUFZ 1, C4<z>; HiZ drive
v00000000065e81c0_0 .net "C", 0 0, o00000000065f3b98;  0 drivers
o00000000065f3bc8 .functor BUFZ 1, C4<z>; HiZ drive
v00000000065e7f40_0 .net "D", 0 0, o00000000065f3bc8;  0 drivers
v00000000065e7860_0 .var "Q", 0 0;
E_00000000065aa410 .event posedge, v00000000065e81c0_0;
S_00000000063431b0 .scope module, "SB_DFFE" "SB_DFFE" 2 303;
 .timescale -12 -12;
    .port_info 0 /OUTPUT 1 "Q";
    .port_info 1 /INPUT 1 "C";
    .port_info 2 /INPUT 1 "E";
    .port_info 3 /INPUT 1 "D";
o00000000065f3cb8 .functor BUFZ 1, C4<z>; HiZ drive
v00000000065e7fe0_0 .net "C", 0 0, o00000000065f3cb8;  0 drivers
o00000000065f3ce8 .functor BUFZ 1, C4<z>; HiZ drive
v00000000065e8260_0 .net "D", 0 0, o00000000065f3ce8;  0 drivers
o00000000065f3d18 .functor BUFZ 1, C4<z>; HiZ drive
v00000000065e7900_0 .net "E", 0 0, o00000000065f3d18;  0 drivers
v00000000065e9980_0 .var "Q", 0 0;
E_00000000065aa990 .event posedge, v00000000065e7fe0_0;
S_0000000006343340 .scope module, "SB_DFFER" "SB_DFFER" 2 653;
 .timescale -12 -12;
    .port_info 0 /OUTPUT 1 "Q";
    .port_info 1 /INPUT 1 "C";
    .port_info 2 /INPUT 1 "E";
    .port_info 3 /INPUT 1 "R";
    .port_info 4 /INPUT 1 "D";
o00000000065f3e38 .functor BUFZ 1, C4<z>; HiZ drive
v00000000065e9ac0_0 .net "C", 0 0, o00000000065f3e38;  0 drivers
o00000000065f3e68 .functor BUFZ 1, C4<z>; HiZ drive
v00000000065e8300_0 .net "D", 0 0, o00000000065f3e68;  0 drivers
o00000000065f3e98 .functor BUFZ 1, C4<z>; HiZ drive
v00000000065e9c00_0 .net "E", 0 0, o00000000065f3e98;  0 drivers
v00000000065e7540_0 .var "Q", 0 0;
o00000000065f3ef8 .functor BUFZ 1, C4<z>; HiZ drive
v00000000065e74a0_0 .net "R", 0 0, o00000000065f3ef8;  0 drivers
E_00000000065aa310 .event posedge, v00000000065e74a0_0, v00000000065e9ac0_0;
S_0000000006347930 .scope module, "SB_DFFES" "SB_DFFES" 2 794;
 .timescale -12 -12;
    .port_info 0 /OUTPUT 1 "Q";
    .port_info 1 /INPUT 1 "C";
    .port_info 2 /INPUT 1 "E";
    .port_info 3 /INPUT 1 "S";
    .port_info 4 /INPUT 1 "D";
o00000000065f4018 .functor BUFZ 1, C4<z>; HiZ drive
v00000000065e75e0_0 .net "C", 0 0, o00000000065f4018;  0 drivers
o00000000065f4048 .functor BUFZ 1, C4<z>; HiZ drive
v00000000065e79a0_0 .net "D", 0 0, o00000000065f4048;  0 drivers
o00000000065f4078 .functor BUFZ 1, C4<z>; HiZ drive
v00000000065e7a40_0 .net "E", 0 0, o00000000065f4078;  0 drivers
v00000000065e7ae0_0 .var "Q", 0 0;
o00000000065f40d8 .functor BUFZ 1, C4<z>; HiZ drive
v00000000065e7b80_0 .net "S", 0 0, o00000000065f40d8;  0 drivers
E_00000000065aa9d0 .event posedge, v00000000065e7b80_0, v00000000065e75e0_0;
S_0000000006347ac0 .scope module, "SB_DFFESR" "SB_DFFESR" 2 592;
 .timescale -12 -12;
    .port_info 0 /OUTPUT 1 "Q";
    .port_info 1 /INPUT 1 "C";
    .port_info 2 /INPUT 1 "E";
    .port_info 3 /INPUT 1 "R";
    .port_info 4 /INPUT 1 "D";
o00000000065f41f8 .functor BUFZ 1, C4<z>; HiZ drive
v00000000065e7cc0_0 .net "C", 0 0, o00000000065f41f8;  0 drivers
o00000000065f4228 .functor BUFZ 1, C4<z>; HiZ drive
v0000000006622300_0 .net "D", 0 0, o00000000065f4228;  0 drivers
o00000000065f4258 .functor BUFZ 1, C4<z>; HiZ drive
v0000000006623660_0 .net "E", 0 0, o00000000065f4258;  0 drivers
v0000000006622800_0 .var "Q", 0 0;
o00000000065f42b8 .functor BUFZ 1, C4<z>; HiZ drive
v00000000066217c0_0 .net "R", 0 0, o00000000065f42b8;  0 drivers
E_00000000065aa050 .event posedge, v00000000065e7cc0_0;
S_0000000006347c50 .scope module, "SB_DFFESS" "SB_DFFESS" 2 733;
 .timescale -12 -12;
    .port_info 0 /OUTPUT 1 "Q";
    .port_info 1 /INPUT 1 "C";
    .port_info 2 /INPUT 1 "E";
    .port_info 3 /INPUT 1 "S";
    .port_info 4 /INPUT 1 "D";
o00000000065f43d8 .functor BUFZ 1, C4<z>; HiZ drive
v0000000006621180_0 .net "C", 0 0, o00000000065f43d8;  0 drivers
o00000000065f4408 .functor BUFZ 1, C4<z>; HiZ drive
v0000000006621c20_0 .net "D", 0 0, o00000000065f4408;  0 drivers
o00000000065f4438 .functor BUFZ 1, C4<z>; HiZ drive
v0000000006622d00_0 .net "E", 0 0, o00000000065f4438;  0 drivers
v0000000006622940_0 .var "Q", 0 0;
o00000000065f4498 .functor BUFZ 1, C4<z>; HiZ drive
v00000000066228a0_0 .net "S", 0 0, o00000000065f4498;  0 drivers
E_00000000065aab50 .event posedge, v0000000006621180_0;
S_0000000006351fa0 .scope module, "SB_DFFN" "SB_DFFN" 2 876;
 .timescale -12 -12;
    .port_info 0 /OUTPUT 1 "Q";
    .port_info 1 /INPUT 1 "C";
    .port_info 2 /INPUT 1 "D";
o00000000065f45b8 .functor BUFZ 1, C4<z>; HiZ drive
v0000000006621cc0_0 .net "C", 0 0, o00000000065f45b8;  0 drivers
o00000000065f45e8 .functor BUFZ 1, C4<z>; HiZ drive
v00000000066229e0_0 .net "D", 0 0, o00000000065f45e8;  0 drivers
v0000000006622da0_0 .var "Q", 0 0;
E_00000000065aaa10 .event negedge, v0000000006621cc0_0;
S_0000000006352130 .scope module, "SB_DFFNE" "SB_DFFNE" 2 914;
 .timescale -12 -12;
    .port_info 0 /OUTPUT 1 "Q";
    .port_info 1 /INPUT 1 "C";
    .port_info 2 /INPUT 1 "E";
    .port_info 3 /INPUT 1 "D";
o00000000065f46d8 .functor BUFZ 1, C4<z>; HiZ drive
v0000000006621220_0 .net "C", 0 0, o00000000065f46d8;  0 drivers
o00000000065f4708 .functor BUFZ 1, C4<z>; HiZ drive
v00000000066226c0_0 .net "D", 0 0, o00000000065f4708;  0 drivers
o00000000065f4738 .functor BUFZ 1, C4<z>; HiZ drive
v0000000006621860_0 .net "E", 0 0, o00000000065f4738;  0 drivers
v0000000006622a80_0 .var "Q", 0 0;
E_00000000065a9e90 .event negedge, v0000000006621220_0;
S_00000000063522c0 .scope module, "SB_DFFNER" "SB_DFFNER" 2 1264;
 .timescale -12 -12;
    .port_info 0 /OUTPUT 1 "Q";
    .port_info 1 /INPUT 1 "C";
    .port_info 2 /INPUT 1 "E";
    .port_info 3 /INPUT 1 "R";
    .port_info 4 /INPUT 1 "D";
o00000000065f4858 .functor BUFZ 1, C4<z>; HiZ drive
v0000000006622440_0 .net "C", 0 0, o00000000065f4858;  0 drivers
o00000000065f4888 .functor BUFZ 1, C4<z>; HiZ drive
v0000000006622e40_0 .net "D", 0 0, o00000000065f4888;  0 drivers
o00000000065f48b8 .functor BUFZ 1, C4<z>; HiZ drive
v0000000006621d60_0 .net "E", 0 0, o00000000065f48b8;  0 drivers
v00000000066214a0_0 .var "Q", 0 0;
o00000000065f4918 .functor BUFZ 1, C4<z>; HiZ drive
v0000000006621040_0 .net "R", 0 0, o00000000065f4918;  0 drivers
E_00000000065aa110/0 .event negedge, v0000000006622440_0;
E_00000000065aa110/1 .event posedge, v0000000006621040_0;
E_00000000065aa110 .event/or E_00000000065aa110/0, E_00000000065aa110/1;
S_00000000065b9140 .scope module, "SB_DFFNES" "SB_DFFNES" 2 1405;
 .timescale -12 -12;
    .port_info 0 /OUTPUT 1 "Q";
    .port_info 1 /INPUT 1 "C";
    .port_info 2 /INPUT 1 "E";
    .port_info 3 /INPUT 1 "S";
    .port_info 4 /INPUT 1 "D";
o00000000065f4a38 .functor BUFZ 1, C4<z>; HiZ drive
v0000000006623480_0 .net "C", 0 0, o00000000065f4a38;  0 drivers
o00000000065f4a68 .functor BUFZ 1, C4<z>; HiZ drive
v0000000006623340_0 .net "D", 0 0, o00000000065f4a68;  0 drivers
o00000000065f4a98 .functor BUFZ 1, C4<z>; HiZ drive
v00000000066232a0_0 .net "E", 0 0, o00000000065f4a98;  0 drivers
v0000000006623160_0 .var "Q", 0 0;
o00000000065f4af8 .functor BUFZ 1, C4<z>; HiZ drive
v0000000006621900_0 .net "S", 0 0, o00000000065f4af8;  0 drivers
E_00000000065a9e50/0 .event negedge, v0000000006623480_0;
E_00000000065a9e50/1 .event posedge, v0000000006621900_0;
E_00000000065a9e50 .event/or E_00000000065a9e50/0, E_00000000065a9e50/1;
S_00000000065b92d0 .scope module, "SB_DFFNESR" "SB_DFFNESR" 2 1203;
 .timescale -12 -12;
    .port_info 0 /OUTPUT 1 "Q";
    .port_info 1 /INPUT 1 "C";
    .port_info 2 /INPUT 1 "E";
    .port_info 3 /INPUT 1 "R";
    .port_info 4 /INPUT 1 "D";
o00000000065f4c18 .functor BUFZ 1, C4<z>; HiZ drive
v00000000066233e0_0 .net "C", 0 0, o00000000065f4c18;  0 drivers
o00000000065f4c48 .functor BUFZ 1, C4<z>; HiZ drive
v0000000006621540_0 .net "D", 0 0, o00000000065f4c48;  0 drivers
o00000000065f4c78 .functor BUFZ 1, C4<z>; HiZ drive
v0000000006622b20_0 .net "E", 0 0, o00000000065f4c78;  0 drivers
v00000000066219a0_0 .var "Q", 0 0;
o00000000065f4cd8 .functor BUFZ 1, C4<z>; HiZ drive
v0000000006623520_0 .net "R", 0 0, o00000000065f4cd8;  0 drivers
E_00000000065aa2d0 .event negedge, v00000000066233e0_0;
S_00000000065b8c90 .scope module, "SB_DFFNESS" "SB_DFFNESS" 2 1344;
 .timescale -12 -12;
    .port_info 0 /OUTPUT 1 "Q";
    .port_info 1 /INPUT 1 "C";
    .port_info 2 /INPUT 1 "E";
    .port_info 3 /INPUT 1 "S";
    .port_info 4 /INPUT 1 "D";
o00000000065f4df8 .functor BUFZ 1, C4<z>; HiZ drive
v00000000066223a0_0 .net "C", 0 0, o00000000065f4df8;  0 drivers
o00000000065f4e28 .functor BUFZ 1, C4<z>; HiZ drive
v0000000006621b80_0 .net "D", 0 0, o00000000065f4e28;  0 drivers
o00000000065f4e58 .functor BUFZ 1, C4<z>; HiZ drive
v0000000006622bc0_0 .net "E", 0 0, o00000000065f4e58;  0 drivers
v0000000006622c60_0 .var "Q", 0 0;
o00000000065f4eb8 .functor BUFZ 1, C4<z>; HiZ drive
v0000000006621a40_0 .net "S", 0 0, o00000000065f4eb8;  0 drivers
E_00000000065aaa90 .event negedge, v00000000066223a0_0;
S_00000000065b8fb0 .scope module, "SB_DFFNR" "SB_DFFNR" 2 1011;
 .timescale -12 -12;
    .port_info 0 /OUTPUT 1 "Q";
    .port_info 1 /INPUT 1 "C";
    .port_info 2 /INPUT 1 "R";
    .port_info 3 /INPUT 1 "D";
o00000000065f4fd8 .functor BUFZ 1, C4<z>; HiZ drive
v00000000066224e0_0 .net "C", 0 0, o00000000065f4fd8;  0 drivers
o00000000065f5008 .functor BUFZ 1, C4<z>; HiZ drive
v0000000006622ee0_0 .net "D", 0 0, o00000000065f5008;  0 drivers
v00000000066212c0_0 .var "Q", 0 0;
o00000000065f5068 .functor BUFZ 1, C4<z>; HiZ drive
v00000000066230c0_0 .net "R", 0 0, o00000000065f5068;  0 drivers
E_00000000065aa210/0 .event negedge, v00000000066224e0_0;
E_00000000065aa210/1 .event posedge, v00000000066230c0_0;
E_00000000065aa210 .event/or E_00000000065aa210/0, E_00000000065aa210/1;
S_00000000065b9460 .scope module, "SB_DFFNS" "SB_DFFNS" 2 1132;
 .timescale -12 -12;
    .port_info 0 /OUTPUT 1 "Q";
    .port_info 1 /INPUT 1 "C";
    .port_info 2 /INPUT 1 "S";
    .port_info 3 /INPUT 1 "D";
o00000000065f5158 .functor BUFZ 1, C4<z>; HiZ drive
v0000000006622620_0 .net "C", 0 0, o00000000065f5158;  0 drivers
o00000000065f5188 .functor BUFZ 1, C4<z>; HiZ drive
v0000000006622f80_0 .net "D", 0 0, o00000000065f5188;  0 drivers
v0000000006623020_0 .var "Q", 0 0;
o00000000065f51e8 .functor BUFZ 1, C4<z>; HiZ drive
v0000000006622260_0 .net "S", 0 0, o00000000065f51e8;  0 drivers
E_00000000065aaad0/0 .event negedge, v0000000006622620_0;
E_00000000065aaad0/1 .event posedge, v0000000006622260_0;
E_00000000065aaad0 .event/or E_00000000065aaad0/0, E_00000000065aaad0/1;
S_00000000065b95f0 .scope module, "SB_DFFNSR" "SB_DFFNSR" 2 961;
 .timescale -12 -12;
    .port_info 0 /OUTPUT 1 "Q";
    .port_info 1 /INPUT 1 "C";
    .port_info 2 /INPUT 1 "R";
    .port_info 3 /INPUT 1 "D";
o00000000065f52d8 .functor BUFZ 1, C4<z>; HiZ drive
v0000000006622080_0 .net "C", 0 0, o00000000065f52d8;  0 drivers
o00000000065f5308 .functor BUFZ 1, C4<z>; HiZ drive
v0000000006623200_0 .net "D", 0 0, o00000000065f5308;  0 drivers
v00000000066221c0_0 .var "Q", 0 0;
o00000000065f5368 .functor BUFZ 1, C4<z>; HiZ drive
v00000000066235c0_0 .net "R", 0 0, o00000000065f5368;  0 drivers
E_00000000065aa150 .event negedge, v0000000006622080_0;
S_00000000065b9780 .scope module, "SB_DFFNSS" "SB_DFFNSS" 2 1082;
 .timescale -12 -12;
    .port_info 0 /OUTPUT 1 "Q";
    .port_info 1 /INPUT 1 "C";
    .port_info 2 /INPUT 1 "S";
    .port_info 3 /INPUT 1 "D";
o00000000065f5458 .functor BUFZ 1, C4<z>; HiZ drive
v0000000006623700_0 .net "C", 0 0, o00000000065f5458;  0 drivers
o00000000065f5488 .functor BUFZ 1, C4<z>; HiZ drive
v0000000006622580_0 .net "D", 0 0, o00000000065f5488;  0 drivers
v0000000006621360_0 .var "Q", 0 0;
o00000000065f54e8 .functor BUFZ 1, C4<z>; HiZ drive
v0000000006620fa0_0 .net "S", 0 0, o00000000065f54e8;  0 drivers
E_00000000065aac90 .event negedge, v0000000006623700_0;
S_00000000065b9910 .scope module, "SB_DFFR" "SB_DFFR" 2 400;
 .timescale -12 -12;
    .port_info 0 /OUTPUT 1 "Q";
    .port_info 1 /INPUT 1 "C";
    .port_info 2 /INPUT 1 "R";
    .port_info 3 /INPUT 1 "D";
o00000000065f55d8 .functor BUFZ 1, C4<z>; HiZ drive
v0000000006621ae0_0 .net "C", 0 0, o00000000065f55d8;  0 drivers
o00000000065f5608 .functor BUFZ 1, C4<z>; HiZ drive
v00000000066210e0_0 .net "D", 0 0, o00000000065f5608;  0 drivers
v0000000006622760_0 .var "Q", 0 0;
o00000000065f5668 .functor BUFZ 1, C4<z>; HiZ drive
v0000000006621400_0 .net "R", 0 0, o00000000065f5668;  0 drivers
E_00000000065aa250 .event posedge, v0000000006621400_0, v0000000006621ae0_0;
S_00000000065b8b00 .scope module, "SB_DFFS" "SB_DFFS" 2 521;
 .timescale -12 -12;
    .port_info 0 /OUTPUT 1 "Q";
    .port_info 1 /INPUT 1 "C";
    .port_info 2 /INPUT 1 "S";
    .port_info 3 /INPUT 1 "D";
o00000000065f5758 .functor BUFZ 1, C4<z>; HiZ drive
v00000000066215e0_0 .net "C", 0 0, o00000000065f5758;  0 drivers
o00000000065f5788 .functor BUFZ 1, C4<z>; HiZ drive
v0000000006621680_0 .net "D", 0 0, o00000000065f5788;  0 drivers
v0000000006621720_0 .var "Q", 0 0;
o00000000065f57e8 .functor BUFZ 1, C4<z>; HiZ drive
v0000000006621e00_0 .net "S", 0 0, o00000000065f57e8;  0 drivers
E_00000000065aa350 .event posedge, v0000000006621e00_0, v00000000066215e0_0;
S_00000000065b8e20 .scope module, "SB_DFFSR" "SB_DFFSR" 2 350;
 .timescale -12 -12;
    .port_info 0 /OUTPUT 1 "Q";
    .port_info 1 /INPUT 1 "C";
    .port_info 2 /INPUT 1 "R";
    .port_info 3 /INPUT 1 "D";
o00000000065f58d8 .functor BUFZ 1, C4<z>; HiZ drive
v0000000006621ea0_0 .net "C", 0 0, o00000000065f58d8;  0 drivers
o00000000065f5908 .functor BUFZ 1, C4<z>; HiZ drive
v0000000006621f40_0 .net "D", 0 0, o00000000065f5908;  0 drivers
v0000000006621fe0_0 .var "Q", 0 0;
o00000000065f5968 .functor BUFZ 1, C4<z>; HiZ drive
v0000000006622120_0 .net "R", 0 0, o00000000065f5968;  0 drivers
E_00000000065aa390 .event posedge, v0000000006621ea0_0;
S_00000000065b9e30 .scope module, "SB_DFFSS" "SB_DFFSS" 2 471;
 .timescale -12 -12;
    .port_info 0 /OUTPUT 1 "Q";
    .port_info 1 /INPUT 1 "C";
    .port_info 2 /INPUT 1 "S";
    .port_info 3 /INPUT 1 "D";
o00000000065f5a58 .functor BUFZ 1, C4<z>; HiZ drive
v0000000006624740_0 .net "C", 0 0, o00000000065f5a58;  0 drivers
o00000000065f5a88 .functor BUFZ 1, C4<z>; HiZ drive
v0000000006624240_0 .net "D", 0 0, o00000000065f5a88;  0 drivers
v00000000066242e0_0 .var "Q", 0 0;
o00000000065f5ae8 .functor BUFZ 1, C4<z>; HiZ drive
v0000000006624c40_0 .net "S", 0 0, o00000000065f5ae8;  0 drivers
E_00000000065aacd0 .event posedge, v0000000006624740_0;
S_00000000065bb410 .scope module, "SB_FILTER_50NS" "SB_FILTER_50NS" 2 2856;
 .timescale -12 -12;
    .port_info 0 /INPUT 1 "FILTERIN";
    .port_info 1 /OUTPUT 1 "FILTEROUT";
o00000000065f5bd8 .functor BUFZ 1, C4<z>; HiZ drive
v0000000006623fc0_0 .net "FILTERIN", 0 0, o00000000065f5bd8;  0 drivers
o00000000065f5c08 .functor BUFZ 1, C4<z>; HiZ drive
v00000000066241a0_0 .net "FILTEROUT", 0 0, o00000000065f5c08;  0 drivers
S_00000000065baf60 .scope module, "SB_GB" "SB_GB" 2 162;
 .timescale -12 -12;
    .port_info 0 /INPUT 1 "USER_SIGNAL_TO_GLOBAL_BUFFER";
    .port_info 1 /OUTPUT 1 "GLOBAL_BUFFER_OUTPUT";
o00000000065f5cc8 .functor BUFZ 1, C4<z>; HiZ drive
L_000000000659cc00 .functor BUFZ 1, o00000000065f5cc8, C4<0>, C4<0>, C4<0>;
v0000000006623d40_0 .net "GLOBAL_BUFFER_OUTPUT", 0 0, L_000000000659cc00;  1 drivers
v00000000066249c0_0 .net "USER_SIGNAL_TO_GLOBAL_BUFFER", 0 0, o00000000065f5cc8;  0 drivers
S_00000000065bb5a0 .scope module, "SB_GB_IO" "SB_GB_IO" 2 123;
 .timescale -12 -12;
    .port_info 0 /INOUT 1 "PACKAGE_PIN";
    .port_info 1 /OUTPUT 1 "GLOBAL_BUFFER_OUTPUT";
    .port_info 2 /INPUT 1 "LATCH_INPUT_VALUE";
    .port_info 3 /INPUT 1 "CLOCK_ENABLE";
    .port_info 4 /INPUT 1 "INPUT_CLK";
    .port_info 5 /INPUT 1 "OUTPUT_CLK";
    .port_info 6 /INPUT 1 "OUTPUT_ENABLE";
    .port_info 7 /INPUT 1 "D_OUT_0";
    .port_info 8 /INPUT 1 "D_OUT_1";
    .port_info 9 /OUTPUT 1 "D_IN_0";
    .port_info 10 /OUTPUT 1 "D_IN_1";
P_00000000063eeec0 .param/str "IO_STANDARD" 0 2 139, "SB_LVCMOS";
P_00000000063eeef8 .param/l "NEG_TRIGGER" 0 2 138, C4<0>;
P_00000000063eef30 .param/l "PIN_TYPE" 0 2 136, C4<000000>;
P_00000000063eef68 .param/l "PULLUP" 0 2 137, C4<0>;
o00000000065f5f08 .functor BUFZ 1, C4<z>; HiZ drive
L_000000000659d1b0 .functor BUFZ 1, o00000000065f5f08, C4<0>, C4<0>, C4<0>;
o00000000065f5d58 .functor BUFZ 1, C4<z>; HiZ drive
v0000000006623ca0_0 .net "CLOCK_ENABLE", 0 0, o00000000065f5d58;  0 drivers
v0000000006623de0_0 .net "D_IN_0", 0 0, L_000000000659d370;  1 drivers
v0000000006623f20_0 .net "D_IN_1", 0 0, L_000000000659cf80;  1 drivers
o00000000065f5de8 .functor BUFZ 1, C4<z>; HiZ drive
v0000000006624060_0 .net "D_OUT_0", 0 0, o00000000065f5de8;  0 drivers
o00000000065f5e18 .functor BUFZ 1, C4<z>; HiZ drive
v0000000006626cb0_0 .net "D_OUT_1", 0 0, o00000000065f5e18;  0 drivers
v0000000006625bd0_0 .net "GLOBAL_BUFFER_OUTPUT", 0 0, L_000000000659d1b0;  1 drivers
o00000000065f5e48 .functor BUFZ 1, C4<z>; HiZ drive
v0000000006625d10_0 .net "INPUT_CLK", 0 0, o00000000065f5e48;  0 drivers
o00000000065f5e78 .functor BUFZ 1, C4<z>; HiZ drive
v0000000006625590_0 .net "LATCH_INPUT_VALUE", 0 0, o00000000065f5e78;  0 drivers
o00000000065f5ea8 .functor BUFZ 1, C4<z>; HiZ drive
v0000000006625630_0 .net "OUTPUT_CLK", 0 0, o00000000065f5ea8;  0 drivers
o00000000065f5ed8 .functor BUFZ 1, C4<z>; HiZ drive
v00000000066254f0_0 .net "OUTPUT_ENABLE", 0 0, o00000000065f5ed8;  0 drivers
v0000000006627250_0 .net "PACKAGE_PIN", 0 0, o00000000065f5f08;  0 drivers
S_00000000065bf750 .scope module, "IO" "SB_IO" 2 148, 2 17 0, S_00000000065bb5a0;
 .timescale -12 -12;
    .port_info 0 /INOUT 1 "PACKAGE_PIN";
    .port_info 1 /INPUT 1 "LATCH_INPUT_VALUE";
    .port_info 2 /INPUT 1 "CLOCK_ENABLE";
    .port_info 3 /INPUT 1 "INPUT_CLK";
    .port_info 4 /INPUT 1 "OUTPUT_CLK";
    .port_info 5 /INPUT 1 "OUTPUT_ENABLE";
    .port_info 6 /INPUT 1 "D_OUT_0";
    .port_info 7 /INPUT 1 "D_OUT_1";
    .port_info 8 /OUTPUT 1 "D_IN_0";
    .port_info 9 /OUTPUT 1 "D_IN_1";
P_000000000634bf20 .param/str "IO_STANDARD" 0 2 32, "SB_LVCMOS";
P_000000000634bf58 .param/l "NEG_TRIGGER" 0 2 31, C4<0>;
P_000000000634bf90 .param/l "PIN_TYPE" 0 2 29, C4<000000>;
P_000000000634bfc8 .param/l "PULLUP" 0 2 30, C4<0>;
L_000000000659c7a0 .functor OR 1, o00000000065f5d58, L_00000000066a8010, C4<0>, C4<0>;
L_000000000659d370 .functor BUFZ 1, v0000000006624560_0, C4<0>, C4<0>, C4<0>;
L_000000000659cf80 .functor BUFZ 1, v0000000006624a60_0, C4<0>, C4<0>, C4<0>;
v0000000006623980_0 .net "CLOCK_ENABLE", 0 0, o00000000065f5d58;  alias, 0 drivers
v0000000006623a20_0 .net "D_IN_0", 0 0, L_000000000659d370;  alias, 1 drivers
v0000000006624b00_0 .net "D_IN_1", 0 0, L_000000000659cf80;  alias, 1 drivers
v00000000066238e0_0 .net "D_OUT_0", 0 0, o00000000065f5de8;  alias, 0 drivers
v0000000006624880_0 .net "D_OUT_1", 0 0, o00000000065f5e18;  alias, 0 drivers
v0000000006624100_0 .net "INPUT_CLK", 0 0, o00000000065f5e48;  alias, 0 drivers
v0000000006624380_0 .net "LATCH_INPUT_VALUE", 0 0, o00000000065f5e78;  alias, 0 drivers
v0000000006624600_0 .net "OUTPUT_CLK", 0 0, o00000000065f5ea8;  alias, 0 drivers
v00000000066246a0_0 .net "OUTPUT_ENABLE", 0 0, o00000000065f5ed8;  alias, 0 drivers
v00000000066247e0_0 .net "PACKAGE_PIN", 0 0, o00000000065f5f08;  alias, 0 drivers
o00000000065f5f38 .functor BUFZ 1, C4<z>; HiZ drive
; Elide local net with no drivers, v0000000006624420_0 name=_ivl_0
v00000000066244c0_0 .net *"_ivl_2", 0 0, L_00000000066a8010;  1 drivers
v0000000006624920_0 .net "clken_pulled", 0 0, L_000000000659c7a0;  1 drivers
v0000000006623e80_0 .var "clken_pulled_ri", 0 0;
v0000000006624ce0_0 .var "clken_pulled_ro", 0 0;
v0000000006624560_0 .var "din_0", 0 0;
v0000000006624a60_0 .var "din_1", 0 0;
v0000000006624ba0_0 .var "din_q_0", 0 0;
v0000000006624d80_0 .var "din_q_1", 0 0;
v0000000006623ac0_0 .var "dout", 0 0;
v0000000006624e20_0 .var "dout_q_0", 0 0;
v00000000066237a0_0 .var "dout_q_1", 0 0;
v0000000006623840_0 .var "outclk_delayed_1", 0 0;
v0000000006623b60_0 .var "outclk_delayed_2", 0 0;
v0000000006623c00_0 .var "outena_q", 0 0;
E_00000000065aa450 .event anyedge, v0000000006623b60_0, v0000000006624e20_0, v00000000066237a0_0;
E_00000000065aa190 .event anyedge, v0000000006623840_0;
E_00000000065aa1d0 .event anyedge, v0000000006624600_0;
E_00000000065aa3d0 .event anyedge, v0000000006624ba0_0, v0000000006624d80_0;
L_00000000066a8010 .cmp/eeq 1, o00000000065f5d58, o00000000065f5f38;
S_00000000065bdcc0 .scope generate, "genblk1" "genblk1" 2 45, 2 45 0, S_00000000065bf750;
 .timescale -12 -12;
E_00000000065aa4d0 .event posedge, v0000000006624600_0;
E_00000000065aad10 .event negedge, v0000000006624600_0;
E_00000000065aa510 .event negedge, v0000000006624100_0;
E_00000000065aa550 .event posedge, v0000000006624100_0;
S_00000000065ba600 .scope module, "SB_HFOSC" "SB_HFOSC" 2 2664;
 .timescale -12 -12;
    .port_info 0 /INPUT 1 "TRIM0";
    .port_info 1 /INPUT 1 "TRIM1";
    .port_info 2 /INPUT 1 "TRIM2";
    .port_info 3 /INPUT 1 "TRIM3";
    .port_info 4 /INPUT 1 "TRIM4";
    .port_info 5 /INPUT 1 "TRIM5";
    .port_info 6 /INPUT 1 "TRIM6";
    .port_info 7 /INPUT 1 "TRIM7";
    .port_info 8 /INPUT 1 "TRIM8";
    .port_info 9 /INPUT 1 "TRIM9";
    .port_info 10 /INPUT 1 "CLKHFPU";
    .port_info 11 /INPUT 1 "CLKHFEN";
    .port_info 12 /OUTPUT 1 "CLKHF";
P_000000000648e5c0 .param/str "CLKHF_DIV" 0 2 2680, "0b00";
P_000000000648e5f8 .param/str "TRIM_EN" 0 2 2679, "0b0";
o00000000065f6628 .functor BUFZ 1, C4<z>; HiZ drive
v0000000006626a30_0 .net "CLKHF", 0 0, o00000000065f6628;  0 drivers
o00000000065f6658 .functor BUFZ 1, C4<z>; HiZ drive
v0000000006627570_0 .net "CLKHFEN", 0 0, o00000000065f6658;  0 drivers
o00000000065f6688 .functor BUFZ 1, C4<z>; HiZ drive
v0000000006625770_0 .net "CLKHFPU", 0 0, o00000000065f6688;  0 drivers
o00000000065f66b8 .functor BUFZ 1, C4<z>; HiZ drive
v0000000006625b30_0 .net "TRIM0", 0 0, o00000000065f66b8;  0 drivers
o00000000065f66e8 .functor BUFZ 1, C4<z>; HiZ drive
v0000000006625f90_0 .net "TRIM1", 0 0, o00000000065f66e8;  0 drivers
o00000000065f6718 .functor BUFZ 1, C4<z>; HiZ drive
v0000000006626c10_0 .net "TRIM2", 0 0, o00000000065f6718;  0 drivers
o00000000065f6748 .functor BUFZ 1, C4<z>; HiZ drive
v0000000006626710_0 .net "TRIM3", 0 0, o00000000065f6748;  0 drivers
o00000000065f6778 .functor BUFZ 1, C4<z>; HiZ drive
v0000000006626b70_0 .net "TRIM4", 0 0, o00000000065f6778;  0 drivers
o00000000065f67a8 .functor BUFZ 1, C4<z>; HiZ drive
v0000000006626030_0 .net "TRIM5", 0 0, o00000000065f67a8;  0 drivers
o00000000065f67d8 .functor BUFZ 1, C4<z>; HiZ drive
v00000000066258b0_0 .net "TRIM6", 0 0, o00000000065f67d8;  0 drivers
o00000000065f6808 .functor BUFZ 1, C4<z>; HiZ drive
v0000000006627390_0 .net "TRIM7", 0 0, o00000000065f6808;  0 drivers
o00000000065f6838 .functor BUFZ 1, C4<z>; HiZ drive
v00000000066256d0_0 .net "TRIM8", 0 0, o00000000065f6838;  0 drivers
o00000000065f6868 .functor BUFZ 1, C4<z>; HiZ drive
v0000000006626350_0 .net "TRIM9", 0 0, o00000000065f6868;  0 drivers
S_00000000065bb730 .scope module, "SB_I2C" "SB_I2C" 2 2733;
 .timescale -12 -12;
    .port_info 0 /INPUT 1 "SBCLKI";
    .port_info 1 /INPUT 1 "SBRWI";
    .port_info 2 /INPUT 1 "SBSTBI";
    .port_info 3 /INPUT 1 "SBADRI7";
    .port_info 4 /INPUT 1 "SBADRI6";
    .port_info 5 /INPUT 1 "SBADRI5";
    .port_info 6 /INPUT 1 "SBADRI4";
    .port_info 7 /INPUT 1 "SBADRI3";
    .port_info 8 /INPUT 1 "SBADRI2";
    .port_info 9 /INPUT 1 "SBADRI1";
    .port_info 10 /INPUT 1 "SBADRI0";
    .port_info 11 /INPUT 1 "SBDATI7";
    .port_info 12 /INPUT 1 "SBDATI6";
    .port_info 13 /INPUT 1 "SBDATI5";
    .port_info 14 /INPUT 1 "SBDATI4";
    .port_info 15 /INPUT 1 "SBDATI3";
    .port_info 16 /INPUT 1 "SBDATI2";
    .port_info 17 /INPUT 1 "SBDATI1";
    .port_info 18 /INPUT 1 "SBDATI0";
    .port_info 19 /INPUT 1 "SCLI";
    .port_info 20 /INPUT 1 "SDAI";
    .port_info 21 /OUTPUT 1 "SBDATO7";
    .port_info 22 /OUTPUT 1 "SBDATO6";
    .port_info 23 /OUTPUT 1 "SBDATO5";
    .port_info 24 /OUTPUT 1 "SBDATO4";
    .port_info 25 /OUTPUT 1 "SBDATO3";
    .port_info 26 /OUTPUT 1 "SBDATO2";
    .port_info 27 /OUTPUT 1 "SBDATO1";
    .port_info 28 /OUTPUT 1 "SBDATO0";
    .port_info 29 /OUTPUT 1 "SBACKO";
    .port_info 30 /OUTPUT 1 "I2CIRQ";
    .port_info 31 /OUTPUT 1 "I2CWKUP";
    .port_info 32 /OUTPUT 1 "SCLO";
    .port_info 33 /OUTPUT 1 "SCLOE";
    .port_info 34 /OUTPUT 1 "SDAO";
    .port_info 35 /OUTPUT 1 "SDAOE";
P_000000000648d5c0 .param/str "BUS_ADDR74" 0 2 2772, "0b0001";
P_000000000648d5f8 .param/str "I2C_SLAVE_INIT_ADDR" 0 2 2771, "0b1111100001";
o00000000065f6b08 .functor BUFZ 1, C4<z>; HiZ drive
v0000000006626d50_0 .net "I2CIRQ", 0 0, o00000000065f6b08;  0 drivers
o00000000065f6b38 .functor BUFZ 1, C4<z>; HiZ drive
v0000000006627070_0 .net "I2CWKUP", 0 0, o00000000065f6b38;  0 drivers
o00000000065f6b68 .functor BUFZ 1, C4<z>; HiZ drive
v00000000066274d0_0 .net "SBACKO", 0 0, o00000000065f6b68;  0 drivers
o00000000065f6b98 .functor BUFZ 1, C4<z>; HiZ drive
v0000000006627610_0 .net "SBADRI0", 0 0, o00000000065f6b98;  0 drivers
o00000000065f6bc8 .functor BUFZ 1, C4<z>; HiZ drive
v0000000006626df0_0 .net "SBADRI1", 0 0, o00000000065f6bc8;  0 drivers
o00000000065f6bf8 .functor BUFZ 1, C4<z>; HiZ drive
v00000000066260d0_0 .net "SBADRI2", 0 0, o00000000065f6bf8;  0 drivers
o00000000065f6c28 .functor BUFZ 1, C4<z>; HiZ drive
v0000000006627750_0 .net "SBADRI3", 0 0, o00000000065f6c28;  0 drivers
o00000000065f6c58 .functor BUFZ 1, C4<z>; HiZ drive
v00000000066265d0_0 .net "SBADRI4", 0 0, o00000000065f6c58;  0 drivers
o00000000065f6c88 .functor BUFZ 1, C4<z>; HiZ drive
v00000000066271b0_0 .net "SBADRI5", 0 0, o00000000065f6c88;  0 drivers
o00000000065f6cb8 .functor BUFZ 1, C4<z>; HiZ drive
v0000000006626e90_0 .net "SBADRI6", 0 0, o00000000065f6cb8;  0 drivers
o00000000065f6ce8 .functor BUFZ 1, C4<z>; HiZ drive
v0000000006626670_0 .net "SBADRI7", 0 0, o00000000065f6ce8;  0 drivers
o00000000065f6d18 .functor BUFZ 1, C4<z>; HiZ drive
v0000000006625810_0 .net "SBCLKI", 0 0, o00000000065f6d18;  0 drivers
o00000000065f6d48 .functor BUFZ 1, C4<z>; HiZ drive
v0000000006626850_0 .net "SBDATI0", 0 0, o00000000065f6d48;  0 drivers
o00000000065f6d78 .functor BUFZ 1, C4<z>; HiZ drive
v0000000006626f30_0 .net "SBDATI1", 0 0, o00000000065f6d78;  0 drivers
o00000000065f6da8 .functor BUFZ 1, C4<z>; HiZ drive
v0000000006626ad0_0 .net "SBDATI2", 0 0, o00000000065f6da8;  0 drivers
o00000000065f6dd8 .functor BUFZ 1, C4<z>; HiZ drive
v00000000066267b0_0 .net "SBDATI3", 0 0, o00000000065f6dd8;  0 drivers
o00000000065f6e08 .functor BUFZ 1, C4<z>; HiZ drive
v00000000066276b0_0 .net "SBDATI4", 0 0, o00000000065f6e08;  0 drivers
o00000000065f6e38 .functor BUFZ 1, C4<z>; HiZ drive
v0000000006626fd0_0 .net "SBDATI5", 0 0, o00000000065f6e38;  0 drivers
o00000000065f6e68 .functor BUFZ 1, C4<z>; HiZ drive
v0000000006626170_0 .net "SBDATI6", 0 0, o00000000065f6e68;  0 drivers
o00000000065f6e98 .functor BUFZ 1, C4<z>; HiZ drive
v00000000066268f0_0 .net "SBDATI7", 0 0, o00000000065f6e98;  0 drivers
o00000000065f6ec8 .functor BUFZ 1, C4<z>; HiZ drive
v0000000006625db0_0 .net "SBDATO0", 0 0, o00000000065f6ec8;  0 drivers
o00000000065f6ef8 .functor BUFZ 1, C4<z>; HiZ drive
v0000000006625ef0_0 .net "SBDATO1", 0 0, o00000000065f6ef8;  0 drivers
o00000000065f6f28 .functor BUFZ 1, C4<z>; HiZ drive
v0000000006626530_0 .net "SBDATO2", 0 0, o00000000065f6f28;  0 drivers
o00000000065f6f58 .functor BUFZ 1, C4<z>; HiZ drive
v0000000006627110_0 .net "SBDATO3", 0 0, o00000000065f6f58;  0 drivers
o00000000065f6f88 .functor BUFZ 1, C4<z>; HiZ drive
v00000000066272f0_0 .net "SBDATO4", 0 0, o00000000065f6f88;  0 drivers
o00000000065f6fb8 .functor BUFZ 1, C4<z>; HiZ drive
v00000000066262b0_0 .net "SBDATO5", 0 0, o00000000065f6fb8;  0 drivers
o00000000065f6fe8 .functor BUFZ 1, C4<z>; HiZ drive
v0000000006626490_0 .net "SBDATO6", 0 0, o00000000065f6fe8;  0 drivers
o00000000065f7018 .functor BUFZ 1, C4<z>; HiZ drive
v00000000066277f0_0 .net "SBDATO7", 0 0, o00000000065f7018;  0 drivers
o00000000065f7048 .functor BUFZ 1, C4<z>; HiZ drive
v0000000006627430_0 .net "SBRWI", 0 0, o00000000065f7048;  0 drivers
o00000000065f7078 .functor BUFZ 1, C4<z>; HiZ drive
v0000000006626990_0 .net "SBSTBI", 0 0, o00000000065f7078;  0 drivers
o00000000065f70a8 .functor BUFZ 1, C4<z>; HiZ drive
v0000000006625c70_0 .net "SCLI", 0 0, o00000000065f70a8;  0 drivers
o00000000065f70d8 .functor BUFZ 1, C4<z>; HiZ drive
v0000000006627890_0 .net "SCLO", 0 0, o00000000065f70d8;  0 drivers
o00000000065f7108 .functor BUFZ 1, C4<z>; HiZ drive
v0000000006627930_0 .net "SCLOE", 0 0, o00000000065f7108;  0 drivers
o00000000065f7138 .functor BUFZ 1, C4<z>; HiZ drive
v00000000066279d0_0 .net "SDAI", 0 0, o00000000065f7138;  0 drivers
o00000000065f7168 .functor BUFZ 1, C4<z>; HiZ drive
v0000000006625950_0 .net "SDAO", 0 0, o00000000065f7168;  0 drivers
o00000000065f7198 .functor BUFZ 1, C4<z>; HiZ drive
v0000000006627a70_0 .net "SDAOE", 0 0, o00000000065f7198;  0 drivers
S_00000000065b9b10 .scope module, "SB_IO_I3C" "SB_IO_I3C" 2 2862;
 .timescale -12 -12;
    .port_info 0 /INOUT 1 "PACKAGE_PIN";
    .port_info 1 /INPUT 1 "LATCH_INPUT_VALUE";
    .port_info 2 /INPUT 1 "CLOCK_ENABLE";
    .port_info 3 /INPUT 1 "INPUT_CLK";
    .port_info 4 /INPUT 1 "OUTPUT_CLK";
    .port_info 5 /INPUT 1 "OUTPUT_ENABLE";
    .port_info 6 /INPUT 1 "D_OUT_0";
    .port_info 7 /INPUT 1 "D_OUT_1";
    .port_info 8 /OUTPUT 1 "D_IN_0";
    .port_info 9 /OUTPUT 1 "D_IN_1";
    .port_info 10 /INPUT 1 "PU_ENB";
    .port_info 11 /INPUT 1 "WEAK_PU_ENB";
P_00000000063502b0 .param/str "IO_STANDARD" 0 2 2880, "SB_LVCMOS";
P_00000000063502e8 .param/l "NEG_TRIGGER" 0 2 2879, C4<0>;
P_0000000006350320 .param/l "PIN_TYPE" 0 2 2876, C4<000000>;
P_0000000006350358 .param/l "PULLUP" 0 2 2877, C4<0>;
P_0000000006350390 .param/l "WEAK_PULLUP" 0 2 2878, C4<0>;
L_000000000659bd90 .functor BUFZ 1, v0000000006629050_0, C4<0>, C4<0>, C4<0>;
L_000000000659be00 .functor BUFZ 1, v00000000066280b0_0, C4<0>, C4<0>, C4<0>;
o00000000065f7888 .functor BUFZ 1, C4<z>; HiZ drive
v0000000006627b10_0 .net "CLOCK_ENABLE", 0 0, o00000000065f7888;  0 drivers
v0000000006625e50_0 .net "D_IN_0", 0 0, L_000000000659bd90;  1 drivers
v0000000006626210_0 .net "D_IN_1", 0 0, L_000000000659be00;  1 drivers
o00000000065f7918 .functor BUFZ 1, C4<z>; HiZ drive
v00000000066253b0_0 .net "D_OUT_0", 0 0, o00000000065f7918;  0 drivers
o00000000065f7948 .functor BUFZ 1, C4<z>; HiZ drive
v0000000006625450_0 .net "D_OUT_1", 0 0, o00000000065f7948;  0 drivers
o00000000065f7978 .functor BUFZ 1, C4<z>; HiZ drive
v00000000066263f0_0 .net "INPUT_CLK", 0 0, o00000000065f7978;  0 drivers
o00000000065f79a8 .functor BUFZ 1, C4<z>; HiZ drive
v00000000066259f0_0 .net "LATCH_INPUT_VALUE", 0 0, o00000000065f79a8;  0 drivers
o00000000065f79d8 .functor BUFZ 1, C4<z>; HiZ drive
v0000000006625a90_0 .net "OUTPUT_CLK", 0 0, o00000000065f79d8;  0 drivers
o00000000065f7a08 .functor BUFZ 1, C4<z>; HiZ drive
v0000000006628b50_0 .net "OUTPUT_ENABLE", 0 0, o00000000065f7a08;  0 drivers
o00000000065f7a38 .functor BUFZ 1, C4<z>; HiZ drive
v0000000006628650_0 .net "PACKAGE_PIN", 0 0, o00000000065f7a38;  0 drivers
o00000000065f7a68 .functor BUFZ 1, C4<z>; HiZ drive
v0000000006628510_0 .net "PU_ENB", 0 0, o00000000065f7a68;  0 drivers
o00000000065f7a98 .functor BUFZ 1, C4<z>; HiZ drive
v00000000066286f0_0 .net "WEAK_PU_ENB", 0 0, o00000000065f7a98;  0 drivers
v0000000006629050_0 .var "din_0", 0 0;
v00000000066280b0_0 .var "din_1", 0 0;
v00000000066285b0_0 .var "din_q_0", 0 0;
v0000000006629230_0 .var "din_q_1", 0 0;
v0000000006628790_0 .var "dout", 0 0;
v0000000006628e70_0 .var "dout_q_0", 0 0;
v00000000066281f0_0 .var "dout_q_1", 0 0;
v0000000006628150_0 .var "outclk_delayed_1", 0 0;
v00000000066290f0_0 .var "outclk_delayed_2", 0 0;
v0000000006628dd0_0 .var "outena_q", 0 0;
E_00000000065a9d50 .event anyedge, v00000000066290f0_0, v0000000006628e70_0, v00000000066281f0_0;
E_00000000065ab510 .event anyedge, v0000000006628150_0;
E_00000000065ab210 .event anyedge, v0000000006625a90_0;
E_00000000065ab850 .event anyedge, v00000000066285b0_0, v0000000006629230_0;
S_00000000065bde50 .scope generate, "genblk1" "genblk1" 2 2888, 2 2888 0, S_00000000065b9b10;
 .timescale -12 -12;
E_00000000065aaed0 .event posedge, v0000000006625a90_0;
E_00000000065ab010 .event negedge, v0000000006625a90_0;
E_00000000065ab1d0 .event negedge, v00000000066263f0_0;
E_00000000065ab8d0 .event posedge, v00000000066263f0_0;
S_00000000065bb280 .scope module, "SB_IO_OD" "SB_IO_OD" 2 2931;
 .timescale -12 -12;
    .port_info 0 /INOUT 1 "PACKAGEPIN";
    .port_info 1 /INPUT 1 "LATCHINPUTVALUE";
    .port_info 2 /INPUT 1 "CLOCKENABLE";
    .port_info 3 /INPUT 1 "INPUTCLK";
    .port_info 4 /INPUT 1 "OUTPUTCLK";
    .port_info 5 /INPUT 1 "OUTPUTENABLE";
    .port_info 6 /INPUT 1 "DOUT1";
    .port_info 7 /INPUT 1 "DOUT0";
    .port_info 8 /OUTPUT 1 "DIN1";
    .port_info 9 /OUTPUT 1 "DIN0";
P_000000000648d940 .param/l "NEG_TRIGGER" 0 2 2944, C4<0>;
P_000000000648d978 .param/l "PIN_TYPE" 0 2 2943, C4<000000>;
L_000000000659bee0 .functor BUFZ 1, v0000000006628f10_0, C4<0>, C4<0>, C4<0>;
L_000000000659c3b0 .functor BUFZ 1, v0000000006628470_0, C4<0>, C4<0>, C4<0>;
o00000000065f7ee8 .functor BUFZ 1, C4<z>; HiZ drive
v0000000006629190_0 .net "CLOCKENABLE", 0 0, o00000000065f7ee8;  0 drivers
v0000000006628830_0 .net "DIN0", 0 0, L_000000000659bee0;  1 drivers
v00000000066288d0_0 .net "DIN1", 0 0, L_000000000659c3b0;  1 drivers
o00000000065f7f78 .functor BUFZ 1, C4<z>; HiZ drive
v0000000006628c90_0 .net "DOUT0", 0 0, o00000000065f7f78;  0 drivers
o00000000065f7fa8 .functor BUFZ 1, C4<z>; HiZ drive
v0000000006628bf0_0 .net "DOUT1", 0 0, o00000000065f7fa8;  0 drivers
o00000000065f7fd8 .functor BUFZ 1, C4<z>; HiZ drive
v0000000006628290_0 .net "INPUTCLK", 0 0, o00000000065f7fd8;  0 drivers
o00000000065f8008 .functor BUFZ 1, C4<z>; HiZ drive
v0000000006628330_0 .net "LATCHINPUTVALUE", 0 0, o00000000065f8008;  0 drivers
o00000000065f8038 .functor BUFZ 1, C4<z>; HiZ drive
v0000000006628970_0 .net "OUTPUTCLK", 0 0, o00000000065f8038;  0 drivers
o00000000065f8068 .functor BUFZ 1, C4<z>; HiZ drive
v0000000006628d30_0 .net "OUTPUTENABLE", 0 0, o00000000065f8068;  0 drivers
o00000000065f8098 .functor BUFZ 1, C4<z>; HiZ drive
v00000000066283d0_0 .net "PACKAGEPIN", 0 0, o00000000065f8098;  0 drivers
v0000000006628f10_0 .var "din_0", 0 0;
v0000000006628470_0 .var "din_1", 0 0;
v0000000006628a10_0 .var "din_q_0", 0 0;
v0000000006628fb0_0 .var "din_q_1", 0 0;
v0000000006628010_0 .var "dout", 0 0;
v0000000006628ab0_0 .var "dout_q_0", 0 0;
v0000000006627c50_0 .var "dout_q_1", 0 0;
v0000000006627bb0_0 .var "outclk_delayed_1", 0 0;
v0000000006627d90_0 .var "outclk_delayed_2", 0 0;
v0000000006627cf0_0 .var "outena_q", 0 0;
E_00000000065ab550 .event anyedge, v0000000006627d90_0, v0000000006628ab0_0, v0000000006627c50_0;
E_00000000065ab250 .event anyedge, v0000000006627bb0_0;
E_00000000065ab410 .event anyedge, v0000000006628970_0;
E_00000000065aad90 .event anyedge, v0000000006628a10_0, v0000000006628fb0_0;
S_00000000065be620 .scope generate, "genblk1" "genblk1" 2 2952, 2 2952 0, S_00000000065bb280;
 .timescale -12 -12;
E_00000000065ab950 .event posedge, v0000000006628970_0;
E_00000000065ab7d0 .event negedge, v0000000006628970_0;
E_00000000065ab050 .event negedge, v0000000006628290_0;
E_00000000065ab590 .event posedge, v0000000006628290_0;
S_00000000065badd0 .scope module, "SB_LEDDA_IP" "SB_LEDDA_IP" 2 2830;
 .timescale -12 -12;
    .port_info 0 /INPUT 1 "LEDDCS";
    .port_info 1 /INPUT 1 "LEDDCLK";
    .port_info 2 /INPUT 1 "LEDDDAT7";
    .port_info 3 /INPUT 1 "LEDDDAT6";
    .port_info 4 /INPUT 1 "LEDDDAT5";
    .port_info 5 /INPUT 1 "LEDDDAT4";
    .port_info 6 /INPUT 1 "LEDDDAT3";
    .port_info 7 /INPUT 1 "LEDDDAT2";
    .port_info 8 /INPUT 1 "LEDDDAT1";
    .port_info 9 /INPUT 1 "LEDDDAT0";
    .port_info 10 /INPUT 1 "LEDDADDR3";
    .port_info 11 /INPUT 1 "LEDDADDR2";
    .port_info 12 /INPUT 1 "LEDDADDR1";
    .port_info 13 /INPUT 1 "LEDDADDR0";
    .port_info 14 /INPUT 1 "LEDDDEN";
    .port_info 15 /INPUT 1 "LEDDEXE";
    .port_info 16 /INPUT 1 "LEDDRST";
    .port_info 17 /OUTPUT 1 "PWMOUT0";
    .port_info 18 /OUTPUT 1 "PWMOUT1";
    .port_info 19 /OUTPUT 1 "PWMOUT2";
    .port_info 20 /OUTPUT 1 "LEDDON";
o00000000065f8488 .functor BUFZ 1, C4<z>; HiZ drive
v0000000006627e30_0 .net "LEDDADDR0", 0 0, o00000000065f8488;  0 drivers
o00000000065f84b8 .functor BUFZ 1, C4<z>; HiZ drive
v0000000006627ed0_0 .net "LEDDADDR1", 0 0, o00000000065f84b8;  0 drivers
o00000000065f84e8 .functor BUFZ 1, C4<z>; HiZ drive
v0000000006627f70_0 .net "LEDDADDR2", 0 0, o00000000065f84e8;  0 drivers
o00000000065f8518 .functor BUFZ 1, C4<z>; HiZ drive
v000000000662a720_0 .net "LEDDADDR3", 0 0, o00000000065f8518;  0 drivers
o00000000065f8548 .functor BUFZ 1, C4<z>; HiZ drive
v000000000662afe0_0 .net "LEDDCLK", 0 0, o00000000065f8548;  0 drivers
o00000000065f8578 .functor BUFZ 1, C4<z>; HiZ drive
v000000000662a7c0_0 .net "LEDDCS", 0 0, o00000000065f8578;  0 drivers
o00000000065f85a8 .functor BUFZ 1, C4<z>; HiZ drive
v000000000662b800_0 .net "LEDDDAT0", 0 0, o00000000065f85a8;  0 drivers
o00000000065f85d8 .functor BUFZ 1, C4<z>; HiZ drive
v000000000662acc0_0 .net "LEDDDAT1", 0 0, o00000000065f85d8;  0 drivers
o00000000065f8608 .functor BUFZ 1, C4<z>; HiZ drive
v000000000662a4a0_0 .net "LEDDDAT2", 0 0, o00000000065f8608;  0 drivers
o00000000065f8638 .functor BUFZ 1, C4<z>; HiZ drive
v000000000662b940_0 .net "LEDDDAT3", 0 0, o00000000065f8638;  0 drivers
o00000000065f8668 .functor BUFZ 1, C4<z>; HiZ drive
v000000000662aae0_0 .net "LEDDDAT4", 0 0, o00000000065f8668;  0 drivers
o00000000065f8698 .functor BUFZ 1, C4<z>; HiZ drive
v0000000006629be0_0 .net "LEDDDAT5", 0 0, o00000000065f8698;  0 drivers
o00000000065f86c8 .functor BUFZ 1, C4<z>; HiZ drive
v0000000006629aa0_0 .net "LEDDDAT6", 0 0, o00000000065f86c8;  0 drivers
o00000000065f86f8 .functor BUFZ 1, C4<z>; HiZ drive
v0000000006629fa0_0 .net "LEDDDAT7", 0 0, o00000000065f86f8;  0 drivers
o00000000065f8728 .functor BUFZ 1, C4<z>; HiZ drive
v000000000662a0e0_0 .net "LEDDDEN", 0 0, o00000000065f8728;  0 drivers
o00000000065f8758 .functor BUFZ 1, C4<z>; HiZ drive
v000000000662ad60_0 .net "LEDDEXE", 0 0, o00000000065f8758;  0 drivers
o00000000065f8788 .functor BUFZ 1, C4<z>; HiZ drive
v000000000662af40_0 .net "LEDDON", 0 0, o00000000065f8788;  0 drivers
o00000000065f87b8 .functor BUFZ 1, C4<z>; HiZ drive
v0000000006629780_0 .net "LEDDRST", 0 0, o00000000065f87b8;  0 drivers
o00000000065f87e8 .functor BUFZ 1, C4<z>; HiZ drive
v0000000006629f00_0 .net "PWMOUT0", 0 0, o00000000065f87e8;  0 drivers
o00000000065f8818 .functor BUFZ 1, C4<z>; HiZ drive
v000000000662bb20_0 .net "PWMOUT1", 0 0, o00000000065f8818;  0 drivers
o00000000065f8848 .functor BUFZ 1, C4<z>; HiZ drive
v000000000662a040_0 .net "PWMOUT2", 0 0, o00000000065f8848;  0 drivers
S_00000000065baab0 .scope module, "SB_LED_DRV_CUR" "SB_LED_DRV_CUR" 2 2709;
 .timescale -12 -12;
    .port_info 0 /INPUT 1 "EN";
    .port_info 1 /OUTPUT 1 "LEDPU";
o00000000065f8c68 .functor BUFZ 1, C4<z>; HiZ drive
v000000000662aa40_0 .net "EN", 0 0, o00000000065f8c68;  0 drivers
o00000000065f8c98 .functor BUFZ 1, C4<z>; HiZ drive
v000000000662b080_0 .net "LEDPU", 0 0, o00000000065f8c98;  0 drivers
S_00000000065bb8c0 .scope module, "SB_LFOSC" "SB_LFOSC" 2 2684;
 .timescale -12 -12;
    .port_info 0 /INPUT 1 "CLKLFPU";
    .port_info 1 /INPUT 1 "CLKLFEN";
    .port_info 2 /OUTPUT 1 "CLKLF";
o00000000065f8d28 .functor BUFZ 1, C4<z>; HiZ drive
v000000000662a680_0 .net "CLKLF", 0 0, o00000000065f8d28;  0 drivers
o00000000065f8d58 .functor BUFZ 1, C4<z>; HiZ drive
v0000000006629500_0 .net "CLKLFEN", 0 0, o00000000065f8d58;  0 drivers
o00000000065f8d88 .functor BUFZ 1, C4<z>; HiZ drive
v000000000662a400_0 .net "CLKLFPU", 0 0, o00000000065f8d88;  0 drivers
S_00000000065b9fc0 .scope module, "SB_LUT4" "SB_LUT4" 2 177;
 .timescale -12 -12;
    .port_info 0 /OUTPUT 1 "O";
    .port_info 1 /INPUT 1 "I0";
    .port_info 2 /INPUT 1 "I1";
    .port_info 3 /INPUT 1 "I2";
    .port_info 4 /INPUT 1 "I3";
P_00000000065aac50 .param/l "LUT_INIT" 0 2 184, C4<0000000000000000>;
o00000000065f8e48 .functor BUFZ 1, C4<z>; HiZ drive
v000000000662b440_0 .net "I0", 0 0, o00000000065f8e48;  0 drivers
o00000000065f8e78 .functor BUFZ 1, C4<z>; HiZ drive
v000000000662a5e0_0 .net "I1", 0 0, o00000000065f8e78;  0 drivers
o00000000065f8ea8 .functor BUFZ 1, C4<z>; HiZ drive
v000000000662b8a0_0 .net "I2", 0 0, o00000000065f8ea8;  0 drivers
o00000000065f8ed8 .functor BUFZ 1, C4<z>; HiZ drive
v000000000662ab80_0 .net "I3", 0 0, o00000000065f8ed8;  0 drivers
v0000000006629460_0 .net "O", 0 0, L_00000000066a80b0;  1 drivers
L_000000000664fbc0 .functor BUFT 1, C4<00000000>, C4<0>, C4<0>, C4<0>;
v000000000662a900_0 .net/2u *"_ivl_0", 7 0, L_000000000664fbc0;  1 drivers
v0000000006629b40_0 .net *"_ivl_13", 1 0, L_00000000066a79d0;  1 drivers
v000000000662a220_0 .net *"_ivl_15", 1 0, L_00000000066a9370;  1 drivers
v000000000662a860_0 .net *"_ivl_19", 0 0, L_00000000066a7cf0;  1 drivers
L_000000000664fc08 .functor BUFT 1, C4<00000000>, C4<0>, C4<0>, C4<0>;
v00000000066295a0_0 .net/2u *"_ivl_2", 7 0, L_000000000664fc08;  1 drivers
v000000000662b120_0 .net *"_ivl_21", 0 0, L_00000000066a7a70;  1 drivers
v000000000662ba80_0 .net *"_ivl_7", 3 0, L_00000000066a9ff0;  1 drivers
v000000000662aea0_0 .net *"_ivl_9", 3 0, L_00000000066a7c50;  1 drivers
v000000000662b9e0_0 .net "s1", 1 0, L_00000000066a9eb0;  1 drivers
v000000000662b3a0_0 .net "s2", 3 0, L_00000000066a9550;  1 drivers
v000000000662a9a0_0 .net "s3", 7 0, L_00000000066a7930;  1 drivers
L_00000000066a7930 .functor MUXZ 8, L_000000000664fc08, L_000000000664fbc0, o00000000065f8ed8, C4<>;
L_00000000066a9ff0 .part L_00000000066a7930, 4, 4;
L_00000000066a7c50 .part L_00000000066a7930, 0, 4;
L_00000000066a9550 .functor MUXZ 4, L_00000000066a7c50, L_00000000066a9ff0, o00000000065f8ea8, C4<>;
L_00000000066a79d0 .part L_00000000066a9550, 2, 2;
L_00000000066a9370 .part L_00000000066a9550, 0, 2;
L_00000000066a9eb0 .functor MUXZ 2, L_00000000066a9370, L_00000000066a79d0, o00000000065f8e78, C4<>;
L_00000000066a7cf0 .part L_00000000066a9eb0, 1, 1;
L_00000000066a7a70 .part L_00000000066a9eb0, 0, 1;
L_00000000066a80b0 .functor MUXZ 1, L_00000000066a7a70, L_00000000066a7cf0, o00000000065f8e48, C4<>;
S_00000000065bb0f0 .scope module, "SB_MAC16" "SB_MAC16" 2 2996;
 .timescale -12 -12;
    .port_info 0 /INPUT 1 "CLK";
    .port_info 1 /INPUT 1 "CE";
    .port_info 2 /INPUT 16 "C";
    .port_info 3 /INPUT 16 "A";
    .port_info 4 /INPUT 16 "B";
    .port_info 5 /INPUT 16 "D";
    .port_info 6 /INPUT 1 "AHOLD";
    .port_info 7 /INPUT 1 "BHOLD";
    .port_info 8 /INPUT 1 "CHOLD";
    .port_info 9 /INPUT 1 "DHOLD";
    .port_info 10 /INPUT 1 "IRSTTOP";
    .port_info 11 /INPUT 1 "IRSTBOT";
    .port_info 12 /INPUT 1 "ORSTTOP";
    .port_info 13 /INPUT 1 "ORSTBOT";
    .port_info 14 /INPUT 1 "OLOADTOP";
    .port_info 15 /INPUT 1 "OLOADBOT";
    .port_info 16 /INPUT 1 "ADDSUBTOP";
    .port_info 17 /INPUT 1 "ADDSUBBOT";
    .port_info 18 /INPUT 1 "OHOLDTOP";
    .port_info 19 /INPUT 1 "OHOLDBOT";
    .port_info 20 /INPUT 1 "CI";
    .port_info 21 /INPUT 1 "ACCUMCI";
    .port_info 22 /INPUT 1 "SIGNEXTIN";
    .port_info 23 /OUTPUT 32 "O";
    .port_info 24 /OUTPUT 1 "CO";
    .port_info 25 /OUTPUT 1 "ACCUMCO";
    .port_info 26 /OUTPUT 1 "SIGNEXTOUT";
P_000000000635ef00 .param/l "A_REG" 0 2 3011, C4<0>;
P_000000000635ef38 .param/l "A_SIGNED" 0 2 3027, C4<0>;
P_000000000635ef70 .param/l "BOTADDSUB_CARRYSELECT" 0 2 3025, C4<00>;
P_000000000635efa8 .param/l "BOTADDSUB_LOWERINPUT" 0 2 3023, C4<00>;
P_000000000635efe0 .param/l "BOTADDSUB_UPPERINPUT" 0 2 3024, C4<0>;
P_000000000635f018 .param/l "BOTOUTPUT_SELECT" 0 2 3022, C4<00>;
P_000000000635f050 .param/l "BOT_8x8_MULT_REG" 0 2 3015, C4<0>;
P_000000000635f088 .param/l "B_REG" 0 2 3012, C4<0>;
P_000000000635f0c0 .param/l "B_SIGNED" 0 2 3028, C4<0>;
P_000000000635f0f8 .param/l "C_REG" 0 2 3010, C4<0>;
P_000000000635f130 .param/l "D_REG" 0 2 3013, C4<0>;
P_000000000635f168 .param/l "MODE_8x8" 0 2 3026, C4<0>;
P_000000000635f1a0 .param/l "NEG_TRIGGER" 0 2 3009, C4<0>;
P_000000000635f1d8 .param/l "PIPELINE_16x16_MULT_REG1" 0 2 3016, C4<0>;
P_000000000635f210 .param/l "PIPELINE_16x16_MULT_REG2" 0 2 3017, C4<0>;
P_000000000635f248 .param/l "TOPADDSUB_CARRYSELECT" 0 2 3021, C4<00>;
P_000000000635f280 .param/l "TOPADDSUB_LOWERINPUT" 0 2 3019, C4<00>;
P_000000000635f2b8 .param/l "TOPADDSUB_UPPERINPUT" 0 2 3020, C4<0>;
P_000000000635f2f0 .param/l "TOPOUTPUT_SELECT" 0 2 3018, C4<00>;
P_000000000635f328 .param/l "TOP_8x8_MULT_REG" 0 2 3014, C4<0>;
o00000000065f9538 .functor BUFZ 1, C4<z>; HiZ drive
L_000000000664fc50 .functor BUFT 1, C4<0>, C4<0>, C4<0>, C4<0>;
L_000000000659d0d0 .functor XOR 1, o00000000065f9538, L_000000000664fc50, C4<0>, C4<0>;
o00000000065f9478 .functor BUFZ 16, C4<zzzzzzzzzzzzzzzz>; HiZ drive
L_000000000659d140 .functor BUFZ 16, o00000000065f9478, C4<0000000000000000>, C4<0000000000000000>, C4<0000000000000000>;
o00000000065f9238 .functor BUFZ 16, C4<zzzzzzzzzzzzzzzz>; HiZ drive
L_000000000659cb20 .functor BUFZ 16, o00000000065f9238, C4<0000000000000000>, C4<0000000000000000>, C4<0000000000000000>;
o00000000065f93b8 .functor BUFZ 16, C4<zzzzzzzzzzzzzzzz>; HiZ drive
L_000000000659d3e0 .functor BUFZ 16, o00000000065f93b8, C4<0000000000000000>, C4<0000000000000000>, C4<0000000000000000>;
o00000000065f9598 .functor BUFZ 16, C4<zzzzzzzzzzzzzzzz>; HiZ drive
L_000000000659d530 .functor BUFZ 16, o00000000065f9598, C4<0000000000000000>, C4<0000000000000000>, C4<0000000000000000>;
L_000000000659cab0 .functor BUFZ 16, L_00000000066a8830, C4<0000000000000000>, C4<0000000000000000>, C4<0000000000000000>;
L_000000000659d5a0 .functor BUFZ 16, L_00000000066a9f50, C4<0000000000000000>, C4<0000000000000000>, C4<0000000000000000>;
L_000000000659c420 .functor BUFZ 16, L_00000000066a9230, C4<0000000000000000>, C4<0000000000000000>, C4<0000000000000000>;
L_000000000659c650 .functor BUFZ 16, L_00000000066a9730, C4<0000000000000000>, C4<0000000000000000>, C4<0000000000000000>;
L_000000000659c500 .functor BUFZ 32, L_00000000066a7e30, C4<00000000000000000000000000000000>, C4<00000000000000000000000000000000>, C4<00000000000000000000000000000000>;
L_000000000659c6c0 .functor BUFZ 16, v0000000006634c70_0, C4<0000000000000000>, C4<0000000000000000>, C4<0000000000000000>;
L_000000000659c490 .functor BUFZ 16, L_000000000659cb20, C4<0000000000000000>, C4<0000000000000000>, C4<0000000000000000>;
L_000000000659c0a0 .functor XOR 17, L_00000000066a7ed0, L_00000000066a8b50, C4<00000000000000000>, C4<00000000000000000>;
o00000000065f92f8 .functor BUFZ 1, C4<z>; HiZ drive
L_000000000659c030 .functor XOR 1, L_00000000066a8650, o00000000065f92f8, C4<0>, C4<0>;
L_000000000659c110 .functor XOR 16, L_00000000066a7d90, L_00000000066aaa90, C4<0000000000000000>, C4<0000000000000000>;
L_000000000659c730 .functor BUFZ 16, L_00000000066abad0, C4<0000000000000000>, C4<0000000000000000>, C4<0000000000000000>;
L_000000000659db50 .functor BUFZ 16, v0000000006635210_0, C4<0000000000000000>, C4<0000000000000000>, C4<0000000000000000>;
L_000000000659dbc0 .functor BUFZ 16, L_000000000659d3e0, C4<0000000000000000>, C4<0000000000000000>, C4<0000000000000000>;
L_000000000659d8b0 .functor XOR 17, L_00000000066aa3b0, L_00000000066ab990, C4<00000000000000000>, C4<00000000000000000>;
L_000000000659d920 .functor XOR 16, L_00000000066ab850, L_00000000066ab710, C4<0000000000000000>, C4<0000000000000000>;
L_000000000659da00 .functor BUFZ 16, L_00000000066aac70, C4<0000000000000000>, C4<0000000000000000>, C4<0000000000000000>;
v000000000662ac20_0 .net "A", 15 0, o00000000065f9238;  0 drivers
o00000000065f9268 .functor BUFZ 1, C4<z>; HiZ drive
v000000000662a540_0 .net "ACCUMCI", 0 0, o00000000065f9268;  0 drivers
v000000000662b1c0_0 .net "ACCUMCO", 0 0, L_00000000066a8650;  1 drivers
o00000000065f92c8 .functor BUFZ 1, C4<z>; HiZ drive
v000000000662ae00_0 .net "ADDSUBBOT", 0 0, o00000000065f92c8;  0 drivers
v00000000066298c0_0 .net "ADDSUBTOP", 0 0, o00000000065f92f8;  0 drivers
o00000000065f9328 .functor BUFZ 1, C4<z>; HiZ drive
v000000000662b260_0 .net "AHOLD", 0 0, o00000000065f9328;  0 drivers
v000000000662b580_0 .net "Ah", 15 0, L_00000000066a86f0;  1 drivers
v000000000662b300_0 .net "Al", 15 0, L_00000000066a90f0;  1 drivers
v000000000662b4e0_0 .net "B", 15 0, o00000000065f93b8;  0 drivers
o00000000065f93e8 .functor BUFZ 1, C4<z>; HiZ drive
v000000000662b620_0 .net "BHOLD", 0 0, o00000000065f93e8;  0 drivers
v000000000662b6c0_0 .net "Bh", 15 0, L_00000000066a9690;  1 drivers
v000000000662b760_0 .net "Bl", 15 0, L_00000000066a8a10;  1 drivers
v00000000066293c0_0 .net "C", 15 0, o00000000065f9478;  0 drivers
o00000000065f94a8 .functor BUFZ 1, C4<z>; HiZ drive
v0000000006629c80_0 .net "CE", 0 0, o00000000065f94a8;  0 drivers
o00000000065f94d8 .functor BUFZ 1, C4<z>; HiZ drive
v0000000006629640_0 .net "CHOLD", 0 0, o00000000065f94d8;  0 drivers
o00000000065f9508 .functor BUFZ 1, C4<z>; HiZ drive
v000000000662a2c0_0 .net "CI", 0 0, o00000000065f9508;  0 drivers
v00000000066296e0_0 .net "CLK", 0 0, o00000000065f9538;  0 drivers
v0000000006629820_0 .net "CO", 0 0, L_000000000659c030;  1 drivers
v0000000006629960_0 .net "D", 15 0, o00000000065f9598;  0 drivers
o00000000065f95c8 .functor BUFZ 1, C4<z>; HiZ drive
v0000000006629a00_0 .net "DHOLD", 0 0, o00000000065f95c8;  0 drivers
L_00000000066501a8 .functor BUFT 1, C4<0>, C4<0>, C4<0>, C4<0>;
v0000000006629d20_0 .net "HCI", 0 0, L_00000000066501a8;  1 drivers
o00000000065f9628 .functor BUFZ 1, C4<z>; HiZ drive
v0000000006629dc0_0 .net "IRSTBOT", 0 0, o00000000065f9628;  0 drivers
o00000000065f9658 .functor BUFZ 1, C4<z>; HiZ drive
v0000000006629e60_0 .net "IRSTTOP", 0 0, o00000000065f9658;  0 drivers
L_00000000066502c8 .functor BUFT 1, C4<0>, C4<0>, C4<0>, C4<0>;
v000000000662a180_0 .net "LCI", 0 0, L_00000000066502c8;  1 drivers
v000000000662a360_0 .net "LCO", 0 0, L_00000000066aa8b0;  1 drivers
v000000000662d240_0 .net "O", 31 0, L_00000000066abfd0;  1 drivers
o00000000065f9718 .functor BUFZ 1, C4<z>; HiZ drive
v000000000662bbc0_0 .net "OHOLDBOT", 0 0, o00000000065f9718;  0 drivers
o00000000065f9748 .functor BUFZ 1, C4<z>; HiZ drive
v000000000662c7a0_0 .net "OHOLDTOP", 0 0, o00000000065f9748;  0 drivers
o00000000065f9778 .functor BUFZ 1, C4<z>; HiZ drive
v000000000662cca0_0 .net "OLOADBOT", 0 0, o00000000065f9778;  0 drivers
o00000000065f97a8 .functor BUFZ 1, C4<z>; HiZ drive
v000000000662bc60_0 .net "OLOADTOP", 0 0, o00000000065f97a8;  0 drivers
o00000000065f97d8 .functor BUFZ 1, C4<z>; HiZ drive
v000000000662c660_0 .net "ORSTBOT", 0 0, o00000000065f97d8;  0 drivers
o00000000065f9808 .functor BUFZ 1, C4<z>; HiZ drive
v000000000662bd00_0 .net "ORSTTOP", 0 0, o00000000065f9808;  0 drivers
v000000000662bda0_0 .net "Oh", 15 0, L_000000000659c730;  1 drivers
v000000000662cde0_0 .net "Ol", 15 0, L_000000000659da00;  1 drivers
o00000000065f9898 .functor BUFZ 1, C4<z>; HiZ drive
v000000000662be40_0 .net "SIGNEXTIN", 0 0, o00000000065f9898;  0 drivers
v000000000662ce80_0 .net "SIGNEXTOUT", 0 0, L_00000000066aa130;  1 drivers
v000000000662cd40_0 .net "XW", 15 0, L_00000000066a7d90;  1 drivers
v000000000662c0c0_0 .net "YZ", 15 0, L_00000000066ab850;  1 drivers
v000000000662c5c0_0 .net/2u *"_ivl_0", 0 0, L_000000000664fc50;  1 drivers
v000000000662c160_0 .net *"_ivl_100", 31 0, L_00000000066a9910;  1 drivers
L_0000000006650040 .functor BUFT 1, C4<0000000000000000>, C4<0>, C4<0>, C4<0>;
v000000000662cf20_0 .net *"_ivl_103", 15 0, L_0000000006650040;  1 drivers
v000000000662c840_0 .net *"_ivl_104", 31 0, L_00000000066a99b0;  1 drivers
v000000000662cfc0_0 .net *"_ivl_106", 15 0, L_00000000066a9cd0;  1 drivers
L_0000000006650088 .functor BUFT 1, C4<0000000000000000>, C4<0>, C4<0>, C4<0>;
v000000000662cb60_0 .net *"_ivl_108", 15 0, L_0000000006650088;  1 drivers
L_000000000664fc98 .functor BUFT 1, C4<00000000>, C4<0>, C4<0>, C4<0>;
v000000000662d060_0 .net/2u *"_ivl_12", 7 0, L_000000000664fc98;  1 drivers
v000000000662c8e0_0 .net *"_ivl_121", 16 0, L_00000000066a7890;  1 drivers
L_00000000066500d0 .functor BUFT 1, C4<0>, C4<0>, C4<0>, C4<0>;
v000000000662d100_0 .net *"_ivl_124", 0 0, L_00000000066500d0;  1 drivers
v000000000662d1a0_0 .net *"_ivl_125", 16 0, L_00000000066a7ed0;  1 drivers
L_0000000006650118 .functor BUFT 1, C4<0>, C4<0>, C4<0>, C4<0>;
v000000000662bee0_0 .net *"_ivl_128", 0 0, L_0000000006650118;  1 drivers
v000000000662bf80_0 .net *"_ivl_129", 15 0, L_00000000066a8ab0;  1 drivers
v000000000662c020_0 .net *"_ivl_131", 16 0, L_00000000066a8b50;  1 drivers
L_0000000006650160 .functor BUFT 1, C4<0>, C4<0>, C4<0>, C4<0>;
v000000000662c980_0 .net *"_ivl_134", 0 0, L_0000000006650160;  1 drivers
v000000000662c200_0 .net *"_ivl_135", 16 0, L_000000000659c0a0;  1 drivers
v000000000662c2a0_0 .net *"_ivl_137", 16 0, L_00000000066a8dd0;  1 drivers
L_00000000066503e8 .functor BUFT 1, C4<00000000000000000>, C4<0>, C4<0>, C4<0>;
v000000000662c340_0 .net *"_ivl_139", 16 0, L_00000000066503e8;  1 drivers
v000000000662ca20_0 .net *"_ivl_143", 16 0, L_00000000066aa270;  1 drivers
v000000000662c3e0_0 .net *"_ivl_147", 15 0, L_00000000066aaa90;  1 drivers
v000000000662c480_0 .net *"_ivl_149", 15 0, L_000000000659c110;  1 drivers
v000000000662c520_0 .net *"_ivl_15", 7 0, L_00000000066a9410;  1 drivers
v000000000662c700_0 .net *"_ivl_168", 16 0, L_00000000066aa1d0;  1 drivers
L_00000000066501f0 .functor BUFT 1, C4<0>, C4<0>, C4<0>, C4<0>;
v000000000662cac0_0 .net *"_ivl_171", 0 0, L_00000000066501f0;  1 drivers
v000000000662cc00_0 .net *"_ivl_172", 16 0, L_00000000066aa3b0;  1 drivers
L_0000000006650238 .functor BUFT 1, C4<0>, C4<0>, C4<0>, C4<0>;
v0000000006634630_0 .net *"_ivl_175", 0 0, L_0000000006650238;  1 drivers
v0000000006633a50_0 .net *"_ivl_176", 15 0, L_00000000066ac2f0;  1 drivers
v0000000006633c30_0 .net *"_ivl_178", 16 0, L_00000000066ab990;  1 drivers
L_000000000664fce0 .functor BUFT 1, C4<00000000>, C4<0>, C4<0>, C4<0>;
v00000000066334b0_0 .net/2u *"_ivl_18", 7 0, L_000000000664fce0;  1 drivers
L_0000000006650280 .functor BUFT 1, C4<0>, C4<0>, C4<0>, C4<0>;
v0000000006633910_0 .net *"_ivl_181", 0 0, L_0000000006650280;  1 drivers
v0000000006633870_0 .net *"_ivl_182", 16 0, L_000000000659d8b0;  1 drivers
v0000000006632d30_0 .net *"_ivl_184", 16 0, L_00000000066ab2b0;  1 drivers
L_0000000006650430 .functor BUFT 1, C4<00000000000000000>, C4<0>, C4<0>, C4<0>;
v0000000006634310_0 .net *"_ivl_186", 16 0, L_0000000006650430;  1 drivers
v0000000006633cd0_0 .net *"_ivl_190", 16 0, L_00000000066ab030;  1 drivers
v0000000006634270_0 .net *"_ivl_192", 15 0, L_00000000066ab710;  1 drivers
v0000000006632650_0 .net *"_ivl_194", 15 0, L_000000000659d920;  1 drivers
v0000000006633050_0 .net *"_ivl_21", 7 0, L_00000000066a88d0;  1 drivers
L_000000000664fd28 .functor BUFT 1, C4<00000000>, C4<0>, C4<0>, C4<0>;
v00000000066328d0_0 .net/2u *"_ivl_24", 7 0, L_000000000664fd28;  1 drivers
v0000000006632c90_0 .net *"_ivl_27", 7 0, L_00000000066a81f0;  1 drivers
L_000000000664fd70 .functor BUFT 1, C4<00000000>, C4<0>, C4<0>, C4<0>;
v0000000006633ff0_0 .net/2u *"_ivl_30", 7 0, L_000000000664fd70;  1 drivers
v00000000066346d0_0 .net *"_ivl_33", 7 0, L_00000000066a9050;  1 drivers
L_000000000664fdb8 .functor BUFT 1, C4<00000000>, C4<0>, C4<0>, C4<0>;
v00000000066344f0_0 .net/2u *"_ivl_38", 7 0, L_000000000664fdb8;  1 drivers
v00000000066337d0_0 .net *"_ivl_41", 7 0, L_00000000066a9190;  1 drivers
v00000000066348b0_0 .net *"_ivl_42", 15 0, L_00000000066a8290;  1 drivers
L_000000000664fe00 .functor BUFT 1, C4<00000000>, C4<0>, C4<0>, C4<0>;
v0000000006634810_0 .net/2u *"_ivl_46", 7 0, L_000000000664fe00;  1 drivers
v0000000006634590_0 .net *"_ivl_49", 7 0, L_00000000066a8470;  1 drivers
v0000000006632a10_0 .net *"_ivl_50", 15 0, L_00000000066a8c90;  1 drivers
L_000000000664fe48 .functor BUFT 1, C4<00000000>, C4<0>, C4<0>, C4<0>;
v0000000006633af0_0 .net/2u *"_ivl_64", 7 0, L_000000000664fe48;  1 drivers
L_000000000664fe90 .functor BUFT 1, C4<00000000>, C4<0>, C4<0>, C4<0>;
v0000000006633730_0 .net/2u *"_ivl_68", 7 0, L_000000000664fe90;  1 drivers
v0000000006632fb0_0 .net *"_ivl_72", 31 0, L_00000000066a9870;  1 drivers
L_000000000664fed8 .functor BUFT 1, C4<0000000000000000>, C4<0>, C4<0>, C4<0>;
v0000000006633f50_0 .net *"_ivl_75", 15 0, L_000000000664fed8;  1 drivers
v0000000006634090_0 .net *"_ivl_76", 31 0, L_00000000066a7b10;  1 drivers
L_000000000664ff20 .functor BUFT 1, C4<00000000>, C4<0>, C4<0>, C4<0>;
v0000000006632790_0 .net *"_ivl_79", 7 0, L_000000000664ff20;  1 drivers
v0000000006632ab0_0 .net *"_ivl_80", 31 0, L_00000000066a7bb0;  1 drivers
v0000000006632f10_0 .net *"_ivl_82", 23 0, L_00000000066a8510;  1 drivers
L_000000000664ff68 .functor BUFT 1, C4<00000000>, C4<0>, C4<0>, C4<0>;
v0000000006632b50_0 .net *"_ivl_84", 7 0, L_000000000664ff68;  1 drivers
v0000000006634130_0 .net *"_ivl_86", 31 0, L_00000000066a85b0;  1 drivers
v00000000066330f0_0 .net *"_ivl_88", 31 0, L_00000000066a8d30;  1 drivers
L_000000000664ffb0 .functor BUFT 1, C4<00000000>, C4<0>, C4<0>, C4<0>;
v0000000006632830_0 .net *"_ivl_91", 7 0, L_000000000664ffb0;  1 drivers
v00000000066335f0_0 .net *"_ivl_92", 31 0, L_00000000066a97d0;  1 drivers
v0000000006632dd0_0 .net *"_ivl_94", 23 0, L_00000000066a8970;  1 drivers
L_000000000664fff8 .functor BUFT 1, C4<00000000>, C4<0>, C4<0>, C4<0>;
v0000000006633b90_0 .net *"_ivl_96", 7 0, L_000000000664fff8;  1 drivers
v0000000006633550_0 .net *"_ivl_98", 31 0, L_00000000066a9a50;  1 drivers
v0000000006634950_0 .net "clock", 0 0, L_000000000659d0d0;  1 drivers
v0000000006633d70_0 .net "iA", 15 0, L_000000000659cb20;  1 drivers
v00000000066339b0_0 .net "iB", 15 0, L_000000000659d3e0;  1 drivers
v0000000006633190_0 .net "iC", 15 0, L_000000000659d140;  1 drivers
v00000000066341d0_0 .net "iD", 15 0, L_000000000659d530;  1 drivers
v00000000066343b0_0 .net "iF", 15 0, L_000000000659cab0;  1 drivers
v0000000006632970_0 .net "iG", 15 0, L_000000000659c650;  1 drivers
v0000000006632bf0_0 .net "iH", 31 0, L_000000000659c500;  1 drivers
v0000000006633230_0 .net "iJ", 15 0, L_000000000659d5a0;  1 drivers
v00000000066325b0_0 .net "iJ_e", 23 0, L_00000000066a8fb0;  1 drivers
v0000000006633e10_0 .net "iK", 15 0, L_000000000659c420;  1 drivers
v00000000066326f0_0 .net "iK_e", 23 0, L_00000000066a92d0;  1 drivers
v00000000066332d0_0 .net "iL", 31 0, L_00000000066a7e30;  1 drivers
v0000000006633eb0_0 .net "iP", 15 0, L_00000000066abad0;  1 drivers
v0000000006634450_0 .net "iQ", 15 0, v0000000006634c70_0;  1 drivers
v0000000006634770_0 .net "iR", 15 0, L_00000000066aac70;  1 drivers
v00000000066349f0_0 .net "iS", 15 0, v0000000006635210_0;  1 drivers
v0000000006634a90_0 .net "iW", 15 0, L_000000000659c6c0;  1 drivers
v0000000006634b30_0 .net "iX", 15 0, L_000000000659c490;  1 drivers
v0000000006633690_0 .net "iY", 15 0, L_000000000659db50;  1 drivers
v0000000006632510_0 .net "iZ", 15 0, L_000000000659dbc0;  1 drivers
v0000000006633410_0 .net "p_Ah_Bh", 15 0, L_00000000066a8830;  1 drivers
v0000000006633370_0 .net "p_Ah_Bl", 15 0, L_00000000066a9230;  1 drivers
v00000000066323d0_0 .net "p_Al_Bh", 15 0, L_00000000066a9f50;  1 drivers
v0000000006632470_0 .net "p_Al_Bl", 15 0, L_00000000066a9730;  1 drivers
v0000000006632e70_0 .var "rA", 15 0;
v0000000006635170_0 .var "rB", 15 0;
v0000000006634bd0_0 .var "rC", 15 0;
v0000000006635030_0 .var "rD", 15 0;
v0000000006634db0_0 .var "rF", 15 0;
v0000000006634ef0_0 .var "rG", 15 0;
v00000000066350d0_0 .var "rH", 31 0;
v0000000006634e50_0 .var "rJ", 15 0;
v0000000006634f90_0 .var "rK", 15 0;
v0000000006634c70_0 .var "rQ", 15 0;
v0000000006635210_0 .var "rS", 15 0;
E_00000000065aba10 .event posedge, v000000000662c660_0, v0000000006634950_0;
E_00000000065abbd0 .event posedge, v000000000662bd00_0, v0000000006634950_0;
E_00000000065ab650 .event posedge, v0000000006629dc0_0, v0000000006634950_0;
E_00000000065aaf10 .event posedge, v0000000006629e60_0, v0000000006634950_0;
L_00000000066a9410 .part L_000000000659cb20, 8, 8;
L_00000000066a86f0 .concat [ 8 8 0 0], L_00000000066a9410, L_000000000664fc98;
L_00000000066a88d0 .part L_000000000659cb20, 0, 8;
L_00000000066a90f0 .concat [ 8 8 0 0], L_00000000066a88d0, L_000000000664fce0;
L_00000000066a81f0 .part L_000000000659d3e0, 8, 8;
L_00000000066a9690 .concat [ 8 8 0 0], L_00000000066a81f0, L_000000000664fd28;
L_00000000066a9050 .part L_000000000659d3e0, 0, 8;
L_00000000066a8a10 .concat [ 8 8 0 0], L_00000000066a9050, L_000000000664fd70;
L_00000000066a8830 .arith/mult 16, L_00000000066a86f0, L_00000000066a9690;
L_00000000066a9190 .part L_00000000066a90f0, 0, 8;
L_00000000066a8290 .concat [ 8 8 0 0], L_00000000066a9190, L_000000000664fdb8;
L_00000000066a9f50 .arith/mult 16, L_00000000066a8290, L_00000000066a9690;
L_00000000066a8470 .part L_00000000066a8a10, 0, 8;
L_00000000066a8c90 .concat [ 8 8 0 0], L_00000000066a8470, L_000000000664fe00;
L_00000000066a9230 .arith/mult 16, L_00000000066a86f0, L_00000000066a8c90;
L_00000000066a9730 .arith/mult 16, L_00000000066a90f0, L_00000000066a8a10;
L_00000000066a92d0 .concat [ 16 8 0 0], L_000000000659c420, L_000000000664fe48;
L_00000000066a8fb0 .concat [ 16 8 0 0], L_000000000659d5a0, L_000000000664fe90;
L_00000000066a9870 .concat [ 16 16 0 0], L_000000000659c650, L_000000000664fed8;
L_00000000066a7b10 .concat [ 24 8 0 0], L_00000000066a92d0, L_000000000664ff20;
L_00000000066a8510 .part L_00000000066a7b10, 0, 24;
L_00000000066a7bb0 .concat [ 8 24 0 0], L_000000000664ff68, L_00000000066a8510;
L_00000000066a85b0 .arith/sum 32, L_00000000066a9870, L_00000000066a7bb0;
L_00000000066a8d30 .concat [ 24 8 0 0], L_00000000066a8fb0, L_000000000664ffb0;
L_00000000066a8970 .part L_00000000066a8d30, 0, 24;
L_00000000066a97d0 .concat [ 8 24 0 0], L_000000000664fff8, L_00000000066a8970;
L_00000000066a9a50 .arith/sum 32, L_00000000066a85b0, L_00000000066a97d0;
L_00000000066a9910 .concat [ 16 16 0 0], L_000000000659cab0, L_0000000006650040;
L_00000000066a9cd0 .part L_00000000066a9910, 0, 16;
L_00000000066a99b0 .concat [ 16 16 0 0], L_0000000006650088, L_00000000066a9cd0;
L_00000000066a7e30 .arith/sum 32, L_00000000066a9a50, L_00000000066a99b0;
L_00000000066a8650 .part L_00000000066aa270, 16, 1;
L_00000000066a7d90 .part L_00000000066aa270, 0, 16;
L_00000000066a7890 .concat [ 16 1 0 0], L_000000000659c490, L_00000000066500d0;
L_00000000066a7ed0 .concat [ 16 1 0 0], L_000000000659c6c0, L_0000000006650118;
LS_00000000066a8ab0_0_0 .concat [ 1 1 1 1], o00000000065f92f8, o00000000065f92f8, o00000000065f92f8, o00000000065f92f8;
LS_00000000066a8ab0_0_4 .concat [ 1 1 1 1], o00000000065f92f8, o00000000065f92f8, o00000000065f92f8, o00000000065f92f8;
LS_00000000066a8ab0_0_8 .concat [ 1 1 1 1], o00000000065f92f8, o00000000065f92f8, o00000000065f92f8, o00000000065f92f8;
LS_00000000066a8ab0_0_12 .concat [ 1 1 1 1], o00000000065f92f8, o00000000065f92f8, o00000000065f92f8, o00000000065f92f8;
L_00000000066a8ab0 .concat [ 4 4 4 4], LS_00000000066a8ab0_0_0, LS_00000000066a8ab0_0_4, LS_00000000066a8ab0_0_8, LS_00000000066a8ab0_0_12;
L_00000000066a8b50 .concat [ 16 1 0 0], L_00000000066a8ab0, L_0000000006650160;
L_00000000066a8dd0 .arith/sum 17, L_00000000066a7890, L_000000000659c0a0;
L_00000000066aa270 .arith/sum 17, L_00000000066a8dd0, L_00000000066503e8;
LS_00000000066aaa90_0_0 .concat [ 1 1 1 1], o00000000065f92f8, o00000000065f92f8, o00000000065f92f8, o00000000065f92f8;
LS_00000000066aaa90_0_4 .concat [ 1 1 1 1], o00000000065f92f8, o00000000065f92f8, o00000000065f92f8, o00000000065f92f8;
LS_00000000066aaa90_0_8 .concat [ 1 1 1 1], o00000000065f92f8, o00000000065f92f8, o00000000065f92f8, o00000000065f92f8;
LS_00000000066aaa90_0_12 .concat [ 1 1 1 1], o00000000065f92f8, o00000000065f92f8, o00000000065f92f8, o00000000065f92f8;
L_00000000066aaa90 .concat [ 4 4 4 4], LS_00000000066aaa90_0_0, LS_00000000066aaa90_0_4, LS_00000000066aaa90_0_8, LS_00000000066aaa90_0_12;
L_00000000066abad0 .functor MUXZ 16, L_000000000659c110, L_000000000659d140, o00000000065f97a8, C4<>;
L_00000000066aa130 .part L_000000000659c490, 15, 1;
L_00000000066aa8b0 .part L_00000000066ab030, 16, 1;
L_00000000066ab850 .part L_00000000066ab030, 0, 16;
L_00000000066aa1d0 .concat [ 16 1 0 0], L_000000000659dbc0, L_00000000066501f0;
L_00000000066aa3b0 .concat [ 16 1 0 0], L_000000000659db50, L_0000000006650238;
LS_00000000066ac2f0_0_0 .concat [ 1 1 1 1], o00000000065f92c8, o00000000065f92c8, o00000000065f92c8, o00000000065f92c8;
LS_00000000066ac2f0_0_4 .concat [ 1 1 1 1], o00000000065f92c8, o00000000065f92c8, o00000000065f92c8, o00000000065f92c8;
LS_00000000066ac2f0_0_8 .concat [ 1 1 1 1], o00000000065f92c8, o00000000065f92c8, o00000000065f92c8, o00000000065f92c8;
LS_00000000066ac2f0_0_12 .concat [ 1 1 1 1], o00000000065f92c8, o00000000065f92c8, o00000000065f92c8, o00000000065f92c8;
L_00000000066ac2f0 .concat [ 4 4 4 4], LS_00000000066ac2f0_0_0, LS_00000000066ac2f0_0_4, LS_00000000066ac2f0_0_8, LS_00000000066ac2f0_0_12;
L_00000000066ab990 .concat [ 16 1 0 0], L_00000000066ac2f0, L_0000000006650280;
L_00000000066ab2b0 .arith/sum 17, L_00000000066aa1d0, L_000000000659d8b0;
L_00000000066ab030 .arith/sum 17, L_00000000066ab2b0, L_0000000006650430;
LS_00000000066ab710_0_0 .concat [ 1 1 1 1], o00000000065f92c8, o00000000065f92c8, o00000000065f92c8, o00000000065f92c8;
LS_00000000066ab710_0_4 .concat [ 1 1 1 1], o00000000065f92c8, o00000000065f92c8, o00000000065f92c8, o00000000065f92c8;
LS_00000000066ab710_0_8 .concat [ 1 1 1 1], o00000000065f92c8, o00000000065f92c8, o00000000065f92c8, o00000000065f92c8;
LS_00000000066ab710_0_12 .concat [ 1 1 1 1], o00000000065f92c8, o00000000065f92c8, o00000000065f92c8, o00000000065f92c8;
L_00000000066ab710 .concat [ 4 4 4 4], LS_00000000066ab710_0_0, LS_00000000066ab710_0_4, LS_00000000066ab710_0_8, LS_00000000066ab710_0_12;
L_00000000066aac70 .functor MUXZ 16, L_000000000659d920, L_000000000659d530, o00000000065f9778, C4<>;
L_00000000066abfd0 .concat [ 16 16 0 0], L_000000000659da00, L_000000000659c730;
S_00000000065b9ca0 .scope module, "SB_PLL40_2F_CORE" "SB_PLL40_2F_CORE" 2 2521;
 .timescale -12 -12;
    .port_info 0 /INPUT 1 "REFERENCECLK";
    .port_info 1 /OUTPUT 1 "PLLOUTCOREA";
    .port_info 2 /OUTPUT 1 "PLLOUTGLOBALA";
    .port_info 3 /OUTPUT 1 "PLLOUTCOREB";
    .port_info 4 /OUTPUT 1 "PLLOUTGLOBALB";
    .port_info 5 /INPUT 1 "EXTFEEDBACK";
    .port_info 6 /INPUT 8 "DYNAMICDELAY";
    .port_info 7 /OUTPUT 1 "LOCK";
    .port_info 8 /INPUT 1 "BYPASS";
    .port_info 9 /INPUT 1 "RESETB";
    .port_info 10 /INPUT 1 "LATCHINPUTVALUE";
    .port_info 11 /OUTPUT 1 "SDO";
    .port_info 12 /INPUT 1 "SDI";
    .port_info 13 /INPUT 1 "SCLK";
P_0000000006359620 .param/str "DELAY_ADJUSTMENT_MODE_FEEDBACK" 0 2 2538, "FIXED";
P_0000000006359658 .param/str "DELAY_ADJUSTMENT_MODE_RELATIVE" 0 2 2539, "FIXED";
P_0000000006359690 .param/l "DIVF" 0 2 2546, C4<0000000>;
P_00000000063596c8 .param/l "DIVQ" 0 2 2547, C4<000>;
P_0000000006359700 .param/l "DIVR" 0 2 2545, C4<0000>;
P_0000000006359738 .param/l "ENABLE_ICEGATE_PORTA" 0 2 2549, C4<0>;
P_0000000006359770 .param/l "ENABLE_ICEGATE_PORTB" 0 2 2550, C4<0>;
P_00000000063597a8 .param/l "EXTERNAL_DIVIDE_FACTOR" 0 2 2552, +C4<00000000000000000000000000000001>;
P_00000000063597e0 .param/l "FDA_FEEDBACK" 0 2 2541, C4<0000>;
P_0000000006359818 .param/l "FDA_RELATIVE" 0 2 2542, C4<0000>;
P_0000000006359850 .param/str "FEEDBACK_PATH" 0 2 2537, "SIMPLE";
P_0000000006359888 .param/l "FILTER_RANGE" 0 2 2548, C4<000>;
P_00000000063598c0 .param/str "PLLOUT_SELECT_PORTA" 0 2 2543, "GENCLK";
P_00000000063598f8 .param/str "PLLOUT_SELECT_PORTB" 0 2 2544, "GENCLK";
P_0000000006359930 .param/l "SHIFTREG_DIV_MODE" 0 2 2540, C4<0>;
P_0000000006359968 .param/l "TEST_MODE" 0 2 2551, C4<0>;
o00000000065fb0c8 .functor BUFZ 1, C4<z>; HiZ drive
v00000000066352b0_0 .net "BYPASS", 0 0, o00000000065fb0c8;  0 drivers
o00000000065fb0f8 .functor BUFZ 8, C4<zzzzzzzz>; HiZ drive
v0000000006634d10_0 .net "DYNAMICDELAY", 7 0, o00000000065fb0f8;  0 drivers
o00000000065fb128 .functor BUFZ 1, C4<z>; HiZ drive
v000000000662f130_0 .net "EXTFEEDBACK", 0 0, o00000000065fb128;  0 drivers
o00000000065fb158 .functor BUFZ 1, C4<z>; HiZ drive
v000000000662ecd0_0 .net "LATCHINPUTVALUE", 0 0, o00000000065fb158;  0 drivers
o00000000065fb188 .functor BUFZ 1, C4<z>; HiZ drive
v000000000662d8d0_0 .net "LOCK", 0 0, o00000000065fb188;  0 drivers
o00000000065fb1b8 .functor BUFZ 1, C4<z>; HiZ drive
v000000000662e5f0_0 .net "PLLOUTCOREA", 0 0, o00000000065fb1b8;  0 drivers
o00000000065fb1e8 .functor BUFZ 1, C4<z>; HiZ drive
v000000000662f590_0 .net "PLLOUTCOREB", 0 0, o00000000065fb1e8;  0 drivers
o00000000065fb218 .functor BUFZ 1, C4<z>; HiZ drive
v000000000662ec30_0 .net "PLLOUTGLOBALA", 0 0, o00000000065fb218;  0 drivers
o00000000065fb248 .functor BUFZ 1, C4<z>; HiZ drive
v000000000662dd30_0 .net "PLLOUTGLOBALB", 0 0, o00000000065fb248;  0 drivers
o00000000065fb278 .functor BUFZ 1, C4<z>; HiZ drive
v000000000662f770_0 .net "REFERENCECLK", 0 0, o00000000065fb278;  0 drivers
o00000000065fb2a8 .functor BUFZ 1, C4<z>; HiZ drive
v000000000662e690_0 .net "RESETB", 0 0, o00000000065fb2a8;  0 drivers
o00000000065fb2d8 .functor BUFZ 1, C4<z>; HiZ drive
v000000000662f1d0_0 .net "SCLK", 0 0, o00000000065fb2d8;  0 drivers
o00000000065fb308 .functor BUFZ 1, C4<z>; HiZ drive
v000000000662ed70_0 .net "SDI", 0 0, o00000000065fb308;  0 drivers
o00000000065fb338 .functor BUFZ 1, C4<z>; HiZ drive
v000000000662e4b0_0 .net "SDO", 0 0, o00000000065fb338;  0 drivers
S_00000000065ba470 .scope module, "SB_PLL40_2F_PAD" "SB_PLL40_2F_PAD" 2 2556;
 .timescale -12 -12;
    .port_info 0 /INPUT 1 "PACKAGEPIN";
    .port_info 1 /OUTPUT 1 "PLLOUTCOREA";
    .port_info 2 /OUTPUT 1 "PLLOUTGLOBALA";
    .port_info 3 /OUTPUT 1 "PLLOUTCOREB";
    .port_info 4 /OUTPUT 1 "PLLOUTGLOBALB";
    .port_info 5 /INPUT 1 "EXTFEEDBACK";
    .port_info 6 /INPUT 8 "DYNAMICDELAY";
    .port_info 7 /OUTPUT 1 "LOCK";
    .port_info 8 /INPUT 1 "BYPASS";
    .port_info 9 /INPUT 1 "RESETB";
    .port_info 10 /INPUT 1 "LATCHINPUTVALUE";
    .port_info 11 /OUTPUT 1 "SDO";
    .port_info 12 /INPUT 1 "SDI";
    .port_info 13 /INPUT 1 "SCLK";
P_000000000635ca20 .param/str "DELAY_ADJUSTMENT_MODE_FEEDBACK" 0 2 2573, "FIXED";
P_000000000635ca58 .param/str "DELAY_ADJUSTMENT_MODE_RELATIVE" 0 2 2574, "FIXED";
P_000000000635ca90 .param/l "DIVF" 0 2 2581, C4<0000000>;
P_000000000635cac8 .param/l "DIVQ" 0 2 2582, C4<000>;
P_000000000635cb00 .param/l "DIVR" 0 2 2580, C4<0000>;
P_000000000635cb38 .param/l "ENABLE_ICEGATE_PORTA" 0 2 2584, C4<0>;
P_000000000635cb70 .param/l "ENABLE_ICEGATE_PORTB" 0 2 2585, C4<0>;
P_000000000635cba8 .param/l "EXTERNAL_DIVIDE_FACTOR" 0 2 2587, +C4<00000000000000000000000000000001>;
P_000000000635cbe0 .param/l "FDA_FEEDBACK" 0 2 2576, C4<0000>;
P_000000000635cc18 .param/l "FDA_RELATIVE" 0 2 2577, C4<0000>;
P_000000000635cc50 .param/str "FEEDBACK_PATH" 0 2 2572, "SIMPLE";
P_000000000635cc88 .param/l "FILTER_RANGE" 0 2 2583, C4<000>;
P_000000000635ccc0 .param/str "PLLOUT_SELECT_PORTA" 0 2 2578, "GENCLK";
P_000000000635ccf8 .param/str "PLLOUT_SELECT_PORTB" 0 2 2579, "GENCLK";
P_000000000635cd30 .param/l "SHIFTREG_DIV_MODE" 0 2 2575, C4<00>;
P_000000000635cd68 .param/l "TEST_MODE" 0 2 2586, C4<0>;
o00000000065fb608 .functor BUFZ 1, C4<z>; HiZ drive
v000000000662f090_0 .net "BYPASS", 0 0, o00000000065fb608;  0 drivers
o00000000065fb638 .functor BUFZ 8, C4<zzzzzzzz>; HiZ drive
v000000000662dab0_0 .net "DYNAMICDELAY", 7 0, o00000000065fb638;  0 drivers
o00000000065fb668 .functor BUFZ 1, C4<z>; HiZ drive
v000000000662f630_0 .net "EXTFEEDBACK", 0 0, o00000000065fb668;  0 drivers
o00000000065fb698 .functor BUFZ 1, C4<z>; HiZ drive
v000000000662ea50_0 .net "LATCHINPUTVALUE", 0 0, o00000000065fb698;  0 drivers
o00000000065fb6c8 .functor BUFZ 1, C4<z>; HiZ drive
v000000000662f6d0_0 .net "LOCK", 0 0, o00000000065fb6c8;  0 drivers
o00000000065fb6f8 .functor BUFZ 1, C4<z>; HiZ drive
v000000000662e2d0_0 .net "PACKAGEPIN", 0 0, o00000000065fb6f8;  0 drivers
o00000000065fb728 .functor BUFZ 1, C4<z>; HiZ drive
v000000000662e550_0 .net "PLLOUTCOREA", 0 0, o00000000065fb728;  0 drivers
o00000000065fb758 .functor BUFZ 1, C4<z>; HiZ drive
v000000000662f810_0 .net "PLLOUTCOREB", 0 0, o00000000065fb758;  0 drivers
o00000000065fb788 .functor BUFZ 1, C4<z>; HiZ drive
v000000000662ee10_0 .net "PLLOUTGLOBALA", 0 0, o00000000065fb788;  0 drivers
o00000000065fb7b8 .functor BUFZ 1, C4<z>; HiZ drive
v000000000662dbf0_0 .net "PLLOUTGLOBALB", 0 0, o00000000065fb7b8;  0 drivers
o00000000065fb7e8 .functor BUFZ 1, C4<z>; HiZ drive
v000000000662f8b0_0 .net "RESETB", 0 0, o00000000065fb7e8;  0 drivers
o00000000065fb818 .functor BUFZ 1, C4<z>; HiZ drive
v000000000662f310_0 .net "SCLK", 0 0, o00000000065fb818;  0 drivers
o00000000065fb848 .functor BUFZ 1, C4<z>; HiZ drive
v000000000662f950_0 .net "SDI", 0 0, o00000000065fb848;  0 drivers
o00000000065fb878 .functor BUFZ 1, C4<z>; HiZ drive
v000000000662d510_0 .net "SDO", 0 0, o00000000065fb878;  0 drivers
S_00000000065ba790 .scope module, "SB_PLL40_2_PAD" "SB_PLL40_2_PAD" 2 2487;
 .timescale -12 -12;
    .port_info 0 /INPUT 1 "PACKAGEPIN";
    .port_info 1 /OUTPUT 1 "PLLOUTCOREA";
    .port_info 2 /OUTPUT 1 "PLLOUTGLOBALA";
    .port_info 3 /OUTPUT 1 "PLLOUTCOREB";
    .port_info 4 /OUTPUT 1 "PLLOUTGLOBALB";
    .port_info 5 /INPUT 1 "EXTFEEDBACK";
    .port_info 6 /INPUT 8 "DYNAMICDELAY";
    .port_info 7 /OUTPUT 1 "LOCK";
    .port_info 8 /INPUT 1 "BYPASS";
    .port_info 9 /INPUT 1 "RESETB";
    .port_info 10 /INPUT 1 "LATCHINPUTVALUE";
    .port_info 11 /OUTPUT 1 "SDO";
    .port_info 12 /INPUT 1 "SDI";
    .port_info 13 /INPUT 1 "SCLK";
P_0000000006358140 .param/str "DELAY_ADJUSTMENT_MODE_FEEDBACK" 0 2 2504, "FIXED";
P_0000000006358178 .param/str "DELAY_ADJUSTMENT_MODE_RELATIVE" 0 2 2505, "FIXED";
P_00000000063581b0 .param/l "DIVF" 0 2 2511, C4<0000000>;
P_00000000063581e8 .param/l "DIVQ" 0 2 2512, C4<000>;
P_0000000006358220 .param/l "DIVR" 0 2 2510, C4<0000>;
P_0000000006358258 .param/l "ENABLE_ICEGATE_PORTA" 0 2 2514, C4<0>;
P_0000000006358290 .param/l "ENABLE_ICEGATE_PORTB" 0 2 2515, C4<0>;
P_00000000063582c8 .param/l "EXTERNAL_DIVIDE_FACTOR" 0 2 2517, +C4<00000000000000000000000000000001>;
P_0000000006358300 .param/l "FDA_FEEDBACK" 0 2 2507, C4<0000>;
P_0000000006358338 .param/l "FDA_RELATIVE" 0 2 2508, C4<0000>;
P_0000000006358370 .param/str "FEEDBACK_PATH" 0 2 2503, "SIMPLE";
P_00000000063583a8 .param/l "FILTER_RANGE" 0 2 2513, C4<000>;
P_00000000063583e0 .param/str "PLLOUT_SELECT_PORTB" 0 2 2509, "GENCLK";
P_0000000006358418 .param/l "SHIFTREG_DIV_MODE" 0 2 2506, C4<0>;
P_0000000006358450 .param/l "TEST_MODE" 0 2 2516, C4<0>;
o00000000065fbb48 .functor BUFZ 1, C4<z>; HiZ drive
v000000000662e0f0_0 .net "BYPASS", 0 0, o00000000065fbb48;  0 drivers
o00000000065fbb78 .functor BUFZ 8, C4<zzzzzzzz>; HiZ drive
v000000000662f9f0_0 .net "DYNAMICDELAY", 7 0, o00000000065fbb78;  0 drivers
o00000000065fbba8 .functor BUFZ 1, C4<z>; HiZ drive
v000000000662e730_0 .net "EXTFEEDBACK", 0 0, o00000000065fbba8;  0 drivers
o00000000065fbbd8 .functor BUFZ 1, C4<z>; HiZ drive
v000000000662fa90_0 .net "LATCHINPUTVALUE", 0 0, o00000000065fbbd8;  0 drivers
o00000000065fbc08 .functor BUFZ 1, C4<z>; HiZ drive
v000000000662e7d0_0 .net "LOCK", 0 0, o00000000065fbc08;  0 drivers
o00000000065fbc38 .functor BUFZ 1, C4<z>; HiZ drive
v000000000662fb30_0 .net "PACKAGEPIN", 0 0, o00000000065fbc38;  0 drivers
o00000000065fbc68 .functor BUFZ 1, C4<z>; HiZ drive
v000000000662f4f0_0 .net "PLLOUTCOREA", 0 0, o00000000065fbc68;  0 drivers
o00000000065fbc98 .functor BUFZ 1, C4<z>; HiZ drive
v000000000662f270_0 .net "PLLOUTCOREB", 0 0, o00000000065fbc98;  0 drivers
o00000000065fbcc8 .functor BUFZ 1, C4<z>; HiZ drive
v000000000662d3d0_0 .net "PLLOUTGLOBALA", 0 0, o00000000065fbcc8;  0 drivers
o00000000065fbcf8 .functor BUFZ 1, C4<z>; HiZ drive
v000000000662d970_0 .net "PLLOUTGLOBALB", 0 0, o00000000065fbcf8;  0 drivers
o00000000065fbd28 .functor BUFZ 1, C4<z>; HiZ drive
v000000000662d470_0 .net "RESETB", 0 0, o00000000065fbd28;  0 drivers
o00000000065fbd58 .functor BUFZ 1, C4<z>; HiZ drive
v000000000662ef50_0 .net "SCLK", 0 0, o00000000065fbd58;  0 drivers
o00000000065fbd88 .functor BUFZ 1, C4<z>; HiZ drive
v000000000662e910_0 .net "SDI", 0 0, o00000000065fbd88;  0 drivers
o00000000065fbdb8 .functor BUFZ 1, C4<z>; HiZ drive
v000000000662f3b0_0 .net "SDO", 0 0, o00000000065fbdb8;  0 drivers
S_00000000065ba150 .scope module, "SB_PLL40_CORE" "SB_PLL40_CORE" 2 2425;
 .timescale -12 -12;
    .port_info 0 /INPUT 1 "REFERENCECLK";
    .port_info 1 /OUTPUT 1 "PLLOUTCORE";
    .port_info 2 /OUTPUT 1 "PLLOUTGLOBAL";
    .port_info 3 /INPUT 1 "EXTFEEDBACK";
    .port_info 4 /INPUT 8 "DYNAMICDELAY";
    .port_info 5 /OUTPUT 1 "LOCK";
    .port_info 6 /INPUT 1 "BYPASS";
    .port_info 7 /INPUT 1 "RESETB";
    .port_info 8 /INPUT 1 "LATCHINPUTVALUE";
    .port_info 9 /OUTPUT 1 "SDO";
    .port_info 10 /INPUT 1 "SDI";
    .port_info 11 /INPUT 1 "SCLK";
P_000000000634d8f0 .param/str "DELAY_ADJUSTMENT_MODE_FEEDBACK" 0 2 2440, "FIXED";
P_000000000634d928 .param/str "DELAY_ADJUSTMENT_MODE_RELATIVE" 0 2 2441, "FIXED";
P_000000000634d960 .param/l "DIVF" 0 2 2447, C4<0000000>;
P_000000000634d998 .param/l "DIVQ" 0 2 2448, C4<000>;
P_000000000634d9d0 .param/l "DIVR" 0 2 2446, C4<0000>;
P_000000000634da08 .param/l "ENABLE_ICEGATE" 0 2 2450, C4<0>;
P_000000000634da40 .param/l "EXTERNAL_DIVIDE_FACTOR" 0 2 2452, +C4<00000000000000000000000000000001>;
P_000000000634da78 .param/l "FDA_FEEDBACK" 0 2 2443, C4<0000>;
P_000000000634dab0 .param/l "FDA_RELATIVE" 0 2 2444, C4<0000>;
P_000000000634dae8 .param/str "FEEDBACK_PATH" 0 2 2439, "SIMPLE";
P_000000000634db20 .param/l "FILTER_RANGE" 0 2 2449, C4<000>;
P_000000000634db58 .param/str "PLLOUT_SELECT" 0 2 2445, "GENCLK";
P_000000000634db90 .param/l "SHIFTREG_DIV_MODE" 0 2 2442, C4<0>;
P_000000000634dbc8 .param/l "TEST_MODE" 0 2 2451, C4<0>;
o00000000065fc088 .functor BUFZ 1, C4<z>; HiZ drive
v000000000662e870_0 .net "BYPASS", 0 0, o00000000065fc088;  0 drivers
o00000000065fc0b8 .functor BUFZ 8, C4<zzzzzzzz>; HiZ drive
v000000000662d5b0_0 .net "DYNAMICDELAY", 7 0, o00000000065fc0b8;  0 drivers
o00000000065fc0e8 .functor BUFZ 1, C4<z>; HiZ drive
v000000000662dc90_0 .net "EXTFEEDBACK", 0 0, o00000000065fc0e8;  0 drivers
o00000000065fc118 .functor BUFZ 1, C4<z>; HiZ drive
v000000000662eeb0_0 .net "LATCHINPUTVALUE", 0 0, o00000000065fc118;  0 drivers
o00000000065fc148 .functor BUFZ 1, C4<z>; HiZ drive
v000000000662f450_0 .net "LOCK", 0 0, o00000000065fc148;  0 drivers
o00000000065fc178 .functor BUFZ 1, C4<z>; HiZ drive
v000000000662db50_0 .net "PLLOUTCORE", 0 0, o00000000065fc178;  0 drivers
o00000000065fc1a8 .functor BUFZ 1, C4<z>; HiZ drive
v000000000662e9b0_0 .net "PLLOUTGLOBAL", 0 0, o00000000065fc1a8;  0 drivers
o00000000065fc1d8 .functor BUFZ 1, C4<z>; HiZ drive
v000000000662d650_0 .net "REFERENCECLK", 0 0, o00000000065fc1d8;  0 drivers
o00000000065fc208 .functor BUFZ 1, C4<z>; HiZ drive
v000000000662eaf0_0 .net "RESETB", 0 0, o00000000065fc208;  0 drivers
o00000000065fc238 .functor BUFZ 1, C4<z>; HiZ drive
v000000000662d6f0_0 .net "SCLK", 0 0, o00000000065fc238;  0 drivers
o00000000065fc268 .functor BUFZ 1, C4<z>; HiZ drive
v000000000662e190_0 .net "SDI", 0 0, o00000000065fc268;  0 drivers
o00000000065fc298 .functor BUFZ 1, C4<z>; HiZ drive
v000000000662eff0_0 .net "SDO", 0 0, o00000000065fc298;  0 drivers
S_00000000065ba2e0 .scope module, "SB_PLL40_PAD" "SB_PLL40_PAD" 2 2456;
 .timescale -12 -12;
    .port_info 0 /INPUT 1 "PACKAGEPIN";
    .port_info 1 /OUTPUT 1 "PLLOUTCORE";
    .port_info 2 /OUTPUT 1 "PLLOUTGLOBAL";
    .port_info 3 /INPUT 1 "EXTFEEDBACK";
    .port_info 4 /INPUT 8 "DYNAMICDELAY";
    .port_info 5 /OUTPUT 1 "LOCK";
    .port_info 6 /INPUT 1 "BYPASS";
    .port_info 7 /INPUT 1 "RESETB";
    .port_info 8 /INPUT 1 "LATCHINPUTVALUE";
    .port_info 9 /OUTPUT 1 "SDO";
    .port_info 10 /INPUT 1 "SDI";
    .port_info 11 /INPUT 1 "SCLK";
P_000000000634bc00 .param/str "DELAY_ADJUSTMENT_MODE_FEEDBACK" 0 2 2471, "FIXED";
P_000000000634bc38 .param/str "DELAY_ADJUSTMENT_MODE_RELATIVE" 0 2 2472, "FIXED";
P_000000000634bc70 .param/l "DIVF" 0 2 2478, C4<0000000>;
P_000000000634bca8 .param/l "DIVQ" 0 2 2479, C4<000>;
P_000000000634bce0 .param/l "DIVR" 0 2 2477, C4<0000>;
P_000000000634bd18 .param/l "ENABLE_ICEGATE" 0 2 2481, C4<0>;
P_000000000634bd50 .param/l "EXTERNAL_DIVIDE_FACTOR" 0 2 2483, +C4<00000000000000000000000000000001>;
P_000000000634bd88 .param/l "FDA_FEEDBACK" 0 2 2474, C4<0000>;
P_000000000634bdc0 .param/l "FDA_RELATIVE" 0 2 2475, C4<0000>;
P_000000000634bdf8 .param/str "FEEDBACK_PATH" 0 2 2470, "SIMPLE";
P_000000000634be30 .param/l "FILTER_RANGE" 0 2 2480, C4<000>;
P_000000000634be68 .param/str "PLLOUT_SELECT" 0 2 2476, "GENCLK";
P_000000000634bea0 .param/l "SHIFTREG_DIV_MODE" 0 2 2473, C4<0>;
P_000000000634bed8 .param/l "TEST_MODE" 0 2 2482, C4<0>;
o00000000065fc508 .functor BUFZ 1, C4<z>; HiZ drive
v000000000662d790_0 .net "BYPASS", 0 0, o00000000065fc508;  0 drivers
o00000000065fc538 .functor BUFZ 8, C4<zzzzzzzz>; HiZ drive
v000000000662e410_0 .net "DYNAMICDELAY", 7 0, o00000000065fc538;  0 drivers
o00000000065fc568 .functor BUFZ 1, C4<z>; HiZ drive
v000000000662d830_0 .net "EXTFEEDBACK", 0 0, o00000000065fc568;  0 drivers
o00000000065fc598 .functor BUFZ 1, C4<z>; HiZ drive
v000000000662e050_0 .net "LATCHINPUTVALUE", 0 0, o00000000065fc598;  0 drivers
o00000000065fc5c8 .functor BUFZ 1, C4<z>; HiZ drive
v000000000662eb90_0 .net "LOCK", 0 0, o00000000065fc5c8;  0 drivers
o00000000065fc5f8 .functor BUFZ 1, C4<z>; HiZ drive
v000000000662da10_0 .net "PACKAGEPIN", 0 0, o00000000065fc5f8;  0 drivers
o00000000065fc628 .functor BUFZ 1, C4<z>; HiZ drive
v000000000662ddd0_0 .net "PLLOUTCORE", 0 0, o00000000065fc628;  0 drivers
o00000000065fc658 .functor BUFZ 1, C4<z>; HiZ drive
v000000000662de70_0 .net "PLLOUTGLOBAL", 0 0, o00000000065fc658;  0 drivers
o00000000065fc688 .functor BUFZ 1, C4<z>; HiZ drive
v000000000662df10_0 .net "RESETB", 0 0, o00000000065fc688;  0 drivers
o00000000065fc6b8 .functor BUFZ 1, C4<z>; HiZ drive
v000000000662dfb0_0 .net "SCLK", 0 0, o00000000065fc6b8;  0 drivers
o00000000065fc6e8 .functor BUFZ 1, C4<z>; HiZ drive
v000000000662e230_0 .net "SDI", 0 0, o00000000065fc6e8;  0 drivers
o00000000065fc718 .functor BUFZ 1, C4<z>; HiZ drive
v000000000662e370_0 .net "SDO", 0 0, o00000000065fc718;  0 drivers
S_00000000065ba920 .scope module, "SB_RAM40_4KNR" "SB_RAM40_4KNR" 2 1726;
 .timescale -12 -12;
    .port_info 0 /OUTPUT 16 "RDATA";
    .port_info 1 /INPUT 1 "RCLKN";
    .port_info 2 /INPUT 1 "RCLKE";
    .port_info 3 /INPUT 1 "RE";
    .port_info 4 /INPUT 11 "RADDR";
    .port_info 5 /INPUT 1 "WCLK";
    .port_info 6 /INPUT 1 "WCLKE";
    .port_info 7 /INPUT 1 "WE";
    .port_info 8 /INPUT 11 "WADDR";
    .port_info 9 /INPUT 16 "MASK";
    .port_info 10 /INPUT 16 "WDATA";
P_000000000634b680 .param/l "INIT_0" 0 2 1742, C4<0000000000000000000000000000000000000000000000000000000000000000000000000000000000000000000000000000000000000000000000000000000000000000000000000000000000000000000000000000000000000000000000000000000000000000000000000000000000000000000000000000000000000000>;
P_000000000634b6b8 .param/l "INIT_1" 0 2 1743, C4<0000000000000000000000000000000000000000000000000000000000000000000000000000000000000000000000000000000000000000000000000000000000000000000000000000000000000000000000000000000000000000000000000000000000000000000000000000000000000000000000000000000000000000>;
P_000000000634b6f0 .param/l "INIT_2" 0 2 1744, C4<0000000000000000000000000000000000000000000000000000000000000000000000000000000000000000000000000000000000000000000000000000000000000000000000000000000000000000000000000000000000000000000000000000000000000000000000000000000000000000000000000000000000000000>;
P_000000000634b728 .param/l "INIT_3" 0 2 1745, C4<0000000000000000000000000000000000000000000000000000000000000000000000000000000000000000000000000000000000000000000000000000000000000000000000000000000000000000000000000000000000000000000000000000000000000000000000000000000000000000000000000000000000000000>;
P_000000000634b760 .param/l "INIT_4" 0 2 1746, C4<0000000000000000000000000000000000000000000000000000000000000000000000000000000000000000000000000000000000000000000000000000000000000000000000000000000000000000000000000000000000000000000000000000000000000000000000000000000000000000000000000000000000000000>;
P_000000000634b798 .param/l "INIT_5" 0 2 1747, C4<0000000000000000000000000000000000000000000000000000000000000000000000000000000000000000000000000000000000000000000000000000000000000000000000000000000000000000000000000000000000000000000000000000000000000000000000000000000000000000000000000000000000000000>;
P_000000000634b7d0 .param/l "INIT_6" 0 2 1748, C4<0000000000000000000000000000000000000000000000000000000000000000000000000000000000000000000000000000000000000000000000000000000000000000000000000000000000000000000000000000000000000000000000000000000000000000000000000000000000000000000000000000000000000000>;
P_000000000634b808 .param/l "INIT_7" 0 2 1749, C4<0000000000000000000000000000000000000000000000000000000000000000000000000000000000000000000000000000000000000000000000000000000000000000000000000000000000000000000000000000000000000000000000000000000000000000000000000000000000000000000000000000000000000000>;
P_000000000634b840 .param/l "INIT_8" 0 2 1750, C4<0000000000000000000000000000000000000000000000000000000000000000000000000000000000000000000000000000000000000000000000000000000000000000000000000000000000000000000000000000000000000000000000000000000000000000000000000000000000000000000000000000000000000000>;
P_000000000634b878 .param/l "INIT_9" 0 2 1751, C4<0000000000000000000000000000000000000000000000000000000000000000000000000000000000000000000000000000000000000000000000000000000000000000000000000000000000000000000000000000000000000000000000000000000000000000000000000000000000000000000000000000000000000000>;
P_000000000634b8b0 .param/l "INIT_A" 0 2 1752, C4<0000000000000000000000000000000000000000000000000000000000000000000000000000000000000000000000000000000000000000000000000000000000000000000000000000000000000000000000000000000000000000000000000000000000000000000000000000000000000000000000000000000000000000>;
P_000000000634b8e8 .param/l "INIT_B" 0 2 1753, C4<0000000000000000000000000000000000000000000000000000000000000000000000000000000000000000000000000000000000000000000000000000000000000000000000000000000000000000000000000000000000000000000000000000000000000000000000000000000000000000000000000000000000000000>;
P_000000000634b920 .param/l "INIT_C" 0 2 1754, C4<0000000000000000000000000000000000000000000000000000000000000000000000000000000000000000000000000000000000000000000000000000000000000000000000000000000000000000000000000000000000000000000000000000000000000000000000000000000000000000000000000000000000000000>;
P_000000000634b958 .param/l "INIT_D" 0 2 1755, C4<0000000000000000000000000000000000000000000000000000000000000000000000000000000000000000000000000000000000000000000000000000000000000000000000000000000000000000000000000000000000000000000000000000000000000000000000000000000000000000000000000000000000000000>;
P_000000000634b990 .param/l "INIT_E" 0 2 1756, C4<0000000000000000000000000000000000000000000000000000000000000000000000000000000000000000000000000000000000000000000000000000000000000000000000000000000000000000000000000000000000000000000000000000000000000000000000000000000000000000000000000000000000000000>;
P_000000000634b9c8 .param/l "INIT_F" 0 2 1757, C4<0000000000000000000000000000000000000000000000000000000000000000000000000000000000000000000000000000000000000000000000000000000000000000000000000000000000000000000000000000000000000000000000000000000000000000000000000000000000000000000000000000000000000000>;
P_000000000634ba00 .param/str "INIT_FILE" 0 2 1759, "\000";
P_000000000634ba38 .param/l "READ_MODE" 0 2 1740, +C4<00000000000000000000000000000000>;
P_000000000634ba70 .param/l "WRITE_MODE" 0 2 1739, +C4<00000000000000000000000000000000>;
o00000000065fce98 .functor BUFZ 1, C4<z>; HiZ drive
L_00000000065527c0 .functor NOT 1, o00000000065fce98, C4<0>, C4<0>, C4<0>;
o00000000065fc988 .functor BUFZ 16, C4<zzzzzzzzzzzzzzzz>; HiZ drive
v0000000006630c10_0 .net "MASK", 15 0, o00000000065fc988;  0 drivers
o00000000065fc9b8 .functor BUFZ 11, C4<zzzzzzzzzzz>; HiZ drive
v0000000006632150_0 .net "RADDR", 10 0, o00000000065fc9b8;  0 drivers
o00000000065fca18 .functor BUFZ 1, C4<z>; HiZ drive
v0000000006630530_0 .net "RCLKE", 0 0, o00000000065fca18;  0 drivers
v0000000006631b10_0 .net "RCLKN", 0 0, o00000000065fce98;  0 drivers
v00000000066320b0_0 .net "RDATA", 15 0, L_0000000006552050;  1 drivers
o00000000065fcaa8 .functor BUFZ 1, C4<z>; HiZ drive
v00000000066305d0_0 .net "RE", 0 0, o00000000065fcaa8;  0 drivers
o00000000065fcb08 .functor BUFZ 11, C4<zzzzzzzzzzz>; HiZ drive
v000000000662fbd0_0 .net "WADDR", 10 0, o00000000065fcb08;  0 drivers
o00000000065fcb38 .functor BUFZ 1, C4<z>; HiZ drive
v0000000006630fd0_0 .net "WCLK", 0 0, o00000000065fcb38;  0 drivers
o00000000065fcb68 .functor BUFZ 1, C4<z>; HiZ drive
v0000000006630490_0 .net "WCLKE", 0 0, o00000000065fcb68;  0 drivers
o00000000065fcb98 .functor BUFZ 16, C4<zzzzzzzzzzzzzzzz>; HiZ drive
v00000000066321f0_0 .net "WDATA", 15 0, o00000000065fcb98;  0 drivers
o00000000065fcbf8 .functor BUFZ 1, C4<z>; HiZ drive
v000000000662fc70_0 .net "WE", 0 0, o00000000065fcbf8;  0 drivers
S_00000000065be7b0 .scope module, "RAM" "SB_RAM40_4K" 2 1781, 2 1487 0, S_00000000065ba920;
 .timescale -12 -12;
    .port_info 0 /OUTPUT 16 "RDATA";
    .port_info 1 /INPUT 1 "RCLK";
    .port_info 2 /INPUT 1 "RCLKE";
    .port_info 3 /INPUT 1 "RE";
    .port_info 4 /INPUT 11 "RADDR";
    .port_info 5 /INPUT 1 "WCLK";
    .port_info 6 /INPUT 1 "WCLKE";
    .port_info 7 /INPUT 1 "WE";
    .port_info 8 /INPUT 11 "WADDR";
    .port_info 9 /INPUT 16 "MASK";
    .port_info 10 /INPUT 16 "WDATA";
P_00000000065edc70 .param/l "INIT_0" 0 2 1507, C4<0000000000000000000000000000000000000000000000000000000000000000000000000000000000000000000000000000000000000000000000000000000000000000000000000000000000000000000000000000000000000000000000000000000000000000000000000000000000000000000000000000000000000000>;
P_00000000065edca8 .param/l "INIT_1" 0 2 1508, C4<0000000000000000000000000000000000000000000000000000000000000000000000000000000000000000000000000000000000000000000000000000000000000000000000000000000000000000000000000000000000000000000000000000000000000000000000000000000000000000000000000000000000000000>;
P_00000000065edce0 .param/l "INIT_2" 0 2 1509, C4<0000000000000000000000000000000000000000000000000000000000000000000000000000000000000000000000000000000000000000000000000000000000000000000000000000000000000000000000000000000000000000000000000000000000000000000000000000000000000000000000000000000000000000>;
P_00000000065edd18 .param/l "INIT_3" 0 2 1510, C4<0000000000000000000000000000000000000000000000000000000000000000000000000000000000000000000000000000000000000000000000000000000000000000000000000000000000000000000000000000000000000000000000000000000000000000000000000000000000000000000000000000000000000000>;
P_00000000065edd50 .param/l "INIT_4" 0 2 1511, C4<0000000000000000000000000000000000000000000000000000000000000000000000000000000000000000000000000000000000000000000000000000000000000000000000000000000000000000000000000000000000000000000000000000000000000000000000000000000000000000000000000000000000000000>;
P_00000000065edd88 .param/l "INIT_5" 0 2 1512, C4<0000000000000000000000000000000000000000000000000000000000000000000000000000000000000000000000000000000000000000000000000000000000000000000000000000000000000000000000000000000000000000000000000000000000000000000000000000000000000000000000000000000000000000>;
P_00000000065eddc0 .param/l "INIT_6" 0 2 1513, C4<0000000000000000000000000000000000000000000000000000000000000000000000000000000000000000000000000000000000000000000000000000000000000000000000000000000000000000000000000000000000000000000000000000000000000000000000000000000000000000000000000000000000000000>;
P_00000000065eddf8 .param/l "INIT_7" 0 2 1514, C4<0000000000000000000000000000000000000000000000000000000000000000000000000000000000000000000000000000000000000000000000000000000000000000000000000000000000000000000000000000000000000000000000000000000000000000000000000000000000000000000000000000000000000000>;
P_00000000065ede30 .param/l "INIT_8" 0 2 1515, C4<0000000000000000000000000000000000000000000000000000000000000000000000000000000000000000000000000000000000000000000000000000000000000000000000000000000000000000000000000000000000000000000000000000000000000000000000000000000000000000000000000000000000000000>;
P_00000000065ede68 .param/l "INIT_9" 0 2 1516, C4<0000000000000000000000000000000000000000000000000000000000000000000000000000000000000000000000000000000000000000000000000000000000000000000000000000000000000000000000000000000000000000000000000000000000000000000000000000000000000000000000000000000000000000>;
P_00000000065edea0 .param/l "INIT_A" 0 2 1517, C4<0000000000000000000000000000000000000000000000000000000000000000000000000000000000000000000000000000000000000000000000000000000000000000000000000000000000000000000000000000000000000000000000000000000000000000000000000000000000000000000000000000000000000000>;
P_00000000065eded8 .param/l "INIT_B" 0 2 1518, C4<0000000000000000000000000000000000000000000000000000000000000000000000000000000000000000000000000000000000000000000000000000000000000000000000000000000000000000000000000000000000000000000000000000000000000000000000000000000000000000000000000000000000000000>;
P_00000000065edf10 .param/l "INIT_C" 0 2 1519, C4<0000000000000000000000000000000000000000000000000000000000000000000000000000000000000000000000000000000000000000000000000000000000000000000000000000000000000000000000000000000000000000000000000000000000000000000000000000000000000000000000000000000000000000>;
P_00000000065edf48 .param/l "INIT_D" 0 2 1520, C4<0000000000000000000000000000000000000000000000000000000000000000000000000000000000000000000000000000000000000000000000000000000000000000000000000000000000000000000000000000000000000000000000000000000000000000000000000000000000000000000000000000000000000000>;
P_00000000065edf80 .param/l "INIT_E" 0 2 1521, C4<0000000000000000000000000000000000000000000000000000000000000000000000000000000000000000000000000000000000000000000000000000000000000000000000000000000000000000000000000000000000000000000000000000000000000000000000000000000000000000000000000000000000000000>;
P_00000000065edfb8 .param/l "INIT_F" 0 2 1522, C4<0000000000000000000000000000000000000000000000000000000000000000000000000000000000000000000000000000000000000000000000000000000000000000000000000000000000000000000000000000000000000000000000000000000000000000000000000000000000000000000000000000000000000000>;
P_00000000065edff0 .param/str "INIT_FILE" 0 2 1524, "\000";
P_00000000065ee028 .param/l "READ_MODE" 0 2 1505, +C4<00000000000000000000000000000000>;
P_00000000065ee060 .param/l "WRITE_MODE" 0 2 1504, +C4<00000000000000000000000000000000>;
v0000000006631610_0 .net "MASK", 15 0, o00000000065fc988;  alias, 0 drivers
v00000000066302b0_0 .net "RADDR", 10 0, o00000000065fc9b8;  alias, 0 drivers
v0000000006632290_0 .net "RCLK", 0 0, L_00000000065527c0;  1 drivers
v0000000006630df0_0 .net "RCLKE", 0 0, o00000000065fca18;  alias, 0 drivers
v00000000066307b0_0 .net "RDATA", 15 0, L_0000000006552050;  alias, 1 drivers
v0000000006631890_0 .var "RDATA_I", 15 0;
v0000000006632330_0 .net "RE", 0 0, o00000000065fcaa8;  alias, 0 drivers
L_0000000006650310 .functor BUFT 1, C4<0000000000000000>, C4<0>, C4<0>, C4<0>;
v000000000662ff90_0 .net "RMASK_I", 15 0, L_0000000006650310;  1 drivers
v0000000006630350_0 .net "WADDR", 10 0, o00000000065fcb08;  alias, 0 drivers
v0000000006631bb0_0 .net "WCLK", 0 0, o00000000065fcb38;  alias, 0 drivers
v00000000066303f0_0 .net "WCLKE", 0 0, o00000000065fcb68;  alias, 0 drivers
v0000000006630030_0 .net "WDATA", 15 0, o00000000065fcb98;  alias, 0 drivers
v0000000006630850_0 .net "WDATA_I", 15 0, L_000000000659dae0;  1 drivers
v00000000066300d0_0 .net "WE", 0 0, o00000000065fcbf8;  alias, 0 drivers
v0000000006631c50_0 .net "WMASK_I", 15 0, L_000000000659da70;  1 drivers
v0000000006632010_0 .var/i "i", 31 0;
v0000000006631250 .array "memory", 255 0, 15 0;
E_00000000065abcd0 .event posedge, v0000000006632290_0;
E_00000000065aad50 .event posedge, v0000000006631bb0_0;
S_0000000006644530 .scope generate, "genblk1" "genblk1" 2 1534, 2 1534 0, S_00000000065be7b0;
 .timescale -12 -12;
L_000000000659da70 .functor BUFZ 16, o00000000065fc988, C4<0000000000000000>, C4<0000000000000000>, C4<0000000000000000>;
S_0000000006643bd0 .scope generate, "genblk2" "genblk2" 2 1555, 2 1555 0, S_00000000065be7b0;
 .timescale -12 -12;
S_0000000006644b70 .scope generate, "genblk3" "genblk3" 2 1576, 2 1576 0, S_00000000065be7b0;
 .timescale -12 -12;
L_000000000659dae0 .functor BUFZ 16, o00000000065fcb98, C4<0000000000000000>, C4<0000000000000000>, C4<0000000000000000>;
S_0000000006643400 .scope generate, "genblk4" "genblk4" 2 1595, 2 1595 0, S_00000000065be7b0;
 .timescale -12 -12;
L_0000000006552050 .functor BUFZ 16, v0000000006631890_0, C4<0000000000000000>, C4<0000000000000000>, C4<0000000000000000>;
S_00000000065bac40 .scope module, "SB_RAM40_4KNRNW" "SB_RAM40_4KNRNW" 2 1998;
 .timescale -12 -12;
    .port_info 0 /OUTPUT 16 "RDATA";
    .port_info 1 /INPUT 1 "RCLKN";
    .port_info 2 /INPUT 1 "RCLKE";
    .port_info 3 /INPUT 1 "RE";
    .port_info 4 /INPUT 11 "RADDR";
    .port_info 5 /INPUT 1 "WCLKN";
    .port_info 6 /INPUT 1 "WCLKE";
    .port_info 7 /INPUT 1 "WE";
    .port_info 8 /INPUT 11 "WADDR";
    .port_info 9 /INPUT 16 "MASK";
    .port_info 10 /INPUT 16 "WDATA";
P_0000000006302d20 .param/l "INIT_0" 0 2 2014, C4<0000000000000000000000000000000000000000000000000000000000000000000000000000000000000000000000000000000000000000000000000000000000000000000000000000000000000000000000000000000000000000000000000000000000000000000000000000000000000000000000000000000000000000>;
P_0000000006302d58 .param/l "INIT_1" 0 2 2015, C4<0000000000000000000000000000000000000000000000000000000000000000000000000000000000000000000000000000000000000000000000000000000000000000000000000000000000000000000000000000000000000000000000000000000000000000000000000000000000000000000000000000000000000000>;
P_0000000006302d90 .param/l "INIT_2" 0 2 2016, C4<0000000000000000000000000000000000000000000000000000000000000000000000000000000000000000000000000000000000000000000000000000000000000000000000000000000000000000000000000000000000000000000000000000000000000000000000000000000000000000000000000000000000000000>;
P_0000000006302dc8 .param/l "INIT_3" 0 2 2017, C4<0000000000000000000000000000000000000000000000000000000000000000000000000000000000000000000000000000000000000000000000000000000000000000000000000000000000000000000000000000000000000000000000000000000000000000000000000000000000000000000000000000000000000000>;
P_0000000006302e00 .param/l "INIT_4" 0 2 2018, C4<0000000000000000000000000000000000000000000000000000000000000000000000000000000000000000000000000000000000000000000000000000000000000000000000000000000000000000000000000000000000000000000000000000000000000000000000000000000000000000000000000000000000000000>;
P_0000000006302e38 .param/l "INIT_5" 0 2 2019, C4<0000000000000000000000000000000000000000000000000000000000000000000000000000000000000000000000000000000000000000000000000000000000000000000000000000000000000000000000000000000000000000000000000000000000000000000000000000000000000000000000000000000000000000>;
P_0000000006302e70 .param/l "INIT_6" 0 2 2020, C4<0000000000000000000000000000000000000000000000000000000000000000000000000000000000000000000000000000000000000000000000000000000000000000000000000000000000000000000000000000000000000000000000000000000000000000000000000000000000000000000000000000000000000000>;
P_0000000006302ea8 .param/l "INIT_7" 0 2 2021, C4<0000000000000000000000000000000000000000000000000000000000000000000000000000000000000000000000000000000000000000000000000000000000000000000000000000000000000000000000000000000000000000000000000000000000000000000000000000000000000000000000000000000000000000>;
P_0000000006302ee0 .param/l "INIT_8" 0 2 2022, C4<0000000000000000000000000000000000000000000000000000000000000000000000000000000000000000000000000000000000000000000000000000000000000000000000000000000000000000000000000000000000000000000000000000000000000000000000000000000000000000000000000000000000000000>;
P_0000000006302f18 .param/l "INIT_9" 0 2 2023, C4<0000000000000000000000000000000000000000000000000000000000000000000000000000000000000000000000000000000000000000000000000000000000000000000000000000000000000000000000000000000000000000000000000000000000000000000000000000000000000000000000000000000000000000>;
P_0000000006302f50 .param/l "INIT_A" 0 2 2024, C4<0000000000000000000000000000000000000000000000000000000000000000000000000000000000000000000000000000000000000000000000000000000000000000000000000000000000000000000000000000000000000000000000000000000000000000000000000000000000000000000000000000000000000000>;
P_0000000006302f88 .param/l "INIT_B" 0 2 2025, C4<0000000000000000000000000000000000000000000000000000000000000000000000000000000000000000000000000000000000000000000000000000000000000000000000000000000000000000000000000000000000000000000000000000000000000000000000000000000000000000000000000000000000000000>;
P_0000000006302fc0 .param/l "INIT_C" 0 2 2026, C4<0000000000000000000000000000000000000000000000000000000000000000000000000000000000000000000000000000000000000000000000000000000000000000000000000000000000000000000000000000000000000000000000000000000000000000000000000000000000000000000000000000000000000000>;
P_0000000006302ff8 .param/l "INIT_D" 0 2 2027, C4<0000000000000000000000000000000000000000000000000000000000000000000000000000000000000000000000000000000000000000000000000000000000000000000000000000000000000000000000000000000000000000000000000000000000000000000000000000000000000000000000000000000000000000>;
P_0000000006303030 .param/l "INIT_E" 0 2 2028, C4<0000000000000000000000000000000000000000000000000000000000000000000000000000000000000000000000000000000000000000000000000000000000000000000000000000000000000000000000000000000000000000000000000000000000000000000000000000000000000000000000000000000000000000>;
P_0000000006303068 .param/l "INIT_F" 0 2 2029, C4<0000000000000000000000000000000000000000000000000000000000000000000000000000000000000000000000000000000000000000000000000000000000000000000000000000000000000000000000000000000000000000000000000000000000000000000000000000000000000000000000000000000000000000>;
P_00000000063030a0 .param/str "INIT_FILE" 0 2 2031, "\000";
P_00000000063030d8 .param/l "READ_MODE" 0 2 2012, +C4<00000000000000000000000000000000>;
P_0000000006303110 .param/l "WRITE_MODE" 0 2 2011, +C4<00000000000000000000000000000000>;
o00000000065fd5e8 .functor BUFZ 1, C4<z>; HiZ drive
L_0000000006552c90 .functor NOT 1, o00000000065fd5e8, C4<0>, C4<0>, C4<0>;
o00000000065fd618 .functor BUFZ 1, C4<z>; HiZ drive
L_00000000065529f0 .functor NOT 1, o00000000065fd618, C4<0>, C4<0>, C4<0>;
o00000000065fd0d8 .functor BUFZ 16, C4<zzzzzzzzzzzzzzzz>; HiZ drive
v0000000006631e30_0 .net "MASK", 15 0, o00000000065fd0d8;  0 drivers
o00000000065fd108 .functor BUFZ 11, C4<zzzzzzzzzzz>; HiZ drive
v0000000006631070_0 .net "RADDR", 10 0, o00000000065fd108;  0 drivers
o00000000065fd168 .functor BUFZ 1, C4<z>; HiZ drive
v0000000006630d50_0 .net "RCLKE", 0 0, o00000000065fd168;  0 drivers
v0000000006631a70_0 .net "RCLKN", 0 0, o00000000065fd5e8;  0 drivers
v0000000006630210_0 .net "RDATA", 15 0, L_0000000006551640;  1 drivers
o00000000065fd1f8 .functor BUFZ 1, C4<z>; HiZ drive
v0000000006631d90_0 .net "RE", 0 0, o00000000065fd1f8;  0 drivers
o00000000065fd258 .functor BUFZ 11, C4<zzzzzzzzzzz>; HiZ drive
v0000000006630e90_0 .net "WADDR", 10 0, o00000000065fd258;  0 drivers
o00000000065fd2b8 .functor BUFZ 1, C4<z>; HiZ drive
v0000000006631110_0 .net "WCLKE", 0 0, o00000000065fd2b8;  0 drivers
v0000000006631ed0_0 .net "WCLKN", 0 0, o00000000065fd618;  0 drivers
o00000000065fd2e8 .functor BUFZ 16, C4<zzzzzzzzzzzzzzzz>; HiZ drive
v0000000006631f70_0 .net "WDATA", 15 0, o00000000065fd2e8;  0 drivers
o00000000065fd348 .functor BUFZ 1, C4<z>; HiZ drive
v0000000006630f30_0 .net "WE", 0 0, o00000000065fd348;  0 drivers
S_00000000066451b0 .scope module, "RAM" "SB_RAM40_4K" 2 2053, 2 1487 0, S_00000000065bac40;
 .timescale -12 -12;
    .port_info 0 /OUTPUT 16 "RDATA";
    .port_info 1 /INPUT 1 "RCLK";
    .port_info 2 /INPUT 1 "RCLKE";
    .port_info 3 /INPUT 1 "RE";
    .port_info 4 /INPUT 11 "RADDR";
    .port_info 5 /INPUT 1 "WCLK";
    .port_info 6 /INPUT 1 "WCLKE";
    .port_info 7 /INPUT 1 "WE";
    .port_info 8 /INPUT 11 "WADDR";
    .port_info 9 /INPUT 16 "MASK";
    .port_info 10 /INPUT 16 "WDATA";
P_00000000066453c0 .param/l "INIT_0" 0 2 1507, C4<0000000000000000000000000000000000000000000000000000000000000000000000000000000000000000000000000000000000000000000000000000000000000000000000000000000000000000000000000000000000000000000000000000000000000000000000000000000000000000000000000000000000000000>;
P_00000000066453f8 .param/l "INIT_1" 0 2 1508, C4<0000000000000000000000000000000000000000000000000000000000000000000000000000000000000000000000000000000000000000000000000000000000000000000000000000000000000000000000000000000000000000000000000000000000000000000000000000000000000000000000000000000000000000>;
P_0000000006645430 .param/l "INIT_2" 0 2 1509, C4<0000000000000000000000000000000000000000000000000000000000000000000000000000000000000000000000000000000000000000000000000000000000000000000000000000000000000000000000000000000000000000000000000000000000000000000000000000000000000000000000000000000000000000>;
P_0000000006645468 .param/l "INIT_3" 0 2 1510, C4<0000000000000000000000000000000000000000000000000000000000000000000000000000000000000000000000000000000000000000000000000000000000000000000000000000000000000000000000000000000000000000000000000000000000000000000000000000000000000000000000000000000000000000>;
P_00000000066454a0 .param/l "INIT_4" 0 2 1511, C4<0000000000000000000000000000000000000000000000000000000000000000000000000000000000000000000000000000000000000000000000000000000000000000000000000000000000000000000000000000000000000000000000000000000000000000000000000000000000000000000000000000000000000000>;
P_00000000066454d8 .param/l "INIT_5" 0 2 1512, C4<0000000000000000000000000000000000000000000000000000000000000000000000000000000000000000000000000000000000000000000000000000000000000000000000000000000000000000000000000000000000000000000000000000000000000000000000000000000000000000000000000000000000000000>;
P_0000000006645510 .param/l "INIT_6" 0 2 1513, C4<0000000000000000000000000000000000000000000000000000000000000000000000000000000000000000000000000000000000000000000000000000000000000000000000000000000000000000000000000000000000000000000000000000000000000000000000000000000000000000000000000000000000000000>;
P_0000000006645548 .param/l "INIT_7" 0 2 1514, C4<0000000000000000000000000000000000000000000000000000000000000000000000000000000000000000000000000000000000000000000000000000000000000000000000000000000000000000000000000000000000000000000000000000000000000000000000000000000000000000000000000000000000000000>;
P_0000000006645580 .param/l "INIT_8" 0 2 1515, C4<0000000000000000000000000000000000000000000000000000000000000000000000000000000000000000000000000000000000000000000000000000000000000000000000000000000000000000000000000000000000000000000000000000000000000000000000000000000000000000000000000000000000000000>;
P_00000000066455b8 .param/l "INIT_9" 0 2 1516, C4<0000000000000000000000000000000000000000000000000000000000000000000000000000000000000000000000000000000000000000000000000000000000000000000000000000000000000000000000000000000000000000000000000000000000000000000000000000000000000000000000000000000000000000>;
P_00000000066455f0 .param/l "INIT_A" 0 2 1517, C4<0000000000000000000000000000000000000000000000000000000000000000000000000000000000000000000000000000000000000000000000000000000000000000000000000000000000000000000000000000000000000000000000000000000000000000000000000000000000000000000000000000000000000000>;
P_0000000006645628 .param/l "INIT_B" 0 2 1518, C4<0000000000000000000000000000000000000000000000000000000000000000000000000000000000000000000000000000000000000000000000000000000000000000000000000000000000000000000000000000000000000000000000000000000000000000000000000000000000000000000000000000000000000000>;
P_0000000006645660 .param/l "INIT_C" 0 2 1519, C4<0000000000000000000000000000000000000000000000000000000000000000000000000000000000000000000000000000000000000000000000000000000000000000000000000000000000000000000000000000000000000000000000000000000000000000000000000000000000000000000000000000000000000000>;
P_0000000006645698 .param/l "INIT_D" 0 2 1520, C4<0000000000000000000000000000000000000000000000000000000000000000000000000000000000000000000000000000000000000000000000000000000000000000000000000000000000000000000000000000000000000000000000000000000000000000000000000000000000000000000000000000000000000000>;
P_00000000066456d0 .param/l "INIT_E" 0 2 1521, C4<0000000000000000000000000000000000000000000000000000000000000000000000000000000000000000000000000000000000000000000000000000000000000000000000000000000000000000000000000000000000000000000000000000000000000000000000000000000000000000000000000000000000000000>;
P_0000000006645708 .param/l "INIT_F" 0 2 1522, C4<0000000000000000000000000000000000000000000000000000000000000000000000000000000000000000000000000000000000000000000000000000000000000000000000000000000000000000000000000000000000000000000000000000000000000000000000000000000000000000000000000000000000000000>;
P_0000000006645740 .param/str "INIT_FILE" 0 2 1524, "\000";
P_0000000006645778 .param/l "READ_MODE" 0 2 1505, +C4<00000000000000000000000000000000>;
P_00000000066457b0 .param/l "WRITE_MODE" 0 2 1504, +C4<00000000000000000000000000000000>;
v0000000006631750_0 .net "MASK", 15 0, o00000000065fd0d8;  alias, 0 drivers
v0000000006630670_0 .net "RADDR", 10 0, o00000000065fd108;  alias, 0 drivers
v0000000006631cf0_0 .net "RCLK", 0 0, L_0000000006552c90;  1 drivers
v000000000662fd10_0 .net "RCLKE", 0 0, o00000000065fd168;  alias, 0 drivers
v00000000066316b0_0 .net "RDATA", 15 0, L_0000000006551640;  alias, 1 drivers
v0000000006630710_0 .var "RDATA_I", 15 0;
v0000000006630a30_0 .net "RE", 0 0, o00000000065fd1f8;  alias, 0 drivers
L_0000000006650358 .functor BUFT 1, C4<0000000000000000>, C4<0>, C4<0>, C4<0>;
v0000000006630170_0 .net "RMASK_I", 15 0, L_0000000006650358;  1 drivers
v00000000066317f0_0 .net "WADDR", 10 0, o00000000065fd258;  alias, 0 drivers
v0000000006630cb0_0 .net "WCLK", 0 0, L_00000000065529f0;  1 drivers
v000000000662fdb0_0 .net "WCLKE", 0 0, o00000000065fd2b8;  alias, 0 drivers
v000000000662fe50_0 .net "WDATA", 15 0, o00000000065fd2e8;  alias, 0 drivers
v0000000006631930_0 .net "WDATA_I", 15 0, L_00000000065513a0;  1 drivers
v000000000662fef0_0 .net "WE", 0 0, o00000000065fd348;  alias, 0 drivers
v00000000066319d0_0 .net "WMASK_I", 15 0, L_0000000006551020;  1 drivers
v00000000066308f0_0 .var/i "i", 31 0;
v0000000006631390 .array "memory", 255 0, 15 0;
E_00000000065ab490 .event posedge, v0000000006631cf0_0;
E_00000000065ab5d0 .event posedge, v0000000006630cb0_0;
S_0000000006643590 .scope generate, "genblk1" "genblk1" 2 1534, 2 1534 0, S_00000000066451b0;
 .timescale -12 -12;
L_0000000006551020 .functor BUFZ 16, o00000000065fd0d8, C4<0000000000000000>, C4<0000000000000000>, C4<0000000000000000>;
S_0000000006643d60 .scope generate, "genblk2" "genblk2" 2 1555, 2 1555 0, S_00000000066451b0;
 .timescale -12 -12;
S_0000000006643720 .scope generate, "genblk3" "genblk3" 2 1576, 2 1576 0, S_00000000066451b0;
 .timescale -12 -12;
L_00000000065513a0 .functor BUFZ 16, o00000000065fd2e8, C4<0000000000000000>, C4<0000000000000000>, C4<0000000000000000>;
S_00000000066438b0 .scope generate, "genblk4" "genblk4" 2 1595, 2 1595 0, S_00000000066451b0;
 .timescale -12 -12;
L_0000000006551640 .functor BUFZ 16, v0000000006630710_0, C4<0000000000000000>, C4<0000000000000000>, C4<0000000000000000>;
S_00000000065be940 .scope module, "SB_RAM40_4KNW" "SB_RAM40_4KNW" 2 1862;
 .timescale -12 -12;
    .port_info 0 /OUTPUT 16 "RDATA";
    .port_info 1 /INPUT 1 "RCLK";
    .port_info 2 /INPUT 1 "RCLKE";
    .port_info 3 /INPUT 1 "RE";
    .port_info 4 /INPUT 11 "RADDR";
    .port_info 5 /INPUT 1 "WCLKN";
    .port_info 6 /INPUT 1 "WCLKE";
    .port_info 7 /INPUT 1 "WE";
    .port_info 8 /INPUT 11 "WADDR";
    .port_info 9 /INPUT 16 "MASK";
    .port_info 10 /INPUT 16 "WDATA";
P_00000000065bfaf0 .param/l "INIT_0" 0 2 1878, C4<0000000000000000000000000000000000000000000000000000000000000000000000000000000000000000000000000000000000000000000000000000000000000000000000000000000000000000000000000000000000000000000000000000000000000000000000000000000000000000000000000000000000000000>;
P_00000000065bfb28 .param/l "INIT_1" 0 2 1879, C4<0000000000000000000000000000000000000000000000000000000000000000000000000000000000000000000000000000000000000000000000000000000000000000000000000000000000000000000000000000000000000000000000000000000000000000000000000000000000000000000000000000000000000000>;
P_00000000065bfb60 .param/l "INIT_2" 0 2 1880, C4<0000000000000000000000000000000000000000000000000000000000000000000000000000000000000000000000000000000000000000000000000000000000000000000000000000000000000000000000000000000000000000000000000000000000000000000000000000000000000000000000000000000000000000>;
P_00000000065bfb98 .param/l "INIT_3" 0 2 1881, C4<0000000000000000000000000000000000000000000000000000000000000000000000000000000000000000000000000000000000000000000000000000000000000000000000000000000000000000000000000000000000000000000000000000000000000000000000000000000000000000000000000000000000000000>;
P_00000000065bfbd0 .param/l "INIT_4" 0 2 1882, C4<0000000000000000000000000000000000000000000000000000000000000000000000000000000000000000000000000000000000000000000000000000000000000000000000000000000000000000000000000000000000000000000000000000000000000000000000000000000000000000000000000000000000000000>;
P_00000000065bfc08 .param/l "INIT_5" 0 2 1883, C4<0000000000000000000000000000000000000000000000000000000000000000000000000000000000000000000000000000000000000000000000000000000000000000000000000000000000000000000000000000000000000000000000000000000000000000000000000000000000000000000000000000000000000000>;
P_00000000065bfc40 .param/l "INIT_6" 0 2 1884, C4<0000000000000000000000000000000000000000000000000000000000000000000000000000000000000000000000000000000000000000000000000000000000000000000000000000000000000000000000000000000000000000000000000000000000000000000000000000000000000000000000000000000000000000>;
P_00000000065bfc78 .param/l "INIT_7" 0 2 1885, C4<0000000000000000000000000000000000000000000000000000000000000000000000000000000000000000000000000000000000000000000000000000000000000000000000000000000000000000000000000000000000000000000000000000000000000000000000000000000000000000000000000000000000000000>;
P_00000000065bfcb0 .param/l "INIT_8" 0 2 1886, C4<0000000000000000000000000000000000000000000000000000000000000000000000000000000000000000000000000000000000000000000000000000000000000000000000000000000000000000000000000000000000000000000000000000000000000000000000000000000000000000000000000000000000000000>;
P_00000000065bfce8 .param/l "INIT_9" 0 2 1887, C4<0000000000000000000000000000000000000000000000000000000000000000000000000000000000000000000000000000000000000000000000000000000000000000000000000000000000000000000000000000000000000000000000000000000000000000000000000000000000000000000000000000000000000000>;
P_00000000065bfd20 .param/l "INIT_A" 0 2 1888, C4<0000000000000000000000000000000000000000000000000000000000000000000000000000000000000000000000000000000000000000000000000000000000000000000000000000000000000000000000000000000000000000000000000000000000000000000000000000000000000000000000000000000000000000>;
P_00000000065bfd58 .param/l "INIT_B" 0 2 1889, C4<0000000000000000000000000000000000000000000000000000000000000000000000000000000000000000000000000000000000000000000000000000000000000000000000000000000000000000000000000000000000000000000000000000000000000000000000000000000000000000000000000000000000000000>;
P_00000000065bfd90 .param/l "INIT_C" 0 2 1890, C4<0000000000000000000000000000000000000000000000000000000000000000000000000000000000000000000000000000000000000000000000000000000000000000000000000000000000000000000000000000000000000000000000000000000000000000000000000000000000000000000000000000000000000000>;
P_00000000065bfdc8 .param/l "INIT_D" 0 2 1891, C4<0000000000000000000000000000000000000000000000000000000000000000000000000000000000000000000000000000000000000000000000000000000000000000000000000000000000000000000000000000000000000000000000000000000000000000000000000000000000000000000000000000000000000000>;
P_00000000065bfe00 .param/l "INIT_E" 0 2 1892, C4<0000000000000000000000000000000000000000000000000000000000000000000000000000000000000000000000000000000000000000000000000000000000000000000000000000000000000000000000000000000000000000000000000000000000000000000000000000000000000000000000000000000000000000>;
P_00000000065bfe38 .param/l "INIT_F" 0 2 1893, C4<0000000000000000000000000000000000000000000000000000000000000000000000000000000000000000000000000000000000000000000000000000000000000000000000000000000000000000000000000000000000000000000000000000000000000000000000000000000000000000000000000000000000000000>;
P_00000000065bfe70 .param/str "INIT_FILE" 0 2 1895, "\000";
P_00000000065bfea8 .param/l "READ_MODE" 0 2 1876, +C4<00000000000000000000000000000000>;
P_00000000065bfee0 .param/l "WRITE_MODE" 0 2 1875, +C4<00000000000000000000000000000000>;
o00000000065fdd68 .functor BUFZ 1, C4<z>; HiZ drive
L_00000000063fb730 .functor NOT 1, o00000000065fdd68, C4<0>, C4<0>, C4<0>;
o00000000065fd858 .functor BUFZ 16, C4<zzzzzzzzzzzzzzzz>; HiZ drive
v0000000006649d40_0 .net "MASK", 15 0, o00000000065fd858;  0 drivers
o00000000065fd888 .functor BUFZ 11, C4<zzzzzzzzzzz>; HiZ drive
v0000000006649de0_0 .net "RADDR", 10 0, o00000000065fd888;  0 drivers
o00000000065fd8b8 .functor BUFZ 1, C4<z>; HiZ drive
v0000000006648940_0 .net "RCLK", 0 0, o00000000065fd8b8;  0 drivers
o00000000065fd8e8 .functor BUFZ 1, C4<z>; HiZ drive
v0000000006649e80_0 .net "RCLKE", 0 0, o00000000065fd8e8;  0 drivers
v0000000006648f80_0 .net "RDATA", 15 0, L_0000000006482f70;  1 drivers
o00000000065fd978 .functor BUFZ 1, C4<z>; HiZ drive
v0000000006647f40_0 .net "RE", 0 0, o00000000065fd978;  0 drivers
o00000000065fd9d8 .functor BUFZ 11, C4<zzzzzzzzzzz>; HiZ drive
v0000000006648440_0 .net "WADDR", 10 0, o00000000065fd9d8;  0 drivers
o00000000065fda38 .functor BUFZ 1, C4<z>; HiZ drive
v0000000006647d60_0 .net "WCLKE", 0 0, o00000000065fda38;  0 drivers
v00000000066484e0_0 .net "WCLKN", 0 0, o00000000065fdd68;  0 drivers
o00000000065fda68 .functor BUFZ 16, C4<zzzzzzzzzzzzzzzz>; HiZ drive
v0000000006649f20_0 .net "WDATA", 15 0, o00000000065fda68;  0 drivers
o00000000065fdac8 .functor BUFZ 1, C4<z>; HiZ drive
v00000000066483a0_0 .net "WE", 0 0, o00000000065fdac8;  0 drivers
S_0000000006643a40 .scope module, "RAM" "SB_RAM40_4K" 2 1917, 2 1487 0, S_00000000065be940;
 .timescale -12 -12;
    .port_info 0 /OUTPUT 16 "RDATA";
    .port_info 1 /INPUT 1 "RCLK";
    .port_info 2 /INPUT 1 "RCLKE";
    .port_info 3 /INPUT 1 "RE";
    .port_info 4 /INPUT 11 "RADDR";
    .port_info 5 /INPUT 1 "WCLK";
    .port_info 6 /INPUT 1 "WCLKE";
    .port_info 7 /INPUT 1 "WE";
    .port_info 8 /INPUT 11 "WADDR";
    .port_info 9 /INPUT 16 "MASK";
    .port_info 10 /INPUT 16 "WDATA";
P_00000000065ee0a0 .param/l "INIT_0" 0 2 1507, C4<0000000000000000000000000000000000000000000000000000000000000000000000000000000000000000000000000000000000000000000000000000000000000000000000000000000000000000000000000000000000000000000000000000000000000000000000000000000000000000000000000000000000000000>;
P_00000000065ee0d8 .param/l "INIT_1" 0 2 1508, C4<0000000000000000000000000000000000000000000000000000000000000000000000000000000000000000000000000000000000000000000000000000000000000000000000000000000000000000000000000000000000000000000000000000000000000000000000000000000000000000000000000000000000000000>;
P_00000000065ee110 .param/l "INIT_2" 0 2 1509, C4<0000000000000000000000000000000000000000000000000000000000000000000000000000000000000000000000000000000000000000000000000000000000000000000000000000000000000000000000000000000000000000000000000000000000000000000000000000000000000000000000000000000000000000>;
P_00000000065ee148 .param/l "INIT_3" 0 2 1510, C4<0000000000000000000000000000000000000000000000000000000000000000000000000000000000000000000000000000000000000000000000000000000000000000000000000000000000000000000000000000000000000000000000000000000000000000000000000000000000000000000000000000000000000000>;
P_00000000065ee180 .param/l "INIT_4" 0 2 1511, C4<0000000000000000000000000000000000000000000000000000000000000000000000000000000000000000000000000000000000000000000000000000000000000000000000000000000000000000000000000000000000000000000000000000000000000000000000000000000000000000000000000000000000000000>;
P_00000000065ee1b8 .param/l "INIT_5" 0 2 1512, C4<0000000000000000000000000000000000000000000000000000000000000000000000000000000000000000000000000000000000000000000000000000000000000000000000000000000000000000000000000000000000000000000000000000000000000000000000000000000000000000000000000000000000000000>;
P_00000000065ee1f0 .param/l "INIT_6" 0 2 1513, C4<0000000000000000000000000000000000000000000000000000000000000000000000000000000000000000000000000000000000000000000000000000000000000000000000000000000000000000000000000000000000000000000000000000000000000000000000000000000000000000000000000000000000000000>;
P_00000000065ee228 .param/l "INIT_7" 0 2 1514, C4<0000000000000000000000000000000000000000000000000000000000000000000000000000000000000000000000000000000000000000000000000000000000000000000000000000000000000000000000000000000000000000000000000000000000000000000000000000000000000000000000000000000000000000>;
P_00000000065ee260 .param/l "INIT_8" 0 2 1515, C4<0000000000000000000000000000000000000000000000000000000000000000000000000000000000000000000000000000000000000000000000000000000000000000000000000000000000000000000000000000000000000000000000000000000000000000000000000000000000000000000000000000000000000000>;
P_00000000065ee298 .param/l "INIT_9" 0 2 1516, C4<0000000000000000000000000000000000000000000000000000000000000000000000000000000000000000000000000000000000000000000000000000000000000000000000000000000000000000000000000000000000000000000000000000000000000000000000000000000000000000000000000000000000000000>;
P_00000000065ee2d0 .param/l "INIT_A" 0 2 1517, C4<0000000000000000000000000000000000000000000000000000000000000000000000000000000000000000000000000000000000000000000000000000000000000000000000000000000000000000000000000000000000000000000000000000000000000000000000000000000000000000000000000000000000000000>;
P_00000000065ee308 .param/l "INIT_B" 0 2 1518, C4<0000000000000000000000000000000000000000000000000000000000000000000000000000000000000000000000000000000000000000000000000000000000000000000000000000000000000000000000000000000000000000000000000000000000000000000000000000000000000000000000000000000000000000>;
P_00000000065ee340 .param/l "INIT_C" 0 2 1519, C4<0000000000000000000000000000000000000000000000000000000000000000000000000000000000000000000000000000000000000000000000000000000000000000000000000000000000000000000000000000000000000000000000000000000000000000000000000000000000000000000000000000000000000000>;
P_00000000065ee378 .param/l "INIT_D" 0 2 1520, C4<0000000000000000000000000000000000000000000000000000000000000000000000000000000000000000000000000000000000000000000000000000000000000000000000000000000000000000000000000000000000000000000000000000000000000000000000000000000000000000000000000000000000000000>;
P_00000000065ee3b0 .param/l "INIT_E" 0 2 1521, C4<0000000000000000000000000000000000000000000000000000000000000000000000000000000000000000000000000000000000000000000000000000000000000000000000000000000000000000000000000000000000000000000000000000000000000000000000000000000000000000000000000000000000000000>;
P_00000000065ee3e8 .param/l "INIT_F" 0 2 1522, C4<0000000000000000000000000000000000000000000000000000000000000000000000000000000000000000000000000000000000000000000000000000000000000000000000000000000000000000000000000000000000000000000000000000000000000000000000000000000000000000000000000000000000000000>;
P_00000000065ee420 .param/str "INIT_FILE" 0 2 1524, "\000";
P_00000000065ee458 .param/l "READ_MODE" 0 2 1505, +C4<00000000000000000000000000000000>;
P_00000000065ee490 .param/l "WRITE_MODE" 0 2 1504, +C4<00000000000000000000000000000000>;
v0000000006630990_0 .net "MASK", 15 0, o00000000065fd858;  alias, 0 drivers
v0000000006630ad0_0 .net "RADDR", 10 0, o00000000065fd888;  alias, 0 drivers
v0000000006631430_0 .net "RCLK", 0 0, o00000000065fd8b8;  alias, 0 drivers
v00000000066311b0_0 .net "RCLKE", 0 0, o00000000065fd8e8;  alias, 0 drivers
v0000000006630b70_0 .net "RDATA", 15 0, L_0000000006482f70;  alias, 1 drivers
v00000000066312f0_0 .var "RDATA_I", 15 0;
v00000000066314d0_0 .net "RE", 0 0, o00000000065fd978;  alias, 0 drivers
L_00000000066503a0 .functor BUFT 1, C4<0000000000000000>, C4<0>, C4<0>, C4<0>;
v0000000006631570_0 .net "RMASK_I", 15 0, L_00000000066503a0;  1 drivers
v0000000006649ca0_0 .net "WADDR", 10 0, o00000000065fd9d8;  alias, 0 drivers
v0000000006647a40_0 .net "WCLK", 0 0, L_00000000063fb730;  1 drivers
v0000000006647ae0_0 .net "WCLKE", 0 0, o00000000065fda38;  alias, 0 drivers
v00000000066490c0_0 .net "WDATA", 15 0, o00000000065fda68;  alias, 0 drivers
v00000000066481c0_0 .net "WDATA_I", 15 0, L_0000000006481d80;  1 drivers
v0000000006647860_0 .net "WE", 0 0, o00000000065fdac8;  alias, 0 drivers
v0000000006648c60_0 .net "WMASK_I", 15 0, L_0000000006481c30;  1 drivers
v0000000006648bc0_0 .var/i "i", 31 0;
v00000000066488a0 .array "memory", 255 0, 15 0;
E_00000000065ab750 .event posedge, v0000000006631430_0;
E_00000000065ab4d0 .event posedge, v0000000006647a40_0;
S_00000000066446c0 .scope generate, "genblk1" "genblk1" 2 1534, 2 1534 0, S_0000000006643a40;
 .timescale -12 -12;
L_0000000006481c30 .functor BUFZ 16, o00000000065fd858, C4<0000000000000000>, C4<0000000000000000>, C4<0000000000000000>;
S_0000000006643ef0 .scope generate, "genblk2" "genblk2" 2 1555, 2 1555 0, S_0000000006643a40;
 .timescale -12 -12;
S_0000000006644080 .scope generate, "genblk3" "genblk3" 2 1576, 2 1576 0, S_0000000006643a40;
 .timescale -12 -12;
L_0000000006481d80 .functor BUFZ 16, o00000000065fda68, C4<0000000000000000>, C4<0000000000000000>, C4<0000000000000000>;
S_0000000006644210 .scope generate, "genblk4" "genblk4" 2 1595, 2 1595 0, S_0000000006643a40;
 .timescale -12 -12;
L_0000000006482f70 .functor BUFZ 16, v00000000066312f0_0, C4<0000000000000000>, C4<0000000000000000>, C4<0000000000000000>;
S_00000000065bf5c0 .scope module, "SB_RGBA_DRV" "SB_RGBA_DRV" 2 2692;
 .timescale -12 -12;
    .port_info 0 /INPUT 1 "CURREN";
    .port_info 1 /INPUT 1 "RGBLEDEN";
    .port_info 2 /INPUT 1 "RGB0PWM";
    .port_info 3 /INPUT 1 "RGB1PWM";
    .port_info 4 /INPUT 1 "RGB2PWM";
    .port_info 5 /OUTPUT 1 "RGB0";
    .port_info 6 /OUTPUT 1 "RGB1";
    .port_info 7 /OUTPUT 1 "RGB2";
P_0000000006303150 .param/str "CURRENT_MODE" 0 2 2702, "0b0";
P_0000000006303188 .param/str "RGB0_CURRENT" 0 2 2703, "0b000000";
P_00000000063031c0 .param/str "RGB1_CURRENT" 0 2 2704, "0b000000";
P_00000000063031f8 .param/str "RGB2_CURRENT" 0 2 2705, "0b000000";
o00000000065fdfa8 .functor BUFZ 1, C4<z>; HiZ drive
v0000000006649660_0 .net "CURREN", 0 0, o00000000065fdfa8;  0 drivers
o00000000065fdfd8 .functor BUFZ 1, C4<z>; HiZ drive
v0000000006648b20_0 .net "RGB0", 0 0, o00000000065fdfd8;  0 drivers
o00000000065fe008 .functor BUFZ 1, C4<z>; HiZ drive
v0000000006647ea0_0 .net "RGB0PWM", 0 0, o00000000065fe008;  0 drivers
o00000000065fe038 .functor BUFZ 1, C4<z>; HiZ drive
v0000000006648120_0 .net "RGB1", 0 0, o00000000065fe038;  0 drivers
o00000000065fe068 .functor BUFZ 1, C4<z>; HiZ drive
v0000000006649160_0 .net "RGB1PWM", 0 0, o00000000065fe068;  0 drivers
o00000000065fe098 .functor BUFZ 1, C4<z>; HiZ drive
v0000000006648ee0_0 .net "RGB2", 0 0, o00000000065fe098;  0 drivers
o00000000065fe0c8 .functor BUFZ 1, C4<z>; HiZ drive
v00000000066493e0_0 .net "RGB2PWM", 0 0, o00000000065fe0c8;  0 drivers
o00000000065fe0f8 .functor BUFZ 1, C4<z>; HiZ drive
v0000000006647b80_0 .net "RGBLEDEN", 0 0, o00000000065fe0f8;  0 drivers
S_00000000065bec60 .scope module, "SB_RGB_DRV" "SB_RGB_DRV" 2 2716;
 .timescale -12 -12;
    .port_info 0 /INPUT 1 "RGBLEDEN";
    .port_info 1 /INPUT 1 "RGB0PWM";
    .port_info 2 /INPUT 1 "RGB1PWM";
    .port_info 3 /INPUT 1 "RGB2PWM";
    .port_info 4 /INPUT 1 "RGBPU";
    .port_info 5 /OUTPUT 1 "RGB0";
    .port_info 6 /OUTPUT 1 "RGB1";
    .port_info 7 /OUTPUT 1 "RGB2";
P_000000000635cdb0 .param/str "CURRENT_MODE" 0 2 2726, "0b0";
P_000000000635cde8 .param/str "RGB0_CURRENT" 0 2 2727, "0b000000";
P_000000000635ce20 .param/str "RGB1_CURRENT" 0 2 2728, "0b000000";
P_000000000635ce58 .param/str "RGB2_CURRENT" 0 2 2729, "0b000000";
o00000000065fe2a8 .functor BUFZ 1, C4<z>; HiZ drive
v00000000066489e0_0 .net "RGB0", 0 0, o00000000065fe2a8;  0 drivers
o00000000065fe2d8 .functor BUFZ 1, C4<z>; HiZ drive
v0000000006647c20_0 .net "RGB0PWM", 0 0, o00000000065fe2d8;  0 drivers
o00000000065fe308 .functor BUFZ 1, C4<z>; HiZ drive
v0000000006649fc0_0 .net "RGB1", 0 0, o00000000065fe308;  0 drivers
o00000000065fe338 .functor BUFZ 1, C4<z>; HiZ drive
v0000000006649020_0 .net "RGB1PWM", 0 0, o00000000065fe338;  0 drivers
o00000000065fe368 .functor BUFZ 1, C4<z>; HiZ drive
v0000000006648260_0 .net "RGB2", 0 0, o00000000065fe368;  0 drivers
o00000000065fe398 .functor BUFZ 1, C4<z>; HiZ drive
v0000000006648580_0 .net "RGB2PWM", 0 0, o00000000065fe398;  0 drivers
o00000000065fe3c8 .functor BUFZ 1, C4<z>; HiZ drive
v0000000006649200_0 .net "RGBLEDEN", 0 0, o00000000065fe3c8;  0 drivers
o00000000065fe3f8 .functor BUFZ 1, C4<z>; HiZ drive
v0000000006647900_0 .net "RGBPU", 0 0, o00000000065fe3f8;  0 drivers
S_00000000065be170 .scope module, "SB_SPI" "SB_SPI" 2 2776;
 .timescale -12 -12;
    .port_info 0 /INPUT 1 "SBCLKI";
    .port_info 1 /INPUT 1 "SBRWI";
    .port_info 2 /INPUT 1 "SBSTBI";
    .port_info 3 /INPUT 1 "SBADRI7";
    .port_info 4 /INPUT 1 "SBADRI6";
    .port_info 5 /INPUT 1 "SBADRI5";
    .port_info 6 /INPUT 1 "SBADRI4";
    .port_info 7 /INPUT 1 "SBADRI3";
    .port_info 8 /INPUT 1 "SBADRI2";
    .port_info 9 /INPUT 1 "SBADRI1";
    .port_info 10 /INPUT 1 "SBADRI0";
    .port_info 11 /INPUT 1 "SBDATI7";
    .port_info 12 /INPUT 1 "SBDATI6";
    .port_info 13 /INPUT 1 "SBDATI5";
    .port_info 14 /INPUT 1 "SBDATI4";
    .port_info 15 /INPUT 1 "SBDATI3";
    .port_info 16 /INPUT 1 "SBDATI2";
    .port_info 17 /INPUT 1 "SBDATI1";
    .port_info 18 /INPUT 1 "SBDATI0";
    .port_info 19 /INPUT 1 "MI";
    .port_info 20 /INPUT 1 "SI";
    .port_info 21 /INPUT 1 "SCKI";
    .port_info 22 /INPUT 1 "SCSNI";
    .port_info 23 /OUTPUT 1 "SBDATO7";
    .port_info 24 /OUTPUT 1 "SBDATO6";
    .port_info 25 /OUTPUT 1 "SBDATO5";
    .port_info 26 /OUTPUT 1 "SBDATO4";
    .port_info 27 /OUTPUT 1 "SBDATO3";
    .port_info 28 /OUTPUT 1 "SBDATO2";
    .port_info 29 /OUTPUT 1 "SBDATO1";
    .port_info 30 /OUTPUT 1 "SBDATO0";
    .port_info 31 /OUTPUT 1 "SBACKO";
    .port_info 32 /OUTPUT 1 "SPIIRQ";
    .port_info 33 /OUTPUT 1 "SPIWKUP";
    .port_info 34 /OUTPUT 1 "SO";
    .port_info 35 /OUTPUT 1 "SOE";
    .port_info 36 /OUTPUT 1 "MO";
    .port_info 37 /OUTPUT 1 "MOE";
    .port_info 38 /OUTPUT 1 "SCKO";
    .port_info 39 /OUTPUT 1 "SCKOE";
    .port_info 40 /OUTPUT 1 "MCSNO3";
    .port_info 41 /OUTPUT 1 "MCSNO2";
    .port_info 42 /OUTPUT 1 "MCSNO1";
    .port_info 43 /OUTPUT 1 "MCSNO0";
    .port_info 44 /OUTPUT 1 "MCSNOE3";
    .port_info 45 /OUTPUT 1 "MCSNOE2";
    .port_info 46 /OUTPUT 1 "MCSNOE1";
    .port_info 47 /OUTPUT 1 "MCSNOE0";
P_00000000065aa0d0 .param/str "BUS_ADDR74" 0 2 2826, "0b0000";
o00000000065fe5a8 .functor BUFZ 1, C4<z>; HiZ drive
v0000000006647cc0_0 .net "MCSNO0", 0 0, o00000000065fe5a8;  0 drivers
o00000000065fe5d8 .functor BUFZ 1, C4<z>; HiZ drive
v0000000006649480_0 .net "MCSNO1", 0 0, o00000000065fe5d8;  0 drivers
o00000000065fe608 .functor BUFZ 1, C4<z>; HiZ drive
v00000000066479a0_0 .net "MCSNO2", 0 0, o00000000065fe608;  0 drivers
o00000000065fe638 .functor BUFZ 1, C4<z>; HiZ drive
v0000000006647e00_0 .net "MCSNO3", 0 0, o00000000065fe638;  0 drivers
o00000000065fe668 .functor BUFZ 1, C4<z>; HiZ drive
v0000000006647fe0_0 .net "MCSNOE0", 0 0, o00000000065fe668;  0 drivers
o00000000065fe698 .functor BUFZ 1, C4<z>; HiZ drive
v0000000006649340_0 .net "MCSNOE1", 0 0, o00000000065fe698;  0 drivers
o00000000065fe6c8 .functor BUFZ 1, C4<z>; HiZ drive
v0000000006648080_0 .net "MCSNOE2", 0 0, o00000000065fe6c8;  0 drivers
o00000000065fe6f8 .functor BUFZ 1, C4<z>; HiZ drive
v0000000006648620_0 .net "MCSNOE3", 0 0, o00000000065fe6f8;  0 drivers
o00000000065fe728 .functor BUFZ 1, C4<z>; HiZ drive
v0000000006649840_0 .net "MI", 0 0, o00000000065fe728;  0 drivers
o00000000065fe758 .functor BUFZ 1, C4<z>; HiZ drive
v0000000006648d00_0 .net "MO", 0 0, o00000000065fe758;  0 drivers
o00000000065fe788 .functor BUFZ 1, C4<z>; HiZ drive
v00000000066492a0_0 .net "MOE", 0 0, o00000000065fe788;  0 drivers
o00000000065fe7b8 .functor BUFZ 1, C4<z>; HiZ drive
v00000000066486c0_0 .net "SBACKO", 0 0, o00000000065fe7b8;  0 drivers
o00000000065fe7e8 .functor BUFZ 1, C4<z>; HiZ drive
v0000000006649520_0 .net "SBADRI0", 0 0, o00000000065fe7e8;  0 drivers
o00000000065fe818 .functor BUFZ 1, C4<z>; HiZ drive
v0000000006648300_0 .net "SBADRI1", 0 0, o00000000065fe818;  0 drivers
o00000000065fe848 .functor BUFZ 1, C4<z>; HiZ drive
v00000000066495c0_0 .net "SBADRI2", 0 0, o00000000065fe848;  0 drivers
o00000000065fe878 .functor BUFZ 1, C4<z>; HiZ drive
v0000000006648760_0 .net "SBADRI3", 0 0, o00000000065fe878;  0 drivers
o00000000065fe8a8 .functor BUFZ 1, C4<z>; HiZ drive
v0000000006649700_0 .net "SBADRI4", 0 0, o00000000065fe8a8;  0 drivers
o00000000065fe8d8 .functor BUFZ 1, C4<z>; HiZ drive
v0000000006648800_0 .net "SBADRI5", 0 0, o00000000065fe8d8;  0 drivers
o00000000065fe908 .functor BUFZ 1, C4<z>; HiZ drive
v0000000006648a80_0 .net "SBADRI6", 0 0, o00000000065fe908;  0 drivers
o00000000065fe938 .functor BUFZ 1, C4<z>; HiZ drive
v00000000066497a0_0 .net "SBADRI7", 0 0, o00000000065fe938;  0 drivers
o00000000065fe968 .functor BUFZ 1, C4<z>; HiZ drive
v00000000066498e0_0 .net "SBCLKI", 0 0, o00000000065fe968;  0 drivers
o00000000065fe998 .functor BUFZ 1, C4<z>; HiZ drive
v0000000006649980_0 .net "SBDATI0", 0 0, o00000000065fe998;  0 drivers
o00000000065fe9c8 .functor BUFZ 1, C4<z>; HiZ drive
v0000000006649a20_0 .net "SBDATI1", 0 0, o00000000065fe9c8;  0 drivers
o00000000065fe9f8 .functor BUFZ 1, C4<z>; HiZ drive
v0000000006648da0_0 .net "SBDATI2", 0 0, o00000000065fe9f8;  0 drivers
o00000000065fea28 .functor BUFZ 1, C4<z>; HiZ drive
v0000000006649ac0_0 .net "SBDATI3", 0 0, o00000000065fea28;  0 drivers
o00000000065fea58 .functor BUFZ 1, C4<z>; HiZ drive
v0000000006649b60_0 .net "SBDATI4", 0 0, o00000000065fea58;  0 drivers
o00000000065fea88 .functor BUFZ 1, C4<z>; HiZ drive
v0000000006648e40_0 .net "SBDATI5", 0 0, o00000000065fea88;  0 drivers
o00000000065feab8 .functor BUFZ 1, C4<z>; HiZ drive
v0000000006649c00_0 .net "SBDATI6", 0 0, o00000000065feab8;  0 drivers
o00000000065feae8 .functor BUFZ 1, C4<z>; HiZ drive
v000000000664b8c0_0 .net "SBDATI7", 0 0, o00000000065feae8;  0 drivers
o00000000065feb18 .functor BUFZ 1, C4<z>; HiZ drive
v000000000664a9c0_0 .net "SBDATO0", 0 0, o00000000065feb18;  0 drivers
o00000000065feb48 .functor BUFZ 1, C4<z>; HiZ drive
v000000000664bb40_0 .net "SBDATO1", 0 0, o00000000065feb48;  0 drivers
o00000000065feb78 .functor BUFZ 1, C4<z>; HiZ drive
v000000000664ba00_0 .net "SBDATO2", 0 0, o00000000065feb78;  0 drivers
o00000000065feba8 .functor BUFZ 1, C4<z>; HiZ drive
v000000000664aec0_0 .net "SBDATO3", 0 0, o00000000065feba8;  0 drivers
o00000000065febd8 .functor BUFZ 1, C4<z>; HiZ drive
v000000000664c720_0 .net "SBDATO4", 0 0, o00000000065febd8;  0 drivers
o00000000065fec08 .functor BUFZ 1, C4<z>; HiZ drive
v000000000664baa0_0 .net "SBDATO5", 0 0, o00000000065fec08;  0 drivers
o00000000065fec38 .functor BUFZ 1, C4<z>; HiZ drive
v000000000664b280_0 .net "SBDATO6", 0 0, o00000000065fec38;  0 drivers
o00000000065fec68 .functor BUFZ 1, C4<z>; HiZ drive
v000000000664a380_0 .net "SBDATO7", 0 0, o00000000065fec68;  0 drivers
o00000000065fec98 .functor BUFZ 1, C4<z>; HiZ drive
v000000000664b500_0 .net "SBRWI", 0 0, o00000000065fec98;  0 drivers
o00000000065fecc8 .functor BUFZ 1, C4<z>; HiZ drive
v000000000664bbe0_0 .net "SBSTBI", 0 0, o00000000065fecc8;  0 drivers
o00000000065fecf8 .functor BUFZ 1, C4<z>; HiZ drive
v000000000664b780_0 .net "SCKI", 0 0, o00000000065fecf8;  0 drivers
o00000000065fed28 .functor BUFZ 1, C4<z>; HiZ drive
v000000000664b460_0 .net "SCKO", 0 0, o00000000065fed28;  0 drivers
o00000000065fed58 .functor BUFZ 1, C4<z>; HiZ drive
v000000000664c360_0 .net "SCKOE", 0 0, o00000000065fed58;  0 drivers
o00000000065fed88 .functor BUFZ 1, C4<z>; HiZ drive
v000000000664bc80_0 .net "SCSNI", 0 0, o00000000065fed88;  0 drivers
o00000000065fedb8 .functor BUFZ 1, C4<z>; HiZ drive
v000000000664bd20_0 .net "SI", 0 0, o00000000065fedb8;  0 drivers
o00000000065fede8 .functor BUFZ 1, C4<z>; HiZ drive
v000000000664c400_0 .net "SO", 0 0, o00000000065fede8;  0 drivers
o00000000065fee18 .functor BUFZ 1, C4<z>; HiZ drive
v000000000664a420_0 .net "SOE", 0 0, o00000000065fee18;  0 drivers
o00000000065fee48 .functor BUFZ 1, C4<z>; HiZ drive
v000000000664b820_0 .net "SPIIRQ", 0 0, o00000000065fee48;  0 drivers
o00000000065fee78 .functor BUFZ 1, C4<z>; HiZ drive
v000000000664c540_0 .net "SPIWKUP", 0 0, o00000000065fee78;  0 drivers
S_00000000065bdfe0 .scope module, "SB_SPRAM256KA" "SB_SPRAM256KA" 2 2600;
 .timescale -12 -12;
    .port_info 0 /INPUT 14 "ADDRESS";
    .port_info 1 /INPUT 16 "DATAIN";
    .port_info 2 /INPUT 4 "MASKWREN";
    .port_info 3 /INPUT 1 "WREN";
    .port_info 4 /INPUT 1 "CHIPSELECT";
    .port_info 5 /INPUT 1 "CLOCK";
    .port_info 6 /INPUT 1 "STANDBY";
    .port_info 7 /INPUT 1 "SLEEP";
    .port_info 8 /INPUT 1 "POWEROFF";
    .port_info 9 /OUTPUT 16 "DATAOUT";
o00000000065ff8f8 .functor BUFZ 1, C4<z>; HiZ drive
L_00000000063fbdc0 .functor OR 1, o00000000065ff8f8, L_00000000066aba30, C4<0>, C4<0>;
o00000000065ff7a8 .functor BUFZ 14, C4<zzzzzzzzzzzzzz>; HiZ drive
v000000000664c4a0_0 .net "ADDRESS", 13 0, o00000000065ff7a8;  0 drivers
o00000000065ff7d8 .functor BUFZ 1, C4<z>; HiZ drive
v000000000664b140_0 .net "CHIPSELECT", 0 0, o00000000065ff7d8;  0 drivers
o00000000065ff808 .functor BUFZ 1, C4<z>; HiZ drive
v000000000664c5e0_0 .net "CLOCK", 0 0, o00000000065ff808;  0 drivers
o00000000065ff838 .functor BUFZ 16, C4<zzzzzzzzzzzzzzzz>; HiZ drive
v000000000664a600_0 .net "DATAIN", 15 0, o00000000065ff838;  0 drivers
v000000000664a740_0 .var "DATAOUT", 15 0;
o00000000065ff898 .functor BUFZ 4, C4<zzzz>; HiZ drive
v000000000664a7e0_0 .net "MASKWREN", 3 0, o00000000065ff898;  0 drivers
o00000000065ff8c8 .functor BUFZ 1, C4<z>; HiZ drive
v000000000664ace0_0 .net "POWEROFF", 0 0, o00000000065ff8c8;  0 drivers
v000000000664a4c0_0 .net "SLEEP", 0 0, o00000000065ff8f8;  0 drivers
o00000000065ff928 .functor BUFZ 1, C4<z>; HiZ drive
v000000000664a560_0 .net "STANDBY", 0 0, o00000000065ff928;  0 drivers
o00000000065ff958 .functor BUFZ 1, C4<z>; HiZ drive
v000000000664a880_0 .net "WREN", 0 0, o00000000065ff958;  0 drivers
v000000000664b6e0_0 .net *"_ivl_1", 0 0, L_00000000066aba30;  1 drivers
v000000000664b640_0 .var/i "i", 31 0;
v000000000664a6a0 .array "mem", 16383 0, 15 0;
v000000000664b960_0 .net "off", 0 0, L_00000000063fbdc0;  1 drivers
E_00000000065ab610 .event posedge, v000000000664b960_0, v000000000664c5e0_0;
E_00000000065abc10 .event negedge, v000000000664ace0_0;
L_00000000066aba30 .reduce/nor o00000000065ff8c8;
S_00000000065be300 .scope module, "SB_WARMBOOT" "SB_WARMBOOT" 2 2593;
 .timescale -12 -12;
    .port_info 0 /INPUT 1 "BOOT";
    .port_info 1 /INPUT 1 "S1";
    .port_info 2 /INPUT 1 "S0";
o00000000065ffbf8 .functor BUFZ 1, C4<z>; HiZ drive
v000000000664a920_0 .net "BOOT", 0 0, o00000000065ffbf8;  0 drivers
o00000000065ffc28 .functor BUFZ 1, C4<z>; HiZ drive
v000000000664bdc0_0 .net "S0", 0 0, o00000000065ffc28;  0 drivers
o00000000065ffc58 .functor BUFZ 1, C4<z>; HiZ drive
v000000000664c040_0 .net "S1", 0 0, o00000000065ffc58;  0 drivers
S_00000000065bedf0 .scope module, "memory_tb" "memory_tb" 3 5;
 .timescale -9 -11;
P_00000000065aa290 .param/l "DURATION" 1 3 21, +C4<00000000000000000010011100010000>;
v000000000664b1e0_0 .var "clk", 0 0;
v000000000664a100_0 .var/i "i", 31 0;
v000000000664c220_0 .var "r_addr", 3 0;
v000000000664ac40_0 .net "r_data", 7 0, v000000000664ad80_0;  1 drivers
v000000000664c2c0_0 .var "r_en", 0 0;
v000000000664ab00_0 .var "w_addr", 3 0;
v000000000664ae20_0 .var "w_data", 7 0;
v000000000664aba0_0 .var "w_en", 0 0;
S_0000000006644850 .scope module, "uut" "memory" 3 30, 4 2 0, S_00000000065bedf0;
 .timescale -12 -12;
    .port_info 0 /INPUT 1 "clk";
    .port_info 1 /INPUT 1 "w_en";
    .port_info 2 /INPUT 1 "r_en";
    .port_info 3 /INPUT 4 "w_addr";
    .port_info 4 /INPUT 4 "r_addr";
    .port_info 5 /INPUT 8 "w_data";
    .port_info 6 /OUTPUT 8 "r_data";
P_00000000065abc50 .param/str "INIT_FILE" 0 4 5, "mem_init.txt";
v000000000664c0e0_0 .net "clk", 0 0, v000000000664b1e0_0;  1 drivers
v000000000664be60 .array "mem", 15 0, 7 0;
v000000000664bfa0_0 .net "r_addr", 3 0, v000000000664c220_0;  1 drivers
v000000000664ad80_0 .var "r_data", 7 0;
v000000000664aa60_0 .net "r_en", 0 0, v000000000664c2c0_0;  1 drivers
v000000000664bf00_0 .net "w_addr", 3 0, v000000000664ab00_0;  1 drivers
v000000000664c180_0 .net "w_data", 7 0, v000000000664ae20_0;  1 drivers
v000000000664b5a0_0 .net "w_en", 0 0, v000000000664aba0_0;  1 drivers
E_00000000065aae10 .event posedge, v000000000664c0e0_0;
    .scope S_0000000006456270;
T_2 ;
    %pushi/vec4 0, 0, 1;
    %store/vec4 v00000000065e4e10_0, 0, 1;
    %pushi/vec4 0, 0, 1;
    %store/vec4 v00000000065e4550_0, 0, 1;
    %end;
    .thread T_2;
    .scope S_0000000006456270;
T_3 ;
    %wait E_00000000065aa910;
    %load/vec4 v0000000006581cf0_0;
    %flag_set/vec4 8;
    %jmp/0xz  T_3.0, 8;
    %load/vec4 v000000000656c250_0;
    %flag_set/vec4 8;
    %jmp/0 T_3.2, 8;
    %pushi/vec4 0, 0, 1;
    %jmp/1 T_3.3, 8;
T_3.2 ; End of true expr.
    %load/vec4 v00000000065e51d0_0;
    %jmp/0 T_3.3, 8;
 ; End of false expr.
    %blend;
T_3.3;
    %assign/vec4 v00000000065e4e10_0, 0;
T_3.0 ;
    %jmp T_3;
    .thread T_3;
    .scope S_0000000006456270;
T_4 ;
    %wait E_00000000065aa890;
    %load/vec4 v000000000656c250_0;
    %flag_set/vec4 8;
    %jmp/0xz  T_4.0, 8;
    %pushi/vec4 0, 0, 1;
    %assign/vec4 v00000000065e4550_0, 0;
    %jmp T_4.1;
T_4.0 ;
    %load/vec4 v0000000006581cf0_0;
    %flag_set/vec4 8;
    %jmp/0xz  T_4.2, 8;
    %load/vec4 v00000000065e51d0_0;
    %assign/vec4 v00000000065e4550_0, 0;
T_4.2 ;
T_4.1 ;
    %jmp T_4;
    .thread T_4;
    .scope S_00000000065bef80;
T_5 ;
    %pushi/vec4 0, 0, 32;
    %store/vec4 v00000000065e3970_0, 0, 32;
T_5.0 ; Top of for-loop 
    %load/vec4 v00000000065e3970_0;
    %cmpi/s 16, 0, 32;
    %jmp/0xz T_5.1, 5;
    %pushi/vec4 0, 0, 256;
    %load/vec4 v00000000065e3970_0;
    %muli 16, 0, 32;
    %part/s 16;
    %pushi/vec4 0, 0, 32;
    %load/vec4 v00000000065e3970_0;
    %add;
    %ix/vec4/s 4;
    %store/vec4a v00000000065e4b90, 4, 0;
    %pushi/vec4 0, 0, 256;
    %load/vec4 v00000000065e3970_0;
    %muli 16, 0, 32;
    %part/s 16;
    %pushi/vec4 16, 0, 32;
    %load/vec4 v00000000065e3970_0;
    %add;
    %ix/vec4/s 4;
    %store/vec4a v00000000065e4b90, 4, 0;
    %pushi/vec4 0, 0, 256;
    %load/vec4 v00000000065e3970_0;
    %muli 16, 0, 32;
    %part/s 16;
    %pushi/vec4 32, 0, 32;
    %load/vec4 v00000000065e3970_0;
    %add;
    %ix/vec4/s 4;
    %store/vec4a v00000000065e4b90, 4, 0;
    %pushi/vec4 0, 0, 256;
    %load/vec4 v00000000065e3970_0;
    %muli 16, 0, 32;
    %part/s 16;
    %pushi/vec4 48, 0, 32;
    %load/vec4 v00000000065e3970_0;
    %add;
    %ix/vec4/s 4;
    %store/vec4a v00000000065e4b90, 4, 0;
    %pushi/vec4 0, 0, 256;
    %load/vec4 v00000000065e3970_0;
    %muli 16, 0, 32;
    %part/s 16;
    %pushi/vec4 64, 0, 32;
    %load/vec4 v00000000065e3970_0;
    %add;
    %ix/vec4/s 4;
    %store/vec4a v00000000065e4b90, 4, 0;
    %pushi/vec4 0, 0, 256;
    %load/vec4 v00000000065e3970_0;
    %muli 16, 0, 32;
    %part/s 16;
    %pushi/vec4 80, 0, 32;
    %load/vec4 v00000000065e3970_0;
    %add;
    %ix/vec4/s 4;
    %store/vec4a v00000000065e4b90, 4, 0;
    %pushi/vec4 0, 0, 256;
    %load/vec4 v00000000065e3970_0;
    %muli 16, 0, 32;
    %part/s 16;
    %pushi/vec4 96, 0, 32;
    %load/vec4 v00000000065e3970_0;
    %add;
    %ix/vec4/s 4;
    %store/vec4a v00000000065e4b90, 4, 0;
    %pushi/vec4 0, 0, 256;
    %load/vec4 v00000000065e3970_0;
    %muli 16, 0, 32;
    %part/s 16;
    %pushi/vec4 112, 0, 32;
    %load/vec4 v00000000065e3970_0;
    %add;
    %ix/vec4/s 4;
    %store/vec4a v00000000065e4b90, 4, 0;
    %pushi/vec4 0, 0, 256;
    %load/vec4 v00000000065e3970_0;
    %muli 16, 0, 32;
    %part/s 16;
    %pushi/vec4 128, 0, 32;
    %load/vec4 v00000000065e3970_0;
    %add;
    %ix/vec4/s 4;
    %store/vec4a v00000000065e4b90, 4, 0;
    %pushi/vec4 0, 0, 256;
    %load/vec4 v00000000065e3970_0;
    %muli 16, 0, 32;
    %part/s 16;
    %pushi/vec4 144, 0, 32;
    %load/vec4 v00000000065e3970_0;
    %add;
    %ix/vec4/s 4;
    %store/vec4a v00000000065e4b90, 4, 0;
    %pushi/vec4 0, 0, 256;
    %load/vec4 v00000000065e3970_0;
    %muli 16, 0, 32;
    %part/s 16;
    %pushi/vec4 160, 0, 32;
    %load/vec4 v00000000065e3970_0;
    %add;
    %ix/vec4/s 4;
    %store/vec4a v00000000065e4b90, 4, 0;
    %pushi/vec4 0, 0, 256;
    %load/vec4 v00000000065e3970_0;
    %muli 16, 0, 32;
    %part/s 16;
    %pushi/vec4 176, 0, 32;
    %load/vec4 v00000000065e3970_0;
    %add;
    %ix/vec4/s 4;
    %store/vec4a v00000000065e4b90, 4, 0;
    %pushi/vec4 0, 0, 256;
    %load/vec4 v00000000065e3970_0;
    %muli 16, 0, 32;
    %part/s 16;
    %pushi/vec4 192, 0, 32;
    %load/vec4 v00000000065e3970_0;
    %add;
    %ix/vec4/s 4;
    %store/vec4a v00000000065e4b90, 4, 0;
    %pushi/vec4 0, 0, 256;
    %load/vec4 v00000000065e3970_0;
    %muli 16, 0, 32;
    %part/s 16;
    %pushi/vec4 208, 0, 32;
    %load/vec4 v00000000065e3970_0;
    %add;
    %ix/vec4/s 4;
    %store/vec4a v00000000065e4b90, 4, 0;
    %pushi/vec4 0, 0, 256;
    %load/vec4 v00000000065e3970_0;
    %muli 16, 0, 32;
    %part/s 16;
    %pushi/vec4 224, 0, 32;
    %load/vec4 v00000000065e3970_0;
    %add;
    %ix/vec4/s 4;
    %store/vec4a v00000000065e4b90, 4, 0;
    %pushi/vec4 0, 0, 256;
    %load/vec4 v00000000065e3970_0;
    %muli 16, 0, 32;
    %part/s 16;
    %pushi/vec4 240, 0, 32;
    %load/vec4 v00000000065e3970_0;
    %add;
    %ix/vec4/s 4;
    %store/vec4a v00000000065e4b90, 4, 0;
T_5.2 ; for-loop step statement
    %load/vec4 v00000000065e3970_0;
    %addi 1, 0, 32;
    %store/vec4 v00000000065e3970_0, 0, 32;
    %jmp T_5.0;
T_5.1 ; for-loop exit label
    %end;
    .thread T_5;
    .scope S_00000000065bef80;
T_6 ;
    %wait E_00000000065aa950;
    %load/vec4 v00000000065e3790_0;
    %flag_set/vec4 9;
    %flag_get/vec4 9;
    %jmp/0 T_6.2, 9;
    %load/vec4 v00000000065e3510_0;
    %and;
T_6.2;
    %flag_set/vec4 8;
    %jmp/0xz  T_6.0, 8;
    %load/vec4 v00000000065e4af0_0;
    %parti/s 1, 0, 2;
    %nor/r;
    %flag_set/vec4 8;
    %jmp/0xz  T_6.3, 8;
    %load/vec4 v00000000065e3bf0_0;
    %parti/s 1, 0, 2;
    %load/vec4 v00000000065e36f0_0;
    %parti/s 8, 0, 2;
    %pad/u 10;
    %ix/vec4 3;
    %ix/load 4, 0, 0; Constant delay
    %assign/vec4/a/d v00000000065e4b90, 0, 4;
T_6.3 ;
    %load/vec4 v00000000065e4af0_0;
    %parti/s 1, 1, 2;
    %nor/r;
    %flag_set/vec4 8;
    %jmp/0xz  T_6.5, 8;
    %load/vec4 v00000000065e3bf0_0;
    %parti/s 1, 1, 2;
    %load/vec4 v00000000065e36f0_0;
    %parti/s 8, 0, 2;
    %pad/u 10;
    %ix/vec4 3;
    %ix/load 4, 1, 0; part off
    %ix/load 5, 0, 0; Constant delay
    %assign/vec4/a/d v00000000065e4b90, 4, 5;
T_6.5 ;
    %load/vec4 v00000000065e4af0_0;
    %parti/s 1, 2, 3;
    %nor/r;
    %flag_set/vec4 8;
    %jmp/0xz  T_6.7, 8;
    %load/vec4 v00000000065e3bf0_0;
    %parti/s 1, 2, 3;
    %load/vec4 v00000000065e36f0_0;
    %parti/s 8, 0, 2;
    %pad/u 10;
    %ix/vec4 3;
    %ix/load 4, 2, 0; part off
    %ix/load 5, 0, 0; Constant delay
    %assign/vec4/a/d v00000000065e4b90, 4, 5;
T_6.7 ;
    %load/vec4 v00000000065e4af0_0;
    %parti/s 1, 3, 3;
    %nor/r;
    %flag_set/vec4 8;
    %jmp/0xz  T_6.9, 8;
    %load/vec4 v00000000065e3bf0_0;
    %parti/s 1, 3, 3;
    %load/vec4 v00000000065e36f0_0;
    %parti/s 8, 0, 2;
    %pad/u 10;
    %ix/vec4 3;
    %ix/load 4, 3, 0; part off
    %ix/load 5, 0, 0; Constant delay
    %assign/vec4/a/d v00000000065e4b90, 4, 5;
T_6.9 ;
    %load/vec4 v00000000065e4af0_0;
    %parti/s 1, 4, 4;
    %nor/r;
    %flag_set/vec4 8;
    %jmp/0xz  T_6.11, 8;
    %load/vec4 v00000000065e3bf0_0;
    %parti/s 1, 4, 4;
    %load/vec4 v00000000065e36f0_0;
    %parti/s 8, 0, 2;
    %pad/u 10;
    %ix/vec4 3;
    %ix/load 4, 4, 0; part off
    %ix/load 5, 0, 0; Constant delay
    %assign/vec4/a/d v00000000065e4b90, 4, 5;
T_6.11 ;
    %load/vec4 v00000000065e4af0_0;
    %parti/s 1, 5, 4;
    %nor/r;
    %flag_set/vec4 8;
    %jmp/0xz  T_6.13, 8;
    %load/vec4 v00000000065e3bf0_0;
    %parti/s 1, 5, 4;
    %load/vec4 v00000000065e36f0_0;
    %parti/s 8, 0, 2;
    %pad/u 10;
    %ix/vec4 3;
    %ix/load 4, 5, 0; part off
    %ix/load 5, 0, 0; Constant delay
    %assign/vec4/a/d v00000000065e4b90, 4, 5;
T_6.13 ;
    %load/vec4 v00000000065e4af0_0;
    %parti/s 1, 6, 4;
    %nor/r;
    %flag_set/vec4 8;
    %jmp/0xz  T_6.15, 8;
    %load/vec4 v00000000065e3bf0_0;
    %parti/s 1, 6, 4;
    %load/vec4 v00000000065e36f0_0;
    %parti/s 8, 0, 2;
    %pad/u 10;
    %ix/vec4 3;
    %ix/load 4, 6, 0; part off
    %ix/load 5, 0, 0; Constant delay
    %assign/vec4/a/d v00000000065e4b90, 4, 5;
T_6.15 ;
    %load/vec4 v00000000065e4af0_0;
    %parti/s 1, 7, 4;
    %nor/r;
    %flag_set/vec4 8;
    %jmp/0xz  T_6.17, 8;
    %load/vec4 v00000000065e3bf0_0;
    %parti/s 1, 7, 4;
    %load/vec4 v00000000065e36f0_0;
    %parti/s 8, 0, 2;
    %pad/u 10;
    %ix/vec4 3;
    %ix/load 4, 7, 0; part off
    %ix/load 5, 0, 0; Constant delay
    %assign/vec4/a/d v00000000065e4b90, 4, 5;
T_6.17 ;
    %load/vec4 v00000000065e4af0_0;
    %parti/s 1, 8, 5;
    %nor/r;
    %flag_set/vec4 8;
    %jmp/0xz  T_6.19, 8;
    %load/vec4 v00000000065e3bf0_0;
    %parti/s 1, 8, 5;
    %load/vec4 v00000000065e36f0_0;
    %parti/s 8, 0, 2;
    %pad/u 10;
    %ix/vec4 3;
    %ix/load 4, 8, 0; part off
    %ix/load 5, 0, 0; Constant delay
    %assign/vec4/a/d v00000000065e4b90, 4, 5;
T_6.19 ;
    %load/vec4 v00000000065e4af0_0;
    %parti/s 1, 9, 5;
    %nor/r;
    %flag_set/vec4 8;
    %jmp/0xz  T_6.21, 8;
    %load/vec4 v00000000065e3bf0_0;
    %parti/s 1, 9, 5;
    %load/vec4 v00000000065e36f0_0;
    %parti/s 8, 0, 2;
    %pad/u 10;
    %ix/vec4 3;
    %ix/load 4, 9, 0; part off
    %ix/load 5, 0, 0; Constant delay
    %assign/vec4/a/d v00000000065e4b90, 4, 5;
T_6.21 ;
    %load/vec4 v00000000065e4af0_0;
    %parti/s 1, 10, 5;
    %nor/r;
    %flag_set/vec4 8;
    %jmp/0xz  T_6.23, 8;
    %load/vec4 v00000000065e3bf0_0;
    %parti/s 1, 10, 5;
    %load/vec4 v00000000065e36f0_0;
    %parti/s 8, 0, 2;
    %pad/u 10;
    %ix/vec4 3;
    %ix/load 4, 10, 0; part off
    %ix/load 5, 0, 0; Constant delay
    %assign/vec4/a/d v00000000065e4b90, 4, 5;
T_6.23 ;
    %load/vec4 v00000000065e4af0_0;
    %parti/s 1, 11, 5;
    %nor/r;
    %flag_set/vec4 8;
    %jmp/0xz  T_6.25, 8;
    %load/vec4 v00000000065e3bf0_0;
    %parti/s 1, 11, 5;
    %load/vec4 v00000000065e36f0_0;
    %parti/s 8, 0, 2;
    %pad/u 10;
    %ix/vec4 3;
    %ix/load 4, 11, 0; part off
    %ix/load 5, 0, 0; Constant delay
    %assign/vec4/a/d v00000000065e4b90, 4, 5;
T_6.25 ;
    %load/vec4 v00000000065e4af0_0;
    %parti/s 1, 12, 5;
    %nor/r;
    %flag_set/vec4 8;
    %jmp/0xz  T_6.27, 8;
    %load/vec4 v00000000065e3bf0_0;
    %parti/s 1, 12, 5;
    %load/vec4 v00000000065e36f0_0;
    %parti/s 8, 0, 2;
    %pad/u 10;
    %ix/vec4 3;
    %ix/load 4, 12, 0; part off
    %ix/load 5, 0, 0; Constant delay
    %assign/vec4/a/d v00000000065e4b90, 4, 5;
T_6.27 ;
    %load/vec4 v00000000065e4af0_0;
    %parti/s 1, 13, 5;
    %nor/r;
    %flag_set/vec4 8;
    %jmp/0xz  T_6.29, 8;
    %load/vec4 v00000000065e3bf0_0;
    %parti/s 1, 13, 5;
    %load/vec4 v00000000065e36f0_0;
    %parti/s 8, 0, 2;
    %pad/u 10;
    %ix/vec4 3;
    %ix/load 4, 13, 0; part off
    %ix/load 5, 0, 0; Constant delay
    %assign/vec4/a/d v00000000065e4b90, 4, 5;
T_6.29 ;
    %load/vec4 v00000000065e4af0_0;
    %parti/s 1, 14, 5;
    %nor/r;
    %flag_set/vec4 8;
    %jmp/0xz  T_6.31, 8;
    %load/vec4 v00000000065e3bf0_0;
    %parti/s 1, 14, 5;
    %load/vec4 v00000000065e36f0_0;
    %parti/s 8, 0, 2;
    %pad/u 10;
    %ix/vec4 3;
    %ix/load 4, 14, 0; part off
    %ix/load 5, 0, 0; Constant delay
    %assign/vec4/a/d v00000000065e4b90, 4, 5;
T_6.31 ;
    %load/vec4 v00000000065e4af0_0;
    %parti/s 1, 15, 5;
    %nor/r;
    %flag_set/vec4 8;
    %jmp/0xz  T_6.33, 8;
    %load/vec4 v00000000065e3bf0_0;
    %parti/s 1, 15, 5;
    %load/vec4 v00000000065e36f0_0;
    %parti/s 8, 0, 2;
    %pad/u 10;
    %ix/vec4 3;
    %ix/load 4, 15, 0; part off
    %ix/load 5, 0, 0; Constant delay
    %assign/vec4/a/d v00000000065e4b90, 4, 5;
T_6.33 ;
T_6.0 ;
    %jmp T_6;
    .thread T_6;
    .scope S_00000000065bef80;
T_7 ;
    %wait E_00000000065aac10;
    %load/vec4 v00000000065e47d0_0;
    %flag_set/vec4 9;
    %flag_get/vec4 9;
    %jmp/0 T_7.2, 9;
    %load/vec4 v00000000065e3f10_0;
    %and;
T_7.2;
    %flag_set/vec4 8;
    %jmp/0xz  T_7.0, 8;
    %load/vec4 v00000000065e3470_0;
    %parti/s 8, 0, 2;
    %pad/u 10;
    %ix/vec4 4;
    %load/vec4a v00000000065e4b90, 4;
    %load/vec4 v00000000065e4910_0;
    %inv;
    %and;
    %assign/vec4 v00000000065e3fb0_0, 0;
T_7.0 ;
    %jmp T_7;
    .thread T_7;
    .scope S_0000000006343020;
T_8 ;
    %pushi/vec4 0, 0, 1;
    %store/vec4 v00000000065e7860_0, 0, 1;
    %end;
    .thread T_8;
    .scope S_0000000006343020;
T_9 ;
    %wait E_00000000065aa410;
    %load/vec4 v00000000065e7f40_0;
    %assign/vec4 v00000000065e7860_0, 0;
    %jmp T_9;
    .thread T_9;
    .scope S_00000000063431b0;
T_10 ;
    %pushi/vec4 0, 0, 1;
    %store/vec4 v00000000065e9980_0, 0, 1;
    %end;
    .thread T_10;
    .scope S_00000000063431b0;
T_11 ;
    %wait E_00000000065aa990;
    %load/vec4 v00000000065e7900_0;
    %flag_set/vec4 8;
    %jmp/0xz  T_11.0, 8;
    %load/vec4 v00000000065e8260_0;
    %assign/vec4 v00000000065e9980_0, 0;
T_11.0 ;
    %jmp T_11;
    .thread T_11;
    .scope S_0000000006343340;
T_12 ;
    %pushi/vec4 0, 0, 1;
    %store/vec4 v00000000065e7540_0, 0, 1;
    %end;
    .thread T_12;
    .scope S_0000000006343340;
T_13 ;
    %wait E_00000000065aa310;
    %load/vec4 v00000000065e74a0_0;
    %flag_set/vec4 8;
    %jmp/0xz  T_13.0, 8;
    %pushi/vec4 0, 0, 1;
    %assign/vec4 v00000000065e7540_0, 0;
    %jmp T_13.1;
T_13.0 ;
    %load/vec4 v00000000065e9c00_0;
    %flag_set/vec4 8;
    %jmp/0xz  T_13.2, 8;
    %load/vec4 v00000000065e8300_0;
    %assign/vec4 v00000000065e7540_0, 0;
T_13.2 ;
T_13.1 ;
    %jmp T_13;
    .thread T_13;
    .scope S_0000000006347930;
T_14 ;
    %pushi/vec4 0, 0, 1;
    %store/vec4 v00000000065e7ae0_0, 0, 1;
    %end;
    .thread T_14;
    .scope S_0000000006347930;
T_15 ;
    %wait E_00000000065aa9d0;
    %load/vec4 v00000000065e7b80_0;
    %flag_set/vec4 8;
    %jmp/0xz  T_15.0, 8;
    %pushi/vec4 1, 0, 1;
    %assign/vec4 v00000000065e7ae0_0, 0;
    %jmp T_15.1;
T_15.0 ;
    %load/vec4 v00000000065e7a40_0;
    %flag_set/vec4 8;
    %jmp/0xz  T_15.2, 8;
    %load/vec4 v00000000065e79a0_0;
    %assign/vec4 v00000000065e7ae0_0, 0;
T_15.2 ;
T_15.1 ;
    %jmp T_15;
    .thread T_15;
    .scope S_0000000006347ac0;
T_16 ;
    %pushi/vec4 0, 0, 1;
    %store/vec4 v0000000006622800_0, 0, 1;
    %end;
    .thread T_16;
    .scope S_0000000006347ac0;
T_17 ;
    %wait E_00000000065aa050;
    %load/vec4 v0000000006623660_0;
    %flag_set/vec4 8;
    %jmp/0xz  T_17.0, 8;
    %load/vec4 v00000000066217c0_0;
    %flag_set/vec4 8;
    %jmp/0xz  T_17.2, 8;
    %pushi/vec4 0, 0, 1;
    %assign/vec4 v0000000006622800_0, 0;
    %jmp T_17.3;
T_17.2 ;
    %load/vec4 v0000000006622300_0;
    %assign/vec4 v0000000006622800_0, 0;
T_17.3 ;
T_17.0 ;
    %jmp T_17;
    .thread T_17;
    .scope S_0000000006347c50;
T_18 ;
    %pushi/vec4 0, 0, 1;
    %store/vec4 v0000000006622940_0, 0, 1;
    %end;
    .thread T_18;
    .scope S_0000000006347c50;
T_19 ;
    %wait E_00000000065aab50;
    %load/vec4 v0000000006622d00_0;
    %flag_set/vec4 8;
    %jmp/0xz  T_19.0, 8;
    %load/vec4 v00000000066228a0_0;
    %flag_set/vec4 8;
    %jmp/0xz  T_19.2, 8;
    %pushi/vec4 1, 0, 1;
    %assign/vec4 v0000000006622940_0, 0;
    %jmp T_19.3;
T_19.2 ;
    %load/vec4 v0000000006621c20_0;
    %assign/vec4 v0000000006622940_0, 0;
T_19.3 ;
T_19.0 ;
    %jmp T_19;
    .thread T_19;
    .scope S_0000000006351fa0;
T_20 ;
    %pushi/vec4 0, 0, 1;
    %store/vec4 v0000000006622da0_0, 0, 1;
    %end;
    .thread T_20;
    .scope S_0000000006351fa0;
T_21 ;
    %wait E_00000000065aaa10;
    %load/vec4 v00000000066229e0_0;
    %assign/vec4 v0000000006622da0_0, 0;
    %jmp T_21;
    .thread T_21;
    .scope S_0000000006352130;
T_22 ;
    %pushi/vec4 0, 0, 1;
    %store/vec4 v0000000006622a80_0, 0, 1;
    %end;
    .thread T_22;
    .scope S_0000000006352130;
T_23 ;
    %wait E_00000000065a9e90;
    %load/vec4 v0000000006621860_0;
    %flag_set/vec4 8;
    %jmp/0xz  T_23.0, 8;
    %load/vec4 v00000000066226c0_0;
    %assign/vec4 v0000000006622a80_0, 0;
T_23.0 ;
    %jmp T_23;
    .thread T_23;
    .scope S_00000000063522c0;
T_24 ;
    %pushi/vec4 0, 0, 1;
    %store/vec4 v00000000066214a0_0, 0, 1;
    %end;
    .thread T_24;
    .scope S_00000000063522c0;
T_25 ;
    %wait E_00000000065aa110;
    %load/vec4 v0000000006621040_0;
    %flag_set/vec4 8;
    %jmp/0xz  T_25.0, 8;
    %pushi/vec4 0, 0, 1;
    %assign/vec4 v00000000066214a0_0, 0;
    %jmp T_25.1;
T_25.0 ;
    %load/vec4 v0000000006621d60_0;
    %flag_set/vec4 8;
    %jmp/0xz  T_25.2, 8;
    %load/vec4 v0000000006622e40_0;
    %assign/vec4 v00000000066214a0_0, 0;
T_25.2 ;
T_25.1 ;
    %jmp T_25;
    .thread T_25;
    .scope S_00000000065b9140;
T_26 ;
    %pushi/vec4 0, 0, 1;
    %store/vec4 v0000000006623160_0, 0, 1;
    %end;
    .thread T_26;
    .scope S_00000000065b9140;
T_27 ;
    %wait E_00000000065a9e50;
    %load/vec4 v0000000006621900_0;
    %flag_set/vec4 8;
    %jmp/0xz  T_27.0, 8;
    %pushi/vec4 1, 0, 1;
    %assign/vec4 v0000000006623160_0, 0;
    %jmp T_27.1;
T_27.0 ;
    %load/vec4 v00000000066232a0_0;
    %flag_set/vec4 8;
    %jmp/0xz  T_27.2, 8;
    %load/vec4 v0000000006623340_0;
    %assign/vec4 v0000000006623160_0, 0;
T_27.2 ;
T_27.1 ;
    %jmp T_27;
    .thread T_27;
    .scope S_00000000065b92d0;
T_28 ;
    %pushi/vec4 0, 0, 1;
    %store/vec4 v00000000066219a0_0, 0, 1;
    %end;
    .thread T_28;
    .scope S_00000000065b92d0;
T_29 ;
    %wait E_00000000065aa2d0;
    %load/vec4 v0000000006622b20_0;
    %flag_set/vec4 8;
    %jmp/0xz  T_29.0, 8;
    %load/vec4 v0000000006623520_0;
    %flag_set/vec4 8;
    %jmp/0xz  T_29.2, 8;
    %pushi/vec4 0, 0, 1;
    %assign/vec4 v00000000066219a0_0, 0;
    %jmp T_29.3;
T_29.2 ;
    %load/vec4 v0000000006621540_0;
    %assign/vec4 v00000000066219a0_0, 0;
T_29.3 ;
T_29.0 ;
    %jmp T_29;
    .thread T_29;
    .scope S_00000000065b8c90;
T_30 ;
    %pushi/vec4 0, 0, 1;
    %store/vec4 v0000000006622c60_0, 0, 1;
    %end;
    .thread T_30;
    .scope S_00000000065b8c90;
T_31 ;
    %wait E_00000000065aaa90;
    %load/vec4 v0000000006622bc0_0;
    %flag_set/vec4 8;
    %jmp/0xz  T_31.0, 8;
    %load/vec4 v0000000006621a40_0;
    %flag_set/vec4 8;
    %jmp/0xz  T_31.2, 8;
    %pushi/vec4 1, 0, 1;
    %assign/vec4 v0000000006622c60_0, 0;
    %jmp T_31.3;
T_31.2 ;
    %load/vec4 v0000000006621b80_0;
    %assign/vec4 v0000000006622c60_0, 0;
T_31.3 ;
T_31.0 ;
    %jmp T_31;
    .thread T_31;
    .scope S_00000000065b8fb0;
T_32 ;
    %pushi/vec4 0, 0, 1;
    %store/vec4 v00000000066212c0_0, 0, 1;
    %end;
    .thread T_32;
    .scope S_00000000065b8fb0;
T_33 ;
    %wait E_00000000065aa210;
    %load/vec4 v00000000066230c0_0;
    %flag_set/vec4 8;
    %jmp/0xz  T_33.0, 8;
    %pushi/vec4 0, 0, 1;
    %assign/vec4 v00000000066212c0_0, 0;
    %jmp T_33.1;
T_33.0 ;
    %load/vec4 v0000000006622ee0_0;
    %assign/vec4 v00000000066212c0_0, 0;
T_33.1 ;
    %jmp T_33;
    .thread T_33;
    .scope S_00000000065b9460;
T_34 ;
    %pushi/vec4 0, 0, 1;
    %store/vec4 v0000000006623020_0, 0, 1;
    %end;
    .thread T_34;
    .scope S_00000000065b9460;
T_35 ;
    %wait E_00000000065aaad0;
    %load/vec4 v0000000006622260_0;
    %flag_set/vec4 8;
    %jmp/0xz  T_35.0, 8;
    %pushi/vec4 1, 0, 1;
    %assign/vec4 v0000000006623020_0, 0;
    %jmp T_35.1;
T_35.0 ;
    %load/vec4 v0000000006622f80_0;
    %assign/vec4 v0000000006623020_0, 0;
T_35.1 ;
    %jmp T_35;
    .thread T_35;
    .scope S_00000000065b95f0;
T_36 ;
    %pushi/vec4 0, 0, 1;
    %store/vec4 v00000000066221c0_0, 0, 1;
    %end;
    .thread T_36;
    .scope S_00000000065b95f0;
T_37 ;
    %wait E_00000000065aa150;
    %load/vec4 v00000000066235c0_0;
    %flag_set/vec4 8;
    %jmp/0xz  T_37.0, 8;
    %pushi/vec4 0, 0, 1;
    %assign/vec4 v00000000066221c0_0, 0;
    %jmp T_37.1;
T_37.0 ;
    %load/vec4 v0000000006623200_0;
    %assign/vec4 v00000000066221c0_0, 0;
T_37.1 ;
    %jmp T_37;
    .thread T_37;
    .scope S_00000000065b9780;
T_38 ;
    %pushi/vec4 0, 0, 1;
    %store/vec4 v0000000006621360_0, 0, 1;
    %end;
    .thread T_38;
    .scope S_00000000065b9780;
T_39 ;
    %wait E_00000000065aac90;
    %load/vec4 v0000000006620fa0_0;
    %flag_set/vec4 8;
    %jmp/0xz  T_39.0, 8;
    %pushi/vec4 1, 0, 1;
    %assign/vec4 v0000000006621360_0, 0;
    %jmp T_39.1;
T_39.0 ;
    %load/vec4 v0000000006622580_0;
    %assign/vec4 v0000000006621360_0, 0;
T_39.1 ;
    %jmp T_39;
    .thread T_39;
    .scope S_00000000065b9910;
T_40 ;
    %pushi/vec4 0, 0, 1;
    %store/vec4 v0000000006622760_0, 0, 1;
    %end;
    .thread T_40;
    .scope S_00000000065b9910;
T_41 ;
    %wait E_00000000065aa250;
    %load/vec4 v0000000006621400_0;
    %flag_set/vec4 8;
    %jmp/0xz  T_41.0, 8;
    %pushi/vec4 0, 0, 1;
    %assign/vec4 v0000000006622760_0, 0;
    %jmp T_41.1;
T_41.0 ;
    %load/vec4 v00000000066210e0_0;
    %assign/vec4 v0000000006622760_0, 0;
T_41.1 ;
    %jmp T_41;
    .thread T_41;
    .scope S_00000000065b8b00;
T_42 ;
    %pushi/vec4 0, 0, 1;
    %store/vec4 v0000000006621720_0, 0, 1;
    %end;
    .thread T_42;
    .scope S_00000000065b8b00;
T_43 ;
    %wait E_00000000065aa350;
    %load/vec4 v0000000006621e00_0;
    %flag_set/vec4 8;
    %jmp/0xz  T_43.0, 8;
    %pushi/vec4 1, 0, 1;
    %assign/vec4 v0000000006621720_0, 0;
    %jmp T_43.1;
T_43.0 ;
    %load/vec4 v0000000006621680_0;
    %assign/vec4 v0000000006621720_0, 0;
T_43.1 ;
    %jmp T_43;
    .thread T_43;
    .scope S_00000000065b8e20;
T_44 ;
    %pushi/vec4 0, 0, 1;
    %store/vec4 v0000000006621fe0_0, 0, 1;
    %end;
    .thread T_44;
    .scope S_00000000065b8e20;
T_45 ;
    %wait E_00000000065aa390;
    %load/vec4 v0000000006622120_0;
    %flag_set/vec4 8;
    %jmp/0xz  T_45.0, 8;
    %pushi/vec4 0, 0, 1;
    %assign/vec4 v0000000006621fe0_0, 0;
    %jmp T_45.1;
T_45.0 ;
    %load/vec4 v0000000006621f40_0;
    %assign/vec4 v0000000006621fe0_0, 0;
T_45.1 ;
    %jmp T_45;
    .thread T_45;
    .scope S_00000000065b9e30;
T_46 ;
    %pushi/vec4 0, 0, 1;
    %store/vec4 v00000000066242e0_0, 0, 1;
    %end;
    .thread T_46;
    .scope S_00000000065b9e30;
T_47 ;
    %wait E_00000000065aacd0;
    %load/vec4 v0000000006624c40_0;
    %flag_set/vec4 8;
    %jmp/0xz  T_47.0, 8;
    %pushi/vec4 1, 0, 1;
    %assign/vec4 v00000000066242e0_0, 0;
    %jmp T_47.1;
T_47.0 ;
    %load/vec4 v0000000006624240_0;
    %assign/vec4 v00000000066242e0_0, 0;
T_47.1 ;
    %jmp T_47;
    .thread T_47;
    .scope S_00000000065bdcc0;
T_48 ;
    %wait E_00000000065aa550;
    %load/vec4 v0000000006624920_0;
    %assign/vec4 v0000000006623e80_0, 0;
    %jmp T_48;
    .thread T_48;
    .scope S_00000000065bdcc0;
T_49 ;
    %wait E_00000000065aa550;
    %load/vec4 v0000000006624920_0;
    %flag_set/vec4 8;
    %jmp/0xz  T_49.0, 8;
    %load/vec4 v00000000066247e0_0;
    %assign/vec4 v0000000006624ba0_0, 0;
T_49.0 ;
    %jmp T_49;
    .thread T_49;
    .scope S_00000000065bdcc0;
T_50 ;
    %wait E_00000000065aa510;
    %load/vec4 v0000000006623e80_0;
    %flag_set/vec4 8;
    %jmp/0xz  T_50.0, 8;
    %load/vec4 v00000000066247e0_0;
    %assign/vec4 v0000000006624d80_0, 0;
T_50.0 ;
    %jmp T_50;
    .thread T_50;
    .scope S_00000000065bdcc0;
T_51 ;
    %wait E_00000000065aa4d0;
    %load/vec4 v0000000006624920_0;
    %assign/vec4 v0000000006624ce0_0, 0;
    %jmp T_51;
    .thread T_51;
    .scope S_00000000065bdcc0;
T_52 ;
    %wait E_00000000065aa4d0;
    %load/vec4 v0000000006624920_0;
    %flag_set/vec4 8;
    %jmp/0xz  T_52.0, 8;
    %load/vec4 v00000000066238e0_0;
    %assign/vec4 v0000000006624e20_0, 0;
T_52.0 ;
    %jmp T_52;
    .thread T_52;
    .scope S_00000000065bdcc0;
T_53 ;
    %wait E_00000000065aad10;
    %load/vec4 v0000000006624ce0_0;
    %flag_set/vec4 8;
    %jmp/0xz  T_53.0, 8;
    %load/vec4 v0000000006624880_0;
    %assign/vec4 v00000000066237a0_0, 0;
T_53.0 ;
    %jmp T_53;
    .thread T_53;
    .scope S_00000000065bdcc0;
T_54 ;
    %wait E_00000000065aa4d0;
    %load/vec4 v0000000006624920_0;
    %flag_set/vec4 8;
    %jmp/0xz  T_54.0, 8;
    %load/vec4 v00000000066246a0_0;
    %assign/vec4 v0000000006623c00_0, 0;
T_54.0 ;
    %jmp T_54;
    .thread T_54;
    .scope S_00000000065bf750;
T_55 ;
    %wait E_00000000065aa3d0;
    %load/vec4 v0000000006624ba0_0;
    %store/vec4 v0000000006624560_0, 0, 1;
    %load/vec4 v0000000006624d80_0;
    %store/vec4 v0000000006624a60_0, 0, 1;
    %jmp T_55;
    .thread T_55, $push;
    .scope S_00000000065bf750;
T_56 ;
    %wait E_00000000065aa1d0;
    %load/vec4 v0000000006624600_0;
    %assign/vec4 v0000000006623840_0, 0;
    %jmp T_56;
    .thread T_56, $push;
    .scope S_00000000065bf750;
T_57 ;
    %wait E_00000000065aa190;
    %load/vec4 v0000000006623840_0;
    %assign/vec4 v0000000006623b60_0, 0;
    %jmp T_57;
    .thread T_57, $push;
    .scope S_00000000065bf750;
T_58 ;
    %wait E_00000000065aa450;
    %load/vec4 v0000000006623b60_0;
    %pushi/vec4 0, 0, 1;
    %xor;
    %flag_set/vec4 8;
    %jmp/1 T_58.2, 8;
    %pushi/vec4 0, 0, 1;
    %flag_set/vec4 9;
    %flag_or 8, 9;
T_58.2;
    %jmp/0 T_58.0, 8;
    %load/vec4 v0000000006624e20_0;
    %jmp/1 T_58.1, 8;
T_58.0 ; End of true expr.
    %load/vec4 v00000000066237a0_0;
    %jmp/0 T_58.1, 8;
 ; End of false expr.
    %blend;
T_58.1;
    %store/vec4 v0000000006623ac0_0, 0, 1;
    %jmp T_58;
    .thread T_58, $push;
    .scope S_00000000065bde50;
T_59 ;
    %wait E_00000000065ab8d0;
    %load/vec4 v0000000006627b10_0;
    %flag_set/vec4 8;
    %jmp/0xz  T_59.0, 8;
    %load/vec4 v0000000006628650_0;
    %assign/vec4 v00000000066285b0_0, 0;
T_59.0 ;
    %jmp T_59;
    .thread T_59;
    .scope S_00000000065bde50;
T_60 ;
    %wait E_00000000065ab1d0;
    %load/vec4 v0000000006627b10_0;
    %flag_set/vec4 8;
    %jmp/0xz  T_60.0, 8;
    %load/vec4 v0000000006628650_0;
    %assign/vec4 v0000000006629230_0, 0;
T_60.0 ;
    %jmp T_60;
    .thread T_60;
    .scope S_00000000065bde50;
T_61 ;
    %wait E_00000000065aaed0;
    %load/vec4 v0000000006627b10_0;
    %flag_set/vec4 8;
    %jmp/0xz  T_61.0, 8;
    %load/vec4 v00000000066253b0_0;
    %assign/vec4 v0000000006628e70_0, 0;
T_61.0 ;
    %jmp T_61;
    .thread T_61;
    .scope S_00000000065bde50;
T_62 ;
    %wait E_00000000065ab010;
    %load/vec4 v0000000006627b10_0;
    %flag_set/vec4 8;
    %jmp/0xz  T_62.0, 8;
    %load/vec4 v0000000006625450_0;
    %assign/vec4 v00000000066281f0_0, 0;
T_62.0 ;
    %jmp T_62;
    .thread T_62;
    .scope S_00000000065bde50;
T_63 ;
    %wait E_00000000065aaed0;
    %load/vec4 v0000000006627b10_0;
    %flag_set/vec4 8;
    %jmp/0xz  T_63.0, 8;
    %load/vec4 v0000000006628b50_0;
    %assign/vec4 v0000000006628dd0_0, 0;
T_63.0 ;
    %jmp T_63;
    .thread T_63;
    .scope S_00000000065b9b10;
T_64 ;
    %wait E_00000000065ab850;
    %load/vec4 v00000000066285b0_0;
    %store/vec4 v0000000006629050_0, 0, 1;
    %load/vec4 v0000000006629230_0;
    %store/vec4 v00000000066280b0_0, 0, 1;
    %jmp T_64;
    .thread T_64, $push;
    .scope S_00000000065b9b10;
T_65 ;
    %wait E_00000000065ab210;
    %load/vec4 v0000000006625a90_0;
    %assign/vec4 v0000000006628150_0, 0;
    %jmp T_65;
    .thread T_65, $push;
    .scope S_00000000065b9b10;
T_66 ;
    %wait E_00000000065ab510;
    %load/vec4 v0000000006628150_0;
    %assign/vec4 v00000000066290f0_0, 0;
    %jmp T_66;
    .thread T_66, $push;
    .scope S_00000000065b9b10;
T_67 ;
    %wait E_00000000065a9d50;
    %load/vec4 v00000000066290f0_0;
    %pushi/vec4 0, 0, 1;
    %xor;
    %flag_set/vec4 8;
    %jmp/1 T_67.2, 8;
    %pushi/vec4 0, 0, 1;
    %flag_set/vec4 9;
    %flag_or 8, 9;
T_67.2;
    %jmp/0 T_67.0, 8;
    %load/vec4 v0000000006628e70_0;
    %jmp/1 T_67.1, 8;
T_67.0 ; End of true expr.
    %load/vec4 v00000000066281f0_0;
    %jmp/0 T_67.1, 8;
 ; End of false expr.
    %blend;
T_67.1;
    %store/vec4 v0000000006628790_0, 0, 1;
    %jmp T_67;
    .thread T_67, $push;
    .scope S_00000000065be620;
T_68 ;
    %wait E_00000000065ab590;
    %load/vec4 v0000000006629190_0;
    %flag_set/vec4 8;
    %jmp/0xz  T_68.0, 8;
    %load/vec4 v00000000066283d0_0;
    %assign/vec4 v0000000006628a10_0, 0;
T_68.0 ;
    %jmp T_68;
    .thread T_68;
    .scope S_00000000065be620;
T_69 ;
    %wait E_00000000065ab050;
    %load/vec4 v0000000006629190_0;
    %flag_set/vec4 8;
    %jmp/0xz  T_69.0, 8;
    %load/vec4 v00000000066283d0_0;
    %assign/vec4 v0000000006628fb0_0, 0;
T_69.0 ;
    %jmp T_69;
    .thread T_69;
    .scope S_00000000065be620;
T_70 ;
    %wait E_00000000065ab950;
    %load/vec4 v0000000006629190_0;
    %flag_set/vec4 8;
    %jmp/0xz  T_70.0, 8;
    %load/vec4 v0000000006628c90_0;
    %assign/vec4 v0000000006628ab0_0, 0;
T_70.0 ;
    %jmp T_70;
    .thread T_70;
    .scope S_00000000065be620;
T_71 ;
    %wait E_00000000065ab7d0;
    %load/vec4 v0000000006629190_0;
    %flag_set/vec4 8;
    %jmp/0xz  T_71.0, 8;
    %load/vec4 v0000000006628bf0_0;
    %assign/vec4 v0000000006627c50_0, 0;
T_71.0 ;
    %jmp T_71;
    .thread T_71;
    .scope S_00000000065be620;
T_72 ;
    %wait E_00000000065ab950;
    %load/vec4 v0000000006629190_0;
    %flag_set/vec4 8;
    %jmp/0xz  T_72.0, 8;
    %load/vec4 v0000000006628d30_0;
    %assign/vec4 v0000000006627cf0_0, 0;
T_72.0 ;
    %jmp T_72;
    .thread T_72;
    .scope S_00000000065bb280;
T_73 ;
    %wait E_00000000065aad90;
    %load/vec4 v0000000006628a10_0;
    %store/vec4 v0000000006628f10_0, 0, 1;
    %load/vec4 v0000000006628fb0_0;
    %store/vec4 v0000000006628470_0, 0, 1;
    %jmp T_73;
    .thread T_73, $push;
    .scope S_00000000065bb280;
T_74 ;
    %wait E_00000000065ab410;
    %load/vec4 v0000000006628970_0;
    %assign/vec4 v0000000006627bb0_0, 0;
    %jmp T_74;
    .thread T_74, $push;
    .scope S_00000000065bb280;
T_75 ;
    %wait E_00000000065ab250;
    %load/vec4 v0000000006627bb0_0;
    %assign/vec4 v0000000006627d90_0, 0;
    %jmp T_75;
    .thread T_75, $push;
    .scope S_00000000065bb280;
T_76 ;
    %wait E_00000000065ab550;
    %load/vec4 v0000000006627d90_0;
    %pushi/vec4 0, 0, 1;
    %xor;
    %flag_set/vec4 8;
    %jmp/1 T_76.2, 8;
    %pushi/vec4 0, 0, 1;
    %flag_set/vec4 9;
    %flag_or 8, 9;
T_76.2;
    %jmp/0 T_76.0, 8;
    %load/vec4 v0000000006628ab0_0;
    %jmp/1 T_76.1, 8;
T_76.0 ; End of true expr.
    %load/vec4 v0000000006627c50_0;
    %jmp/0 T_76.1, 8;
 ; End of false expr.
    %blend;
T_76.1;
    %store/vec4 v0000000006628010_0, 0, 1;
    %jmp T_76;
    .thread T_76, $push;
    .scope S_00000000065bb0f0;
T_77 ;
    %wait E_00000000065aaf10;
    %load/vec4 v0000000006629e60_0;
    %flag_set/vec4 8;
    %jmp/0xz  T_77.0, 8;
    %pushi/vec4 0, 0, 16;
    %assign/vec4 v0000000006634bd0_0, 0;
    %pushi/vec4 0, 0, 16;
    %assign/vec4 v0000000006632e70_0, 0;
    %jmp T_77.1;
T_77.0 ;
    %load/vec4 v0000000006629c80_0;
    %flag_set/vec4 8;
    %jmp/0xz  T_77.2, 8;
    %load/vec4 v0000000006629640_0;
    %nor/r;
    %flag_set/vec4 8;
    %jmp/0xz  T_77.4, 8;
    %load/vec4 v00000000066293c0_0;
    %assign/vec4 v0000000006634bd0_0, 0;
T_77.4 ;
    %load/vec4 v000000000662b260_0;
    %nor/r;
    %flag_set/vec4 8;
    %jmp/0xz  T_77.6, 8;
    %load/vec4 v000000000662ac20_0;
    %assign/vec4 v0000000006632e70_0, 0;
T_77.6 ;
T_77.2 ;
T_77.1 ;
    %jmp T_77;
    .thread T_77;
    .scope S_00000000065bb0f0;
T_78 ;
    %wait E_00000000065ab650;
    %load/vec4 v0000000006629dc0_0;
    %flag_set/vec4 8;
    %jmp/0xz  T_78.0, 8;
    %pushi/vec4 0, 0, 16;
    %assign/vec4 v0000000006635170_0, 0;
    %pushi/vec4 0, 0, 16;
    %assign/vec4 v0000000006635030_0, 0;
    %jmp T_78.1;
T_78.0 ;
    %load/vec4 v0000000006629c80_0;
    %flag_set/vec4 8;
    %jmp/0xz  T_78.2, 8;
    %load/vec4 v000000000662b620_0;
    %nor/r;
    %flag_set/vec4 8;
    %jmp/0xz  T_78.4, 8;
    %load/vec4 v000000000662b4e0_0;
    %assign/vec4 v0000000006635170_0, 0;
T_78.4 ;
    %load/vec4 v0000000006629a00_0;
    %nor/r;
    %flag_set/vec4 8;
    %jmp/0xz  T_78.6, 8;
    %load/vec4 v0000000006629960_0;
    %assign/vec4 v0000000006635030_0, 0;
T_78.6 ;
T_78.2 ;
T_78.1 ;
    %jmp T_78;
    .thread T_78;
    .scope S_00000000065bb0f0;
T_79 ;
    %wait E_00000000065aaf10;
    %load/vec4 v0000000006629e60_0;
    %flag_set/vec4 8;
    %jmp/0xz  T_79.0, 8;
    %pushi/vec4 0, 0, 16;
    %assign/vec4 v0000000006634db0_0, 0;
    %pushi/vec4 0, 0, 16;
    %assign/vec4 v0000000006634e50_0, 0;
    %jmp T_79.1;
T_79.0 ;
    %load/vec4 v0000000006629c80_0;
    %flag_set/vec4 8;
    %jmp/0xz  T_79.2, 8;
    %load/vec4 v0000000006633410_0;
    %assign/vec4 v0000000006634db0_0, 0;
    %load/vec4 v00000000066323d0_0;
    %assign/vec4 v0000000006634e50_0, 0;
T_79.2 ;
T_79.1 ;
    %jmp T_79;
    .thread T_79;
    .scope S_00000000065bb0f0;
T_80 ;
    %wait E_00000000065ab650;
    %load/vec4 v0000000006629dc0_0;
    %flag_set/vec4 8;
    %jmp/0xz  T_80.0, 8;
    %pushi/vec4 0, 0, 16;
    %assign/vec4 v0000000006634f90_0, 0;
    %pushi/vec4 0, 0, 16;
    %assign/vec4 v0000000006634ef0_0, 0;
    %jmp T_80.1;
T_80.0 ;
    %load/vec4 v0000000006629c80_0;
    %flag_set/vec4 8;
    %jmp/0xz  T_80.2, 8;
    %load/vec4 v0000000006633370_0;
    %assign/vec4 v0000000006634f90_0, 0;
    %load/vec4 v0000000006632470_0;
    %assign/vec4 v0000000006634ef0_0, 0;
T_80.2 ;
T_80.1 ;
    %jmp T_80;
    .thread T_80;
    .scope S_00000000065bb0f0;
T_81 ;
    %wait E_00000000065ab650;
    %load/vec4 v0000000006629dc0_0;
    %flag_set/vec4 8;
    %jmp/0xz  T_81.0, 8;
    %pushi/vec4 0, 0, 32;
    %assign/vec4 v00000000066350d0_0, 0;
    %jmp T_81.1;
T_81.0 ;
    %load/vec4 v0000000006629c80_0;
    %flag_set/vec4 8;
    %jmp/0xz  T_81.2, 8;
    %load/vec4 v00000000066332d0_0;
    %assign/vec4 v00000000066350d0_0, 0;
T_81.2 ;
T_81.1 ;
    %jmp T_81;
    .thread T_81;
    .scope S_00000000065bb0f0;
T_82 ;
    %wait E_00000000065abbd0;
    %load/vec4 v000000000662bd00_0;
    %flag_set/vec4 8;
    %jmp/0xz  T_82.0, 8;
    %pushi/vec4 0, 0, 16;
    %assign/vec4 v0000000006634c70_0, 0;
    %jmp T_82.1;
T_82.0 ;
    %load/vec4 v0000000006629c80_0;
    %flag_set/vec4 8;
    %jmp/0xz  T_82.2, 8;
    %load/vec4 v000000000662c7a0_0;
    %nor/r;
    %flag_set/vec4 8;
    %jmp/0xz  T_82.4, 8;
    %load/vec4 v0000000006633eb0_0;
    %assign/vec4 v0000000006634c70_0, 0;
T_82.4 ;
T_82.2 ;
T_82.1 ;
    %jmp T_82;
    .thread T_82;
    .scope S_00000000065bb0f0;
T_83 ;
    %wait E_00000000065aba10;
    %load/vec4 v000000000662c660_0;
    %flag_set/vec4 8;
    %jmp/0xz  T_83.0, 8;
    %pushi/vec4 0, 0, 16;
    %assign/vec4 v0000000006635210_0, 0;
    %jmp T_83.1;
T_83.0 ;
    %load/vec4 v0000000006629c80_0;
    %flag_set/vec4 8;
    %jmp/0xz  T_83.2, 8;
    %load/vec4 v000000000662bbc0_0;
    %nor/r;
    %flag_set/vec4 8;
    %jmp/0xz  T_83.4, 8;
    %load/vec4 v0000000006634770_0;
    %assign/vec4 v0000000006635210_0, 0;
T_83.4 ;
T_83.2 ;
T_83.1 ;
    %jmp T_83;
    .thread T_83;
    .scope S_00000000065be7b0;
T_84 ;
    %pushi/vec4 0, 0, 32;
    %store/vec4 v0000000006632010_0, 0, 32;
T_84.0 ; Top of for-loop 
    %load/vec4 v0000000006632010_0;
    %cmpi/s 16, 0, 32;
    %jmp/0xz T_84.1, 5;
    %pushi/vec4 0, 0, 256;
    %load/vec4 v0000000006632010_0;
    %muli 16, 0, 32;
    %part/s 16;
    %pushi/vec4 0, 0, 32;
    %load/vec4 v0000000006632010_0;
    %add;
    %ix/vec4/s 4;
    %store/vec4a v0000000006631250, 4, 0;
    %pushi/vec4 0, 0, 256;
    %load/vec4 v0000000006632010_0;
    %muli 16, 0, 32;
    %part/s 16;
    %pushi/vec4 16, 0, 32;
    %load/vec4 v0000000006632010_0;
    %add;
    %ix/vec4/s 4;
    %store/vec4a v0000000006631250, 4, 0;
    %pushi/vec4 0, 0, 256;
    %load/vec4 v0000000006632010_0;
    %muli 16, 0, 32;
    %part/s 16;
    %pushi/vec4 32, 0, 32;
    %load/vec4 v0000000006632010_0;
    %add;
    %ix/vec4/s 4;
    %store/vec4a v0000000006631250, 4, 0;
    %pushi/vec4 0, 0, 256;
    %load/vec4 v0000000006632010_0;
    %muli 16, 0, 32;
    %part/s 16;
    %pushi/vec4 48, 0, 32;
    %load/vec4 v0000000006632010_0;
    %add;
    %ix/vec4/s 4;
    %store/vec4a v0000000006631250, 4, 0;
    %pushi/vec4 0, 0, 256;
    %load/vec4 v0000000006632010_0;
    %muli 16, 0, 32;
    %part/s 16;
    %pushi/vec4 64, 0, 32;
    %load/vec4 v0000000006632010_0;
    %add;
    %ix/vec4/s 4;
    %store/vec4a v0000000006631250, 4, 0;
    %pushi/vec4 0, 0, 256;
    %load/vec4 v0000000006632010_0;
    %muli 16, 0, 32;
    %part/s 16;
    %pushi/vec4 80, 0, 32;
    %load/vec4 v0000000006632010_0;
    %add;
    %ix/vec4/s 4;
    %store/vec4a v0000000006631250, 4, 0;
    %pushi/vec4 0, 0, 256;
    %load/vec4 v0000000006632010_0;
    %muli 16, 0, 32;
    %part/s 16;
    %pushi/vec4 96, 0, 32;
    %load/vec4 v0000000006632010_0;
    %add;
    %ix/vec4/s 4;
    %store/vec4a v0000000006631250, 4, 0;
    %pushi/vec4 0, 0, 256;
    %load/vec4 v0000000006632010_0;
    %muli 16, 0, 32;
    %part/s 16;
    %pushi/vec4 112, 0, 32;
    %load/vec4 v0000000006632010_0;
    %add;
    %ix/vec4/s 4;
    %store/vec4a v0000000006631250, 4, 0;
    %pushi/vec4 0, 0, 256;
    %load/vec4 v0000000006632010_0;
    %muli 16, 0, 32;
    %part/s 16;
    %pushi/vec4 128, 0, 32;
    %load/vec4 v0000000006632010_0;
    %add;
    %ix/vec4/s 4;
    %store/vec4a v0000000006631250, 4, 0;
    %pushi/vec4 0, 0, 256;
    %load/vec4 v0000000006632010_0;
    %muli 16, 0, 32;
    %part/s 16;
    %pushi/vec4 144, 0, 32;
    %load/vec4 v0000000006632010_0;
    %add;
    %ix/vec4/s 4;
    %store/vec4a v0000000006631250, 4, 0;
    %pushi/vec4 0, 0, 256;
    %load/vec4 v0000000006632010_0;
    %muli 16, 0, 32;
    %part/s 16;
    %pushi/vec4 160, 0, 32;
    %load/vec4 v0000000006632010_0;
    %add;
    %ix/vec4/s 4;
    %store/vec4a v0000000006631250, 4, 0;
    %pushi/vec4 0, 0, 256;
    %load/vec4 v0000000006632010_0;
    %muli 16, 0, 32;
    %part/s 16;
    %pushi/vec4 176, 0, 32;
    %load/vec4 v0000000006632010_0;
    %add;
    %ix/vec4/s 4;
    %store/vec4a v0000000006631250, 4, 0;
    %pushi/vec4 0, 0, 256;
    %load/vec4 v0000000006632010_0;
    %muli 16, 0, 32;
    %part/s 16;
    %pushi/vec4 192, 0, 32;
    %load/vec4 v0000000006632010_0;
    %add;
    %ix/vec4/s 4;
    %store/vec4a v0000000006631250, 4, 0;
    %pushi/vec4 0, 0, 256;
    %load/vec4 v0000000006632010_0;
    %muli 16, 0, 32;
    %part/s 16;
    %pushi/vec4 208, 0, 32;
    %load/vec4 v0000000006632010_0;
    %add;
    %ix/vec4/s 4;
    %store/vec4a v0000000006631250, 4, 0;
    %pushi/vec4 0, 0, 256;
    %load/vec4 v0000000006632010_0;
    %muli 16, 0, 32;
    %part/s 16;
    %pushi/vec4 224, 0, 32;
    %load/vec4 v0000000006632010_0;
    %add;
    %ix/vec4/s 4;
    %store/vec4a v0000000006631250, 4, 0;
    %pushi/vec4 0, 0, 256;
    %load/vec4 v0000000006632010_0;
    %muli 16, 0, 32;
    %part/s 16;
    %pushi/vec4 240, 0, 32;
    %load/vec4 v0000000006632010_0;
    %add;
    %ix/vec4/s 4;
    %store/vec4a v0000000006631250, 4, 0;
T_84.2 ; for-loop step statement
    %load/vec4 v0000000006632010_0;
    %addi 1, 0, 32;
    %store/vec4 v0000000006632010_0, 0, 32;
    %jmp T_84.0;
T_84.1 ; for-loop exit label
    %end;
    .thread T_84;
    .scope S_00000000065be7b0;
T_85 ;
    %wait E_00000000065aad50;
    %load/vec4 v00000000066300d0_0;
    %flag_set/vec4 9;
    %flag_get/vec4 9;
    %jmp/0 T_85.2, 9;
    %load/vec4 v00000000066303f0_0;
    %and;
T_85.2;
    %flag_set/vec4 8;
    %jmp/0xz  T_85.0, 8;
    %load/vec4 v0000000006631c50_0;
    %parti/s 1, 0, 2;
    %nor/r;
    %flag_set/vec4 8;
    %jmp/0xz  T_85.3, 8;
    %load/vec4 v0000000006630850_0;
    %parti/s 1, 0, 2;
    %load/vec4 v0000000006630350_0;
    %parti/s 8, 0, 2;
    %pad/u 10;
    %ix/vec4 3;
    %ix/load 4, 0, 0; Constant delay
    %assign/vec4/a/d v0000000006631250, 0, 4;
T_85.3 ;
    %load/vec4 v0000000006631c50_0;
    %parti/s 1, 1, 2;
    %nor/r;
    %flag_set/vec4 8;
    %jmp/0xz  T_85.5, 8;
    %load/vec4 v0000000006630850_0;
    %parti/s 1, 1, 2;
    %load/vec4 v0000000006630350_0;
    %parti/s 8, 0, 2;
    %pad/u 10;
    %ix/vec4 3;
    %ix/load 4, 1, 0; part off
    %ix/load 5, 0, 0; Constant delay
    %assign/vec4/a/d v0000000006631250, 4, 5;
T_85.5 ;
    %load/vec4 v0000000006631c50_0;
    %parti/s 1, 2, 3;
    %nor/r;
    %flag_set/vec4 8;
    %jmp/0xz  T_85.7, 8;
    %load/vec4 v0000000006630850_0;
    %parti/s 1, 2, 3;
    %load/vec4 v0000000006630350_0;
    %parti/s 8, 0, 2;
    %pad/u 10;
    %ix/vec4 3;
    %ix/load 4, 2, 0; part off
    %ix/load 5, 0, 0; Constant delay
    %assign/vec4/a/d v0000000006631250, 4, 5;
T_85.7 ;
    %load/vec4 v0000000006631c50_0;
    %parti/s 1, 3, 3;
    %nor/r;
    %flag_set/vec4 8;
    %jmp/0xz  T_85.9, 8;
    %load/vec4 v0000000006630850_0;
    %parti/s 1, 3, 3;
    %load/vec4 v0000000006630350_0;
    %parti/s 8, 0, 2;
    %pad/u 10;
    %ix/vec4 3;
    %ix/load 4, 3, 0; part off
    %ix/load 5, 0, 0; Constant delay
    %assign/vec4/a/d v0000000006631250, 4, 5;
T_85.9 ;
    %load/vec4 v0000000006631c50_0;
    %parti/s 1, 4, 4;
    %nor/r;
    %flag_set/vec4 8;
    %jmp/0xz  T_85.11, 8;
    %load/vec4 v0000000006630850_0;
    %parti/s 1, 4, 4;
    %load/vec4 v0000000006630350_0;
    %parti/s 8, 0, 2;
    %pad/u 10;
    %ix/vec4 3;
    %ix/load 4, 4, 0; part off
    %ix/load 5, 0, 0; Constant delay
    %assign/vec4/a/d v0000000006631250, 4, 5;
T_85.11 ;
    %load/vec4 v0000000006631c50_0;
    %parti/s 1, 5, 4;
    %nor/r;
    %flag_set/vec4 8;
    %jmp/0xz  T_85.13, 8;
    %load/vec4 v0000000006630850_0;
    %parti/s 1, 5, 4;
    %load/vec4 v0000000006630350_0;
    %parti/s 8, 0, 2;
    %pad/u 10;
    %ix/vec4 3;
    %ix/load 4, 5, 0; part off
    %ix/load 5, 0, 0; Constant delay
    %assign/vec4/a/d v0000000006631250, 4, 5;
T_85.13 ;
    %load/vec4 v0000000006631c50_0;
    %parti/s 1, 6, 4;
    %nor/r;
    %flag_set/vec4 8;
    %jmp/0xz  T_85.15, 8;
    %load/vec4 v0000000006630850_0;
    %parti/s 1, 6, 4;
    %load/vec4 v0000000006630350_0;
    %parti/s 8, 0, 2;
    %pad/u 10;
    %ix/vec4 3;
    %ix/load 4, 6, 0; part off
    %ix/load 5, 0, 0; Constant delay
    %assign/vec4/a/d v0000000006631250, 4, 5;
T_85.15 ;
    %load/vec4 v0000000006631c50_0;
    %parti/s 1, 7, 4;
    %nor/r;
    %flag_set/vec4 8;
    %jmp/0xz  T_85.17, 8;
    %load/vec4 v0000000006630850_0;
    %parti/s 1, 7, 4;
    %load/vec4 v0000000006630350_0;
    %parti/s 8, 0, 2;
    %pad/u 10;
    %ix/vec4 3;
    %ix/load 4, 7, 0; part off
    %ix/load 5, 0, 0; Constant delay
    %assign/vec4/a/d v0000000006631250, 4, 5;
T_85.17 ;
    %load/vec4 v0000000006631c50_0;
    %parti/s 1, 8, 5;
    %nor/r;
    %flag_set/vec4 8;
    %jmp/0xz  T_85.19, 8;
    %load/vec4 v0000000006630850_0;
    %parti/s 1, 8, 5;
    %load/vec4 v0000000006630350_0;
    %parti/s 8, 0, 2;
    %pad/u 10;
    %ix/vec4 3;
    %ix/load 4, 8, 0; part off
    %ix/load 5, 0, 0; Constant delay
    %assign/vec4/a/d v0000000006631250, 4, 5;
T_85.19 ;
    %load/vec4 v0000000006631c50_0;
    %parti/s 1, 9, 5;
    %nor/r;
    %flag_set/vec4 8;
    %jmp/0xz  T_85.21, 8;
    %load/vec4 v0000000006630850_0;
    %parti/s 1, 9, 5;
    %load/vec4 v0000000006630350_0;
    %parti/s 8, 0, 2;
    %pad/u 10;
    %ix/vec4 3;
    %ix/load 4, 9, 0; part off
    %ix/load 5, 0, 0; Constant delay
    %assign/vec4/a/d v0000000006631250, 4, 5;
T_85.21 ;
    %load/vec4 v0000000006631c50_0;
    %parti/s 1, 10, 5;
    %nor/r;
    %flag_set/vec4 8;
    %jmp/0xz  T_85.23, 8;
    %load/vec4 v0000000006630850_0;
    %parti/s 1, 10, 5;
    %load/vec4 v0000000006630350_0;
    %parti/s 8, 0, 2;
    %pad/u 10;
    %ix/vec4 3;
    %ix/load 4, 10, 0; part off
    %ix/load 5, 0, 0; Constant delay
    %assign/vec4/a/d v0000000006631250, 4, 5;
T_85.23 ;
    %load/vec4 v0000000006631c50_0;
    %parti/s 1, 11, 5;
    %nor/r;
    %flag_set/vec4 8;
    %jmp/0xz  T_85.25, 8;
    %load/vec4 v0000000006630850_0;
    %parti/s 1, 11, 5;
    %load/vec4 v0000000006630350_0;
    %parti/s 8, 0, 2;
    %pad/u 10;
    %ix/vec4 3;
    %ix/load 4, 11, 0; part off
    %ix/load 5, 0, 0; Constant delay
    %assign/vec4/a/d v0000000006631250, 4, 5;
T_85.25 ;
    %load/vec4 v0000000006631c50_0;
    %parti/s 1, 12, 5;
    %nor/r;
    %flag_set/vec4 8;
    %jmp/0xz  T_85.27, 8;
    %load/vec4 v0000000006630850_0;
    %parti/s 1, 12, 5;
    %load/vec4 v0000000006630350_0;
    %parti/s 8, 0, 2;
    %pad/u 10;
    %ix/vec4 3;
    %ix/load 4, 12, 0; part off
    %ix/load 5, 0, 0; Constant delay
    %assign/vec4/a/d v0000000006631250, 4, 5;
T_85.27 ;
    %load/vec4 v0000000006631c50_0;
    %parti/s 1, 13, 5;
    %nor/r;
    %flag_set/vec4 8;
    %jmp/0xz  T_85.29, 8;
    %load/vec4 v0000000006630850_0;
    %parti/s 1, 13, 5;
    %load/vec4 v0000000006630350_0;
    %parti/s 8, 0, 2;
    %pad/u 10;
    %ix/vec4 3;
    %ix/load 4, 13, 0; part off
    %ix/load 5, 0, 0; Constant delay
    %assign/vec4/a/d v0000000006631250, 4, 5;
T_85.29 ;
    %load/vec4 v0000000006631c50_0;
    %parti/s 1, 14, 5;
    %nor/r;
    %flag_set/vec4 8;
    %jmp/0xz  T_85.31, 8;
    %load/vec4 v0000000006630850_0;
    %parti/s 1, 14, 5;
    %load/vec4 v0000000006630350_0;
    %parti/s 8, 0, 2;
    %pad/u 10;
    %ix/vec4 3;
    %ix/load 4, 14, 0; part off
    %ix/load 5, 0, 0; Constant delay
    %assign/vec4/a/d v0000000006631250, 4, 5;
T_85.31 ;
    %load/vec4 v0000000006631c50_0;
    %parti/s 1, 15, 5;
    %nor/r;
    %flag_set/vec4 8;
    %jmp/0xz  T_85.33, 8;
    %load/vec4 v0000000006630850_0;
    %parti/s 1, 15, 5;
    %load/vec4 v0000000006630350_0;
    %parti/s 8, 0, 2;
    %pad/u 10;
    %ix/vec4 3;
    %ix/load 4, 15, 0; part off
    %ix/load 5, 0, 0; Constant delay
    %assign/vec4/a/d v0000000006631250, 4, 5;
T_85.33 ;
T_85.0 ;
    %jmp T_85;
    .thread T_85;
    .scope S_00000000065be7b0;
T_86 ;
    %wait E_00000000065abcd0;
    %load/vec4 v0000000006632330_0;
    %flag_set/vec4 9;
    %flag_get/vec4 9;
    %jmp/0 T_86.2, 9;
    %load/vec4 v0000000006630df0_0;
    %and;
T_86.2;
    %flag_set/vec4 8;
    %jmp/0xz  T_86.0, 8;
    %load/vec4 v00000000066302b0_0;
    %parti/s 8, 0, 2;
    %pad/u 10;
    %ix/vec4 4;
    %load/vec4a v0000000006631250, 4;
    %load/vec4 v000000000662ff90_0;
    %inv;
    %and;
    %assign/vec4 v0000000006631890_0, 0;
T_86.0 ;
    %jmp T_86;
    .thread T_86;
    .scope S_00000000066451b0;
T_87 ;
    %pushi/vec4 0, 0, 32;
    %store/vec4 v00000000066308f0_0, 0, 32;
T_87.0 ; Top of for-loop 
    %load/vec4 v00000000066308f0_0;
    %cmpi/s 16, 0, 32;
    %jmp/0xz T_87.1, 5;
    %pushi/vec4 0, 0, 256;
    %load/vec4 v00000000066308f0_0;
    %muli 16, 0, 32;
    %part/s 16;
    %pushi/vec4 0, 0, 32;
    %load/vec4 v00000000066308f0_0;
    %add;
    %ix/vec4/s 4;
    %store/vec4a v0000000006631390, 4, 0;
    %pushi/vec4 0, 0, 256;
    %load/vec4 v00000000066308f0_0;
    %muli 16, 0, 32;
    %part/s 16;
    %pushi/vec4 16, 0, 32;
    %load/vec4 v00000000066308f0_0;
    %add;
    %ix/vec4/s 4;
    %store/vec4a v0000000006631390, 4, 0;
    %pushi/vec4 0, 0, 256;
    %load/vec4 v00000000066308f0_0;
    %muli 16, 0, 32;
    %part/s 16;
    %pushi/vec4 32, 0, 32;
    %load/vec4 v00000000066308f0_0;
    %add;
    %ix/vec4/s 4;
    %store/vec4a v0000000006631390, 4, 0;
    %pushi/vec4 0, 0, 256;
    %load/vec4 v00000000066308f0_0;
    %muli 16, 0, 32;
    %part/s 16;
    %pushi/vec4 48, 0, 32;
    %load/vec4 v00000000066308f0_0;
    %add;
    %ix/vec4/s 4;
    %store/vec4a v0000000006631390, 4, 0;
    %pushi/vec4 0, 0, 256;
    %load/vec4 v00000000066308f0_0;
    %muli 16, 0, 32;
    %part/s 16;
    %pushi/vec4 64, 0, 32;
    %load/vec4 v00000000066308f0_0;
    %add;
    %ix/vec4/s 4;
    %store/vec4a v0000000006631390, 4, 0;
    %pushi/vec4 0, 0, 256;
    %load/vec4 v00000000066308f0_0;
    %muli 16, 0, 32;
    %part/s 16;
    %pushi/vec4 80, 0, 32;
    %load/vec4 v00000000066308f0_0;
    %add;
    %ix/vec4/s 4;
    %store/vec4a v0000000006631390, 4, 0;
    %pushi/vec4 0, 0, 256;
    %load/vec4 v00000000066308f0_0;
    %muli 16, 0, 32;
    %part/s 16;
    %pushi/vec4 96, 0, 32;
    %load/vec4 v00000000066308f0_0;
    %add;
    %ix/vec4/s 4;
    %store/vec4a v0000000006631390, 4, 0;
    %pushi/vec4 0, 0, 256;
    %load/vec4 v00000000066308f0_0;
    %muli 16, 0, 32;
    %part/s 16;
    %pushi/vec4 112, 0, 32;
    %load/vec4 v00000000066308f0_0;
    %add;
    %ix/vec4/s 4;
    %store/vec4a v0000000006631390, 4, 0;
    %pushi/vec4 0, 0, 256;
    %load/vec4 v00000000066308f0_0;
    %muli 16, 0, 32;
    %part/s 16;
    %pushi/vec4 128, 0, 32;
    %load/vec4 v00000000066308f0_0;
    %add;
    %ix/vec4/s 4;
    %store/vec4a v0000000006631390, 4, 0;
    %pushi/vec4 0, 0, 256;
    %load/vec4 v00000000066308f0_0;
    %muli 16, 0, 32;
    %part/s 16;
    %pushi/vec4 144, 0, 32;
    %load/vec4 v00000000066308f0_0;
    %add;
    %ix/vec4/s 4;
    %store/vec4a v0000000006631390, 4, 0;
    %pushi/vec4 0, 0, 256;
    %load/vec4 v00000000066308f0_0;
    %muli 16, 0, 32;
    %part/s 16;
    %pushi/vec4 160, 0, 32;
    %load/vec4 v00000000066308f0_0;
    %add;
    %ix/vec4/s 4;
    %store/vec4a v0000000006631390, 4, 0;
    %pushi/vec4 0, 0, 256;
    %load/vec4 v00000000066308f0_0;
    %muli 16, 0, 32;
    %part/s 16;
    %pushi/vec4 176, 0, 32;
    %load/vec4 v00000000066308f0_0;
    %add;
    %ix/vec4/s 4;
    %store/vec4a v0000000006631390, 4, 0;
    %pushi/vec4 0, 0, 256;
    %load/vec4 v00000000066308f0_0;
    %muli 16, 0, 32;
    %part/s 16;
    %pushi/vec4 192, 0, 32;
    %load/vec4 v00000000066308f0_0;
    %add;
    %ix/vec4/s 4;
    %store/vec4a v0000000006631390, 4, 0;
    %pushi/vec4 0, 0, 256;
    %load/vec4 v00000000066308f0_0;
    %muli 16, 0, 32;
    %part/s 16;
    %pushi/vec4 208, 0, 32;
    %load/vec4 v00000000066308f0_0;
    %add;
    %ix/vec4/s 4;
    %store/vec4a v0000000006631390, 4, 0;
    %pushi/vec4 0, 0, 256;
    %load/vec4 v00000000066308f0_0;
    %muli 16, 0, 32;
    %part/s 16;
    %pushi/vec4 224, 0, 32;
    %load/vec4 v00000000066308f0_0;
    %add;
    %ix/vec4/s 4;
    %store/vec4a v0000000006631390, 4, 0;
    %pushi/vec4 0, 0, 256;
    %load/vec4 v00000000066308f0_0;
    %muli 16, 0, 32;
    %part/s 16;
    %pushi/vec4 240, 0, 32;
    %load/vec4 v00000000066308f0_0;
    %add;
    %ix/vec4/s 4;
    %store/vec4a v0000000006631390, 4, 0;
T_87.2 ; for-loop step statement
    %load/vec4 v00000000066308f0_0;
    %addi 1, 0, 32;
    %store/vec4 v00000000066308f0_0, 0, 32;
    %jmp T_87.0;
T_87.1 ; for-loop exit label
    %end;
    .thread T_87;
    .scope S_00000000066451b0;
T_88 ;
    %wait E_00000000065ab5d0;
    %load/vec4 v000000000662fef0_0;
    %flag_set/vec4 9;
    %flag_get/vec4 9;
    %jmp/0 T_88.2, 9;
    %load/vec4 v000000000662fdb0_0;
    %and;
T_88.2;
    %flag_set/vec4 8;
    %jmp/0xz  T_88.0, 8;
    %load/vec4 v00000000066319d0_0;
    %parti/s 1, 0, 2;
    %nor/r;
    %flag_set/vec4 8;
    %jmp/0xz  T_88.3, 8;
    %load/vec4 v0000000006631930_0;
    %parti/s 1, 0, 2;
    %load/vec4 v00000000066317f0_0;
    %parti/s 8, 0, 2;
    %pad/u 10;
    %ix/vec4 3;
    %ix/load 4, 0, 0; Constant delay
    %assign/vec4/a/d v0000000006631390, 0, 4;
T_88.3 ;
    %load/vec4 v00000000066319d0_0;
    %parti/s 1, 1, 2;
    %nor/r;
    %flag_set/vec4 8;
    %jmp/0xz  T_88.5, 8;
    %load/vec4 v0000000006631930_0;
    %parti/s 1, 1, 2;
    %load/vec4 v00000000066317f0_0;
    %parti/s 8, 0, 2;
    %pad/u 10;
    %ix/vec4 3;
    %ix/load 4, 1, 0; part off
    %ix/load 5, 0, 0; Constant delay
    %assign/vec4/a/d v0000000006631390, 4, 5;
T_88.5 ;
    %load/vec4 v00000000066319d0_0;
    %parti/s 1, 2, 3;
    %nor/r;
    %flag_set/vec4 8;
    %jmp/0xz  T_88.7, 8;
    %load/vec4 v0000000006631930_0;
    %parti/s 1, 2, 3;
    %load/vec4 v00000000066317f0_0;
    %parti/s 8, 0, 2;
    %pad/u 10;
    %ix/vec4 3;
    %ix/load 4, 2, 0; part off
    %ix/load 5, 0, 0; Constant delay
    %assign/vec4/a/d v0000000006631390, 4, 5;
T_88.7 ;
    %load/vec4 v00000000066319d0_0;
    %parti/s 1, 3, 3;
    %nor/r;
    %flag_set/vec4 8;
    %jmp/0xz  T_88.9, 8;
    %load/vec4 v0000000006631930_0;
    %parti/s 1, 3, 3;
    %load/vec4 v00000000066317f0_0;
    %parti/s 8, 0, 2;
    %pad/u 10;
    %ix/vec4 3;
    %ix/load 4, 3, 0; part off
    %ix/load 5, 0, 0; Constant delay
    %assign/vec4/a/d v0000000006631390, 4, 5;
T_88.9 ;
    %load/vec4 v00000000066319d0_0;
    %parti/s 1, 4, 4;
    %nor/r;
    %flag_set/vec4 8;
    %jmp/0xz  T_88.11, 8;
    %load/vec4 v0000000006631930_0;
    %parti/s 1, 4, 4;
    %load/vec4 v00000000066317f0_0;
    %parti/s 8, 0, 2;
    %pad/u 10;
    %ix/vec4 3;
    %ix/load 4, 4, 0; part off
    %ix/load 5, 0, 0; Constant delay
    %assign/vec4/a/d v0000000006631390, 4, 5;
T_88.11 ;
    %load/vec4 v00000000066319d0_0;
    %parti/s 1, 5, 4;
    %nor/r;
    %flag_set/vec4 8;
    %jmp/0xz  T_88.13, 8;
    %load/vec4 v0000000006631930_0;
    %parti/s 1, 5, 4;
    %load/vec4 v00000000066317f0_0;
    %parti/s 8, 0, 2;
    %pad/u 10;
    %ix/vec4 3;
    %ix/load 4, 5, 0; part off
    %ix/load 5, 0, 0; Constant delay
    %assign/vec4/a/d v0000000006631390, 4, 5;
T_88.13 ;
    %load/vec4 v00000000066319d0_0;
    %parti/s 1, 6, 4;
    %nor/r;
    %flag_set/vec4 8;
    %jmp/0xz  T_88.15, 8;
    %load/vec4 v0000000006631930_0;
    %parti/s 1, 6, 4;
    %load/vec4 v00000000066317f0_0;
    %parti/s 8, 0, 2;
    %pad/u 10;
    %ix/vec4 3;
    %ix/load 4, 6, 0; part off
    %ix/load 5, 0, 0; Constant delay
    %assign/vec4/a/d v0000000006631390, 4, 5;
T_88.15 ;
    %load/vec4 v00000000066319d0_0;
    %parti/s 1, 7, 4;
    %nor/r;
    %flag_set/vec4 8;
    %jmp/0xz  T_88.17, 8;
    %load/vec4 v0000000006631930_0;
    %parti/s 1, 7, 4;
    %load/vec4 v00000000066317f0_0;
    %parti/s 8, 0, 2;
    %pad/u 10;
    %ix/vec4 3;
    %ix/load 4, 7, 0; part off
    %ix/load 5, 0, 0; Constant delay
    %assign/vec4/a/d v0000000006631390, 4, 5;
T_88.17 ;
    %load/vec4 v00000000066319d0_0;
    %parti/s 1, 8, 5;
    %nor/r;
    %flag_set/vec4 8;
    %jmp/0xz  T_88.19, 8;
    %load/vec4 v0000000006631930_0;
    %parti/s 1, 8, 5;
    %load/vec4 v00000000066317f0_0;
    %parti/s 8, 0, 2;
    %pad/u 10;
    %ix/vec4 3;
    %ix/load 4, 8, 0; part off
    %ix/load 5, 0, 0; Constant delay
    %assign/vec4/a/d v0000000006631390, 4, 5;
T_88.19 ;
    %load/vec4 v00000000066319d0_0;
    %parti/s 1, 9, 5;
    %nor/r;
    %flag_set/vec4 8;
    %jmp/0xz  T_88.21, 8;
    %load/vec4 v0000000006631930_0;
    %parti/s 1, 9, 5;
    %load/vec4 v00000000066317f0_0;
    %parti/s 8, 0, 2;
    %pad/u 10;
    %ix/vec4 3;
    %ix/load 4, 9, 0; part off
    %ix/load 5, 0, 0; Constant delay
    %assign/vec4/a/d v0000000006631390, 4, 5;
T_88.21 ;
    %load/vec4 v00000000066319d0_0;
    %parti/s 1, 10, 5;
    %nor/r;
    %flag_set/vec4 8;
    %jmp/0xz  T_88.23, 8;
    %load/vec4 v0000000006631930_0;
    %parti/s 1, 10, 5;
    %load/vec4 v00000000066317f0_0;
    %parti/s 8, 0, 2;
    %pad/u 10;
    %ix/vec4 3;
    %ix/load 4, 10, 0; part off
    %ix/load 5, 0, 0; Constant delay
    %assign/vec4/a/d v0000000006631390, 4, 5;
T_88.23 ;
    %load/vec4 v00000000066319d0_0;
    %parti/s 1, 11, 5;
    %nor/r;
    %flag_set/vec4 8;
    %jmp/0xz  T_88.25, 8;
    %load/vec4 v0000000006631930_0;
    %parti/s 1, 11, 5;
    %load/vec4 v00000000066317f0_0;
    %parti/s 8, 0, 2;
    %pad/u 10;
    %ix/vec4 3;
    %ix/load 4, 11, 0; part off
    %ix/load 5, 0, 0; Constant delay
    %assign/vec4/a/d v0000000006631390, 4, 5;
T_88.25 ;
    %load/vec4 v00000000066319d0_0;
    %parti/s 1, 12, 5;
    %nor/r;
    %flag_set/vec4 8;
    %jmp/0xz  T_88.27, 8;
    %load/vec4 v0000000006631930_0;
    %parti/s 1, 12, 5;
    %load/vec4 v00000000066317f0_0;
    %parti/s 8, 0, 2;
    %pad/u 10;
    %ix/vec4 3;
    %ix/load 4, 12, 0; part off
    %ix/load 5, 0, 0; Constant delay
    %assign/vec4/a/d v0000000006631390, 4, 5;
T_88.27 ;
    %load/vec4 v00000000066319d0_0;
    %parti/s 1, 13, 5;
    %nor/r;
    %flag_set/vec4 8;
    %jmp/0xz  T_88.29, 8;
    %load/vec4 v0000000006631930_0;
    %parti/s 1, 13, 5;
    %load/vec4 v00000000066317f0_0;
    %parti/s 8, 0, 2;
    %pad/u 10;
    %ix/vec4 3;
    %ix/load 4, 13, 0; part off
    %ix/load 5, 0, 0; Constant delay
    %assign/vec4/a/d v0000000006631390, 4, 5;
T_88.29 ;
    %load/vec4 v00000000066319d0_0;
    %parti/s 1, 14, 5;
    %nor/r;
    %flag_set/vec4 8;
    %jmp/0xz  T_88.31, 8;
    %load/vec4 v0000000006631930_0;
    %parti/s 1, 14, 5;
    %load/vec4 v00000000066317f0_0;
    %parti/s 8, 0, 2;
    %pad/u 10;
    %ix/vec4 3;
    %ix/load 4, 14, 0; part off
    %ix/load 5, 0, 0; Constant delay
    %assign/vec4/a/d v0000000006631390, 4, 5;
T_88.31 ;
    %load/vec4 v00000000066319d0_0;
    %parti/s 1, 15, 5;
    %nor/r;
    %flag_set/vec4 8;
    %jmp/0xz  T_88.33, 8;
    %load/vec4 v0000000006631930_0;
    %parti/s 1, 15, 5;
    %load/vec4 v00000000066317f0_0;
    %parti/s 8, 0, 2;
    %pad/u 10;
    %ix/vec4 3;
    %ix/load 4, 15, 0; part off
    %ix/load 5, 0, 0; Constant delay
    %assign/vec4/a/d v0000000006631390, 4, 5;
T_88.33 ;
T_88.0 ;
    %jmp T_88;
    .thread T_88;
    .scope S_00000000066451b0;
T_89 ;
    %wait E_00000000065ab490;
    %load/vec4 v0000000006630a30_0;
    %flag_set/vec4 9;
    %flag_get/vec4 9;
    %jmp/0 T_89.2, 9;
    %load/vec4 v000000000662fd10_0;
    %and;
T_89.2;
    %flag_set/vec4 8;
    %jmp/0xz  T_89.0, 8;
    %load/vec4 v0000000006630670_0;
    %parti/s 8, 0, 2;
    %pad/u 10;
    %ix/vec4 4;
    %load/vec4a v0000000006631390, 4;
    %load/vec4 v0000000006630170_0;
    %inv;
    %and;
    %assign/vec4 v0000000006630710_0, 0;
T_89.0 ;
    %jmp T_89;
    .thread T_89;
    .scope S_0000000006643a40;
T_90 ;
    %pushi/vec4 0, 0, 32;
    %store/vec4 v0000000006648bc0_0, 0, 32;
T_90.0 ; Top of for-loop 
    %load/vec4 v0000000006648bc0_0;
    %cmpi/s 16, 0, 32;
    %jmp/0xz T_90.1, 5;
    %pushi/vec4 0, 0, 256;
    %load/vec4 v0000000006648bc0_0;
    %muli 16, 0, 32;
    %part/s 16;
    %pushi/vec4 0, 0, 32;
    %load/vec4 v0000000006648bc0_0;
    %add;
    %ix/vec4/s 4;
    %store/vec4a v00000000066488a0, 4, 0;
    %pushi/vec4 0, 0, 256;
    %load/vec4 v0000000006648bc0_0;
    %muli 16, 0, 32;
    %part/s 16;
    %pushi/vec4 16, 0, 32;
    %load/vec4 v0000000006648bc0_0;
    %add;
    %ix/vec4/s 4;
    %store/vec4a v00000000066488a0, 4, 0;
    %pushi/vec4 0, 0, 256;
    %load/vec4 v0000000006648bc0_0;
    %muli 16, 0, 32;
    %part/s 16;
    %pushi/vec4 32, 0, 32;
    %load/vec4 v0000000006648bc0_0;
    %add;
    %ix/vec4/s 4;
    %store/vec4a v00000000066488a0, 4, 0;
    %pushi/vec4 0, 0, 256;
    %load/vec4 v0000000006648bc0_0;
    %muli 16, 0, 32;
    %part/s 16;
    %pushi/vec4 48, 0, 32;
    %load/vec4 v0000000006648bc0_0;
    %add;
    %ix/vec4/s 4;
    %store/vec4a v00000000066488a0, 4, 0;
    %pushi/vec4 0, 0, 256;
    %load/vec4 v0000000006648bc0_0;
    %muli 16, 0, 32;
    %part/s 16;
    %pushi/vec4 64, 0, 32;
    %load/vec4 v0000000006648bc0_0;
    %add;
    %ix/vec4/s 4;
    %store/vec4a v00000000066488a0, 4, 0;
    %pushi/vec4 0, 0, 256;
    %load/vec4 v0000000006648bc0_0;
    %muli 16, 0, 32;
    %part/s 16;
    %pushi/vec4 80, 0, 32;
    %load/vec4 v0000000006648bc0_0;
    %add;
    %ix/vec4/s 4;
    %store/vec4a v00000000066488a0, 4, 0;
    %pushi/vec4 0, 0, 256;
    %load/vec4 v0000000006648bc0_0;
    %muli 16, 0, 32;
    %part/s 16;
    %pushi/vec4 96, 0, 32;
    %load/vec4 v0000000006648bc0_0;
    %add;
    %ix/vec4/s 4;
    %store/vec4a v00000000066488a0, 4, 0;
    %pushi/vec4 0, 0, 256;
    %load/vec4 v0000000006648bc0_0;
    %muli 16, 0, 32;
    %part/s 16;
    %pushi/vec4 112, 0, 32;
    %load/vec4 v0000000006648bc0_0;
    %add;
    %ix/vec4/s 4;
    %store/vec4a v00000000066488a0, 4, 0;
    %pushi/vec4 0, 0, 256;
    %load/vec4 v0000000006648bc0_0;
    %muli 16, 0, 32;
    %part/s 16;
    %pushi/vec4 128, 0, 32;
    %load/vec4 v0000000006648bc0_0;
    %add;
    %ix/vec4/s 4;
    %store/vec4a v00000000066488a0, 4, 0;
    %pushi/vec4 0, 0, 256;
    %load/vec4 v0000000006648bc0_0;
    %muli 16, 0, 32;
    %part/s 16;
    %pushi/vec4 144, 0, 32;
    %load/vec4 v0000000006648bc0_0;
    %add;
    %ix/vec4/s 4;
    %store/vec4a v00000000066488a0, 4, 0;
    %pushi/vec4 0, 0, 256;
    %load/vec4 v0000000006648bc0_0;
    %muli 16, 0, 32;
    %part/s 16;
    %pushi/vec4 160, 0, 32;
    %load/vec4 v0000000006648bc0_0;
    %add;
    %ix/vec4/s 4;
    %store/vec4a v00000000066488a0, 4, 0;
    %pushi/vec4 0, 0, 256;
    %load/vec4 v0000000006648bc0_0;
    %muli 16, 0, 32;
    %part/s 16;
    %pushi/vec4 176, 0, 32;
    %load/vec4 v0000000006648bc0_0;
    %add;
    %ix/vec4/s 4;
    %store/vec4a v00000000066488a0, 4, 0;
    %pushi/vec4 0, 0, 256;
    %load/vec4 v0000000006648bc0_0;
    %muli 16, 0, 32;
    %part/s 16;
    %pushi/vec4 192, 0, 32;
    %load/vec4 v0000000006648bc0_0;
    %add;
    %ix/vec4/s 4;
    %store/vec4a v00000000066488a0, 4, 0;
    %pushi/vec4 0, 0, 256;
    %load/vec4 v0000000006648bc0_0;
    %muli 16, 0, 32;
    %part/s 16;
    %pushi/vec4 208, 0, 32;
    %load/vec4 v0000000006648bc0_0;
    %add;
    %ix/vec4/s 4;
    %store/vec4a v00000000066488a0, 4, 0;
    %pushi/vec4 0, 0, 256;
    %load/vec4 v0000000006648bc0_0;
    %muli 16, 0, 32;
    %part/s 16;
    %pushi/vec4 224, 0, 32;
    %load/vec4 v0000000006648bc0_0;
    %add;
    %ix/vec4/s 4;
    %store/vec4a v00000000066488a0, 4, 0;
    %pushi/vec4 0, 0, 256;
    %load/vec4 v0000000006648bc0_0;
    %muli 16, 0, 32;
    %part/s 16;
    %pushi/vec4 240, 0, 32;
    %load/vec4 v0000000006648bc0_0;
    %add;
    %ix/vec4/s 4;
    %store/vec4a v00000000066488a0, 4, 0;
T_90.2 ; for-loop step statement
    %load/vec4 v0000000006648bc0_0;
    %addi 1, 0, 32;
    %store/vec4 v0000000006648bc0_0, 0, 32;
    %jmp T_90.0;
T_90.1 ; for-loop exit label
    %end;
    .thread T_90;
    .scope S_0000000006643a40;
T_91 ;
    %wait E_00000000065ab4d0;
    %load/vec4 v0000000006647860_0;
    %flag_set/vec4 9;
    %flag_get/vec4 9;
    %jmp/0 T_91.2, 9;
    %load/vec4 v0000000006647ae0_0;
    %and;
T_91.2;
    %flag_set/vec4 8;
    %jmp/0xz  T_91.0, 8;
    %load/vec4 v0000000006648c60_0;
    %parti/s 1, 0, 2;
    %nor/r;
    %flag_set/vec4 8;
    %jmp/0xz  T_91.3, 8;
    %load/vec4 v00000000066481c0_0;
    %parti/s 1, 0, 2;
    %load/vec4 v0000000006649ca0_0;
    %parti/s 8, 0, 2;
    %pad/u 10;
    %ix/vec4 3;
    %ix/load 4, 0, 0; Constant delay
    %assign/vec4/a/d v00000000066488a0, 0, 4;
T_91.3 ;
    %load/vec4 v0000000006648c60_0;
    %parti/s 1, 1, 2;
    %nor/r;
    %flag_set/vec4 8;
    %jmp/0xz  T_91.5, 8;
    %load/vec4 v00000000066481c0_0;
    %parti/s 1, 1, 2;
    %load/vec4 v0000000006649ca0_0;
    %parti/s 8, 0, 2;
    %pad/u 10;
    %ix/vec4 3;
    %ix/load 4, 1, 0; part off
    %ix/load 5, 0, 0; Constant delay
    %assign/vec4/a/d v00000000066488a0, 4, 5;
T_91.5 ;
    %load/vec4 v0000000006648c60_0;
    %parti/s 1, 2, 3;
    %nor/r;
    %flag_set/vec4 8;
    %jmp/0xz  T_91.7, 8;
    %load/vec4 v00000000066481c0_0;
    %parti/s 1, 2, 3;
    %load/vec4 v0000000006649ca0_0;
    %parti/s 8, 0, 2;
    %pad/u 10;
    %ix/vec4 3;
    %ix/load 4, 2, 0; part off
    %ix/load 5, 0, 0; Constant delay
    %assign/vec4/a/d v00000000066488a0, 4, 5;
T_91.7 ;
    %load/vec4 v0000000006648c60_0;
    %parti/s 1, 3, 3;
    %nor/r;
    %flag_set/vec4 8;
    %jmp/0xz  T_91.9, 8;
    %load/vec4 v00000000066481c0_0;
    %parti/s 1, 3, 3;
    %load/vec4 v0000000006649ca0_0;
    %parti/s 8, 0, 2;
    %pad/u 10;
    %ix/vec4 3;
    %ix/load 4, 3, 0; part off
    %ix/load 5, 0, 0; Constant delay
    %assign/vec4/a/d v00000000066488a0, 4, 5;
T_91.9 ;
    %load/vec4 v0000000006648c60_0;
    %parti/s 1, 4, 4;
    %nor/r;
    %flag_set/vec4 8;
    %jmp/0xz  T_91.11, 8;
    %load/vec4 v00000000066481c0_0;
    %parti/s 1, 4, 4;
    %load/vec4 v0000000006649ca0_0;
    %parti/s 8, 0, 2;
    %pad/u 10;
    %ix/vec4 3;
    %ix/load 4, 4, 0; part off
    %ix/load 5, 0, 0; Constant delay
    %assign/vec4/a/d v00000000066488a0, 4, 5;
T_91.11 ;
    %load/vec4 v0000000006648c60_0;
    %parti/s 1, 5, 4;
    %nor/r;
    %flag_set/vec4 8;
    %jmp/0xz  T_91.13, 8;
    %load/vec4 v00000000066481c0_0;
    %parti/s 1, 5, 4;
    %load/vec4 v0000000006649ca0_0;
    %parti/s 8, 0, 2;
    %pad/u 10;
    %ix/vec4 3;
    %ix/load 4, 5, 0; part off
    %ix/load 5, 0, 0; Constant delay
    %assign/vec4/a/d v00000000066488a0, 4, 5;
T_91.13 ;
    %load/vec4 v0000000006648c60_0;
    %parti/s 1, 6, 4;
    %nor/r;
    %flag_set/vec4 8;
    %jmp/0xz  T_91.15, 8;
    %load/vec4 v00000000066481c0_0;
    %parti/s 1, 6, 4;
    %load/vec4 v0000000006649ca0_0;
    %parti/s 8, 0, 2;
    %pad/u 10;
    %ix/vec4 3;
    %ix/load 4, 6, 0; part off
    %ix/load 5, 0, 0; Constant delay
    %assign/vec4/a/d v00000000066488a0, 4, 5;
T_91.15 ;
    %load/vec4 v0000000006648c60_0;
    %parti/s 1, 7, 4;
    %nor/r;
    %flag_set/vec4 8;
    %jmp/0xz  T_91.17, 8;
    %load/vec4 v00000000066481c0_0;
    %parti/s 1, 7, 4;
    %load/vec4 v0000000006649ca0_0;
    %parti/s 8, 0, 2;
    %pad/u 10;
    %ix/vec4 3;
    %ix/load 4, 7, 0; part off
    %ix/load 5, 0, 0; Constant delay
    %assign/vec4/a/d v00000000066488a0, 4, 5;
T_91.17 ;
    %load/vec4 v0000000006648c60_0;
    %parti/s 1, 8, 5;
    %nor/r;
    %flag_set/vec4 8;
    %jmp/0xz  T_91.19, 8;
    %load/vec4 v00000000066481c0_0;
    %parti/s 1, 8, 5;
    %load/vec4 v0000000006649ca0_0;
    %parti/s 8, 0, 2;
    %pad/u 10;
    %ix/vec4 3;
    %ix/load 4, 8, 0; part off
    %ix/load 5, 0, 0; Constant delay
    %assign/vec4/a/d v00000000066488a0, 4, 5;
T_91.19 ;
    %load/vec4 v0000000006648c60_0;
    %parti/s 1, 9, 5;
    %nor/r;
    %flag_set/vec4 8;
    %jmp/0xz  T_91.21, 8;
    %load/vec4 v00000000066481c0_0;
    %parti/s 1, 9, 5;
    %load/vec4 v0000000006649ca0_0;
    %parti/s 8, 0, 2;
    %pad/u 10;
    %ix/vec4 3;
    %ix/load 4, 9, 0; part off
    %ix/load 5, 0, 0; Constant delay
    %assign/vec4/a/d v00000000066488a0, 4, 5;
T_91.21 ;
    %load/vec4 v0000000006648c60_0;
    %parti/s 1, 10, 5;
    %nor/r;
    %flag_set/vec4 8;
    %jmp/0xz  T_91.23, 8;
    %load/vec4 v00000000066481c0_0;
    %parti/s 1, 10, 5;
    %load/vec4 v0000000006649ca0_0;
    %parti/s 8, 0, 2;
    %pad/u 10;
    %ix/vec4 3;
    %ix/load 4, 10, 0; part off
    %ix/load 5, 0, 0; Constant delay
    %assign/vec4/a/d v00000000066488a0, 4, 5;
T_91.23 ;
    %load/vec4 v0000000006648c60_0;
    %parti/s 1, 11, 5;
    %nor/r;
    %flag_set/vec4 8;
    %jmp/0xz  T_91.25, 8;
    %load/vec4 v00000000066481c0_0;
    %parti/s 1, 11, 5;
    %load/vec4 v0000000006649ca0_0;
    %parti/s 8, 0, 2;
    %pad/u 10;
    %ix/vec4 3;
    %ix/load 4, 11, 0; part off
    %ix/load 5, 0, 0; Constant delay
    %assign/vec4/a/d v00000000066488a0, 4, 5;
T_91.25 ;
    %load/vec4 v0000000006648c60_0;
    %parti/s 1, 12, 5;
    %nor/r;
    %flag_set/vec4 8;
    %jmp/0xz  T_91.27, 8;
    %load/vec4 v00000000066481c0_0;
    %parti/s 1, 12, 5;
    %load/vec4 v0000000006649ca0_0;
    %parti/s 8, 0, 2;
    %pad/u 10;
    %ix/vec4 3;
    %ix/load 4, 12, 0; part off
    %ix/load 5, 0, 0; Constant delay
    %assign/vec4/a/d v00000000066488a0, 4, 5;
T_91.27 ;
    %load/vec4 v0000000006648c60_0;
    %parti/s 1, 13, 5;
    %nor/r;
    %flag_set/vec4 8;
    %jmp/0xz  T_91.29, 8;
    %load/vec4 v00000000066481c0_0;
    %parti/s 1, 13, 5;
    %load/vec4 v0000000006649ca0_0;
    %parti/s 8, 0, 2;
    %pad/u 10;
    %ix/vec4 3;
    %ix/load 4, 13, 0; part off
    %ix/load 5, 0, 0; Constant delay
    %assign/vec4/a/d v00000000066488a0, 4, 5;
T_91.29 ;
    %load/vec4 v0000000006648c60_0;
    %parti/s 1, 14, 5;
    %nor/r;
    %flag_set/vec4 8;
    %jmp/0xz  T_91.31, 8;
    %load/vec4 v00000000066481c0_0;
    %parti/s 1, 14, 5;
    %load/vec4 v0000000006649ca0_0;
    %parti/s 8, 0, 2;
    %pad/u 10;
    %ix/vec4 3;
    %ix/load 4, 14, 0; part off
    %ix/load 5, 0, 0; Constant delay
    %assign/vec4/a/d v00000000066488a0, 4, 5;
T_91.31 ;
    %load/vec4 v0000000006648c60_0;
    %parti/s 1, 15, 5;
    %nor/r;
    %flag_set/vec4 8;
    %jmp/0xz  T_91.33, 8;
    %load/vec4 v00000000066481c0_0;
    %parti/s 1, 15, 5;
    %load/vec4 v0000000006649ca0_0;
    %parti/s 8, 0, 2;
    %pad/u 10;
    %ix/vec4 3;
    %ix/load 4, 15, 0; part off
    %ix/load 5, 0, 0; Constant delay
    %assign/vec4/a/d v00000000066488a0, 4, 5;
T_91.33 ;
T_91.0 ;
    %jmp T_91;
    .thread T_91;
    .scope S_0000000006643a40;
T_92 ;
    %wait E_00000000065ab750;
    %load/vec4 v00000000066314d0_0;
    %flag_set/vec4 9;
    %flag_get/vec4 9;
    %jmp/0 T_92.2, 9;
    %load/vec4 v00000000066311b0_0;
    %and;
T_92.2;
    %flag_set/vec4 8;
    %jmp/0xz  T_92.0, 8;
    %load/vec4 v0000000006630ad0_0;
    %parti/s 8, 0, 2;
    %pad/u 10;
    %ix/vec4 4;
    %load/vec4a v00000000066488a0, 4;
    %load/vec4 v0000000006631570_0;
    %inv;
    %and;
    %assign/vec4 v00000000066312f0_0, 0;
T_92.0 ;
    %jmp T_92;
    .thread T_92;
    .scope S_00000000065bdfe0;
T_93 ;
    %wait E_00000000065abc10;
    %pushi/vec4 0, 0, 32;
    %store/vec4 v000000000664b640_0, 0, 32;
T_93.0 ; Top of for-loop 
    %load/vec4 v000000000664b640_0;
    %cmpi/s 16383, 0, 32;
    %flag_or 5, 4;
    %jmp/0xz T_93.1, 5;
    %pushi/vec4 65535, 65535, 16;
    %ix/getv/s 4, v000000000664b640_0;
    %store/vec4a v000000000664a6a0, 4, 0;
T_93.2 ; for-loop step statement
    %load/vec4 v000000000664b640_0;
    %addi 1, 0, 32;
    %store/vec4 v000000000664b640_0, 0, 32;
    %jmp T_93.0;
T_93.1 ; for-loop exit label
    %jmp T_93;
    .thread T_93;
    .scope S_00000000065bdfe0;
T_94 ;
    %wait E_00000000065ab610;
    %load/vec4 v000000000664b960_0;
    %flag_set/vec4 8;
    %jmp/0xz  T_94.0, 8;
    %pushi/vec4 0, 0, 16;
    %assign/vec4 v000000000664a740_0, 0;
    %jmp T_94.1;
T_94.0 ;
    %load/vec4 v000000000664a560_0;
    %flag_set/vec4 8;
    %jmp/0xz  T_94.2, 8;
    %pushi/vec4 65535, 65535, 16;
    %assign/vec4 v000000000664a740_0, 0;
    %jmp T_94.3;
T_94.2 ;
    %load/vec4 v000000000664b140_0;
    %flag_set/vec4 8;
    %jmp/0xz  T_94.4, 8;
    %load/vec4 v000000000664a880_0;
    %nor/r;
    %flag_set/vec4 8;
    %jmp/0xz  T_94.6, 8;
    %load/vec4 v000000000664c4a0_0;
    %pad/u 16;
    %ix/vec4 4;
    %load/vec4a v000000000664a6a0, 4;
    %assign/vec4 v000000000664a740_0, 0;
    %jmp T_94.7;
T_94.6 ;
    %load/vec4 v000000000664a7e0_0;
    %parti/s 1, 0, 2;
    %flag_set/vec4 8;
    %jmp/0xz  T_94.8, 8;
    %load/vec4 v000000000664a600_0;
    %parti/s 4, 0, 2;
    %load/vec4 v000000000664c4a0_0;
    %pad/u 16;
    %ix/vec4 3;
    %ix/load 4, 0, 0; Constant delay
    %assign/vec4/a/d v000000000664a6a0, 0, 4;
T_94.8 ;
    %load/vec4 v000000000664a7e0_0;
    %parti/s 1, 1, 2;
    %flag_set/vec4 8;
    %jmp/0xz  T_94.10, 8;
    %load/vec4 v000000000664a600_0;
    %parti/s 4, 4, 4;
    %load/vec4 v000000000664c4a0_0;
    %pad/u 16;
    %ix/vec4 3;
    %ix/load 4, 4, 0; part off
    %ix/load 5, 0, 0; Constant delay
    %assign/vec4/a/d v000000000664a6a0, 4, 5;
T_94.10 ;
    %load/vec4 v000000000664a7e0_0;
    %parti/s 1, 2, 3;
    %flag_set/vec4 8;
    %jmp/0xz  T_94.12, 8;
    %load/vec4 v000000000664a600_0;
    %parti/s 4, 8, 5;
    %load/vec4 v000000000664c4a0_0;
    %pad/u 16;
    %ix/vec4 3;
    %ix/load 4, 8, 0; part off
    %ix/load 5, 0, 0; Constant delay
    %assign/vec4/a/d v000000000664a6a0, 4, 5;
T_94.12 ;
    %load/vec4 v000000000664a7e0_0;
    %parti/s 1, 3, 3;
    %flag_set/vec4 8;
    %jmp/0xz  T_94.14, 8;
    %load/vec4 v000000000664a600_0;
    %parti/s 4, 12, 5;
    %load/vec4 v000000000664c4a0_0;
    %pad/u 16;
    %ix/vec4 3;
    %ix/load 4, 12, 0; part off
    %ix/load 5, 0, 0; Constant delay
    %assign/vec4/a/d v000000000664a6a0, 4, 5;
T_94.14 ;
    %pushi/vec4 65535, 65535, 16;
    %assign/vec4 v000000000664a740_0, 0;
T_94.7 ;
T_94.4 ;
T_94.3 ;
T_94.1 ;
    %jmp T_94;
    .thread T_94;
    .scope S_0000000006644850;
T_95 ;
    %wait E_00000000065aae10;
    %load/vec4 v000000000664b5a0_0;
    %cmpi/e 1, 0, 1;
    %jmp/0xz  T_95.0, 4;
    %load/vec4 v000000000664c180_0;
    %load/vec4 v000000000664bf00_0;
    %pad/u 6;
    %ix/vec4 3;
    %ix/load 4, 0, 0; Constant delay
    %assign/vec4/a/d v000000000664be60, 0, 4;
T_95.0 ;
    %load/vec4 v000000000664aa60_0;
    %cmpi/e 1, 0, 1;
    %jmp/0xz  T_95.2, 4;
    %load/vec4 v000000000664bfa0_0;
    %pad/u 6;
    %ix/vec4 4;
    %load/vec4a v000000000664be60, 4;
    %assign/vec4 v000000000664ad80_0, 0;
T_95.2 ;
    %jmp T_95;
    .thread T_95;
    .scope S_0000000006644850;
T_96 ;
    %vpi_call 4 39 "$readmemh", P_00000000065abc50, v000000000664be60 {0 0 0};
    %end;
    .thread T_96;
    .scope S_00000000065bedf0;
T_97 ;
    %pushi/vec4 0, 0, 1;
    %store/vec4 v000000000664b1e0_0, 0, 1;
    %pushi/vec4 0, 0, 1;
    %store/vec4 v000000000664aba0_0, 0, 1;
    %pushi/vec4 0, 0, 1;
    %store/vec4 v000000000664c2c0_0, 0, 1;
    %end;
    .thread T_97;
    .scope S_00000000065bedf0;
T_98 ;
    %delay 41670, 0;
    %load/vec4 v000000000664b1e0_0;
    %inv;
    %store/vec4 v000000000664b1e0_0, 0, 1;
    %jmp T_98;
    .thread T_98;
    .scope S_00000000065bedf0;
T_99 ;
    %pushi/vec4 0, 0, 32;
    %store/vec4 v000000000664a100_0, 0, 32;
T_99.0 ; Top of for-loop 
    %load/vec4 v000000000664a100_0;
    %cmpi/s 16, 0, 32;
    %jmp/0xz T_99.1, 5;
    %delay 83340, 0;
    %load/vec4 v000000000664a100_0;
    %pad/s 4;
    %store/vec4 v000000000664c220_0, 0, 4;
    %pushi/vec4 1, 0, 1;
    %store/vec4 v000000000664c2c0_0, 0, 1;
    %delay 83340, 0;
    %pushi/vec4 0, 0, 4;
    %store/vec4 v000000000664c220_0, 0, 4;
    %pushi/vec4 0, 0, 1;
    %store/vec4 v000000000664c2c0_0, 0, 1;
T_99.2 ; for-loop step statement
    %load/vec4 v000000000664a100_0;
    %addi 1, 0, 32;
    %store/vec4 v000000000664a100_0, 0, 32;
    %jmp T_99.0;
T_99.1 ; for-loop exit label
    %delay 83340, 0;
    %pushi/vec4 15, 0, 4;
    %store/vec4 v000000000664ab00_0, 0, 4;
    %pushi/vec4 165, 0, 8;
    %store/vec4 v000000000664ae20_0, 0, 8;
    %pushi/vec4 1, 0, 1;
    %store/vec4 v000000000664aba0_0, 0, 1;
    %delay 83340, 0;
    %pushi/vec4 0, 0, 4;
    %store/vec4 v000000000664ab00_0, 0, 4;
    %pushi/vec4 0, 0, 8;
    %store/vec4 v000000000664ae20_0, 0, 8;
    %pushi/vec4 0, 0, 1;
    %store/vec4 v000000000664aba0_0, 0, 1;
    %pushi/vec4 15, 0, 4;
    %store/vec4 v000000000664c220_0, 0, 4;
    %pushi/vec4 1, 0, 1;
    %store/vec4 v000000000664c2c0_0, 0, 1;
    %delay 83340, 0;
    %pushi/vec4 0, 0, 4;
    %store/vec4 v000000000664c220_0, 0, 4;
    %pushi/vec4 0, 0, 1;
    %store/vec4 v000000000664c2c0_0, 0, 1;
    %end;
    .thread T_99;
    .scope S_00000000065bedf0;
T_100 ;
    %vpi_call 3 73 "$dumpfile", "memory-ram_tb.vcd" {0 0 0};
    %vpi_call 3 74 "$dumpvars", 32'sb00000000000000000000000000000000, S_00000000065bedf0 {0 0 0};
    %delay 10000000, 0;
    %vpi_call 3 80 "$display", "Finished!" {0 0 0};
    %vpi_call 3 81 "$finish" {0 0 0};
    %end;
    .thread T_100;
# The file index is used to find the file name in the following table.
:file_names 5;
    "N/A";
    "<interactive>";
    "C:\Users\pc\.apio\packages\tools-oss-cad-suite\share\yosys/ice40/cells_sim.v";
    "memory-ram_tb.v";
    "memory-ram.v";
