#! 
:ivl_version "13.0 (devel)" "(s20221226-321-gd22bb3d25)";
:ivl_delay_selection "TYPICAL";
:vpi_time_precision - 12;
:vpi_module "C:\Users\pc\APIO~1\packages\TOOLS-~2\lib\ivl\system.vpi";
:vpi_module "C:\Users\pc\APIO~1\packages\TOOLS-~2\lib\ivl\vhdl_sys.vpi";
:vpi_module "C:\Users\pc\APIO~1\packages\TOOLS-~2\lib\ivl\vhdl_textio.vpi";
:vpi_module "C:\Users\pc\APIO~1\packages\TOOLS-~2\lib\ivl\v2005_math.vpi";
:vpi_module "C:\Users\pc\APIO~1\packages\TOOLS-~2\lib\ivl\va_math.vpi";
S_0000000006466270 .scope module, "ICESTORM_LC" "ICESTORM_LC" 2 2136;
 .timescale -12 -12;
    .port_info 0 /INPUT 1 "I0";
    .port_info 1 /INPUT 1 "I1";
    .port_info 2 /INPUT 1 "I2";
    .port_info 3 /INPUT 1 "I3";
    .port_info 4 /INPUT 1 "CIN";
    .port_info 5 /INPUT 1 "CLK";
    .port_info 6 /INPUT 1 "CEN";
    .port_info 7 /INPUT 1 "SR";
    .port_info 8 /OUTPUT 1 "LO";
    .port_info 9 /OUTPUT 1 "O";
    .port_info 10 /OUTPUT 1 "COUT";
P_0000000004c3ecf0 .param/l "ASYNC_SR" 0 2 2148, C4<0>;
P_0000000004c3ed28 .param/l "CARRY_ENABLE" 0 2 2145, C4<0>;
P_0000000004c3ed60 .param/l "CIN_CONST" 0 2 2150, C4<0>;
P_0000000004c3ed98 .param/l "CIN_SET" 0 2 2151, C4<0>;
P_0000000004c3edd0 .param/l "DFF_ENABLE" 0 2 2146, C4<0>;
P_0000000004c3ee08 .param/l "LUT_INIT" 0 2 2142, C4<0000000000000000>;
P_0000000004c3ee40 .param/l "NEG_CLK" 0 2 2144, C4<0>;
P_0000000004c3ee78 .param/l "SET_NORESET" 0 2 2147, C4<0>;
o00000000066000e8 .functor BUFZ 1, C4<z>; HiZ drive
L_00000000065aca40 .functor BUFZ 1, o00000000066000e8, C4<0>, C4<0>, C4<0>;
L_00000000065ac030 .functor BUFZ 1, L_000000000665f2e0, C4<0>, C4<0>, C4<0>;
o0000000006600118 .functor BUFZ 1, C4<z>; HiZ drive
L_000000000665faa0 .functor BUFT 1, C4<0>, C4<0>, C4<0>, C4<0>;
L_00000000065acff0 .functor XOR 1, o0000000006600118, L_000000000665faa0, C4<0>, C4<0>;
L_00000000065acab0 .functor BUFZ 1, L_000000000665f2e0, C4<0>, C4<0>, C4<0>;
o0000000006600088 .functor BUFZ 1, C4<z>; HiZ drive
v0000000006592510_0 .net "CEN", 0 0, o0000000006600088;  0 drivers
v00000000065937d0_0 .net "CEN_pu", 0 0, L_000000000665f240;  1 drivers
v0000000006593af0_0 .net "CIN", 0 0, o00000000066000e8;  0 drivers
v00000000065925b0_0 .net "CLK", 0 0, o0000000006600118;  0 drivers
L_000000000665f9c8 .functor BUFT 1, C4<x>, C4<0>, C4<0>, C4<0>;
v0000000006593910_0 .net "COUT", 0 0, L_000000000665f9c8;  1 drivers
o0000000006600178 .functor BUFZ 1, C4<z>; HiZ drive
v0000000006592830_0 .net "I0", 0 0, o0000000006600178;  0 drivers
v00000000065939b0_0 .net "I0_pd", 0 0, L_000000000665d3a0;  1 drivers
o00000000066001d8 .functor BUFZ 1, C4<z>; HiZ drive
v0000000006591c50_0 .net "I1", 0 0, o00000000066001d8;  0 drivers
v0000000006591d90_0 .net "I1_pd", 0 0, L_000000000665cd60;  1 drivers
o0000000006600238 .functor BUFZ 1, C4<z>; HiZ drive
v0000000006592ab0_0 .net "I2", 0 0, o0000000006600238;  0 drivers
v0000000006592330_0 .net "I2_pd", 0 0, L_000000000665e0c0;  1 drivers
o0000000006600298 .functor BUFZ 1, C4<z>; HiZ drive
v0000000006591e30_0 .net "I3", 0 0, o0000000006600298;  0 drivers
v0000000006592010_0 .net "I3_pd", 0 0, L_000000000665d120;  1 drivers
v00000000065920b0_0 .net "LO", 0 0, L_00000000065ac030;  1 drivers
v0000000006592d30_0 .net "O", 0 0, L_00000000065acab0;  1 drivers
o0000000006600358 .functor BUFZ 1, C4<z>; HiZ drive
v000000000657c390_0 .net "SR", 0 0, o0000000006600358;  0 drivers
v000000000657c9d0_0 .net "SR_pd", 0 0, L_000000000665eac0;  1 drivers
o00000000066003b8 .functor BUFZ 1, C4<z>; HiZ drive
; Elide local net with no drivers, v000000000657b5d0_0 name=_ivl_0
v000000000657ce30_0 .net *"_ivl_10", 0 0, L_000000000665e020;  1 drivers
L_000000000665f860 .functor BUFT 1, C4<0>, C4<0>, C4<0>, C4<0>;
v000000000657cf70_0 .net/2u *"_ivl_12", 0 0, L_000000000665f860;  1 drivers
o0000000006600448 .functor BUFZ 1, C4<z>; HiZ drive
; Elide local net with no drivers, v000000000657b990_0 name=_ivl_16
v000000000657bc10_0 .net *"_ivl_18", 0 0, L_000000000665ce00;  1 drivers
v000000000657d010_0 .net *"_ivl_2", 0 0, L_000000000665ea20;  1 drivers
L_000000000665f8a8 .functor BUFT 1, C4<0>, C4<0>, C4<0>, C4<0>;
v0000000006557af0_0 .net/2u *"_ivl_20", 0 0, L_000000000665f8a8;  1 drivers
o0000000006600508 .functor BUFZ 1, C4<z>; HiZ drive
; Elide local net with no drivers, v0000000006556dd0_0 name=_ivl_24
v0000000006558310_0 .net *"_ivl_26", 0 0, L_000000000665cea0;  1 drivers
L_000000000665f8f0 .functor BUFT 1, C4<0>, C4<0>, C4<0>, C4<0>;
v0000000006556f10_0 .net/2u *"_ivl_28", 0 0, L_000000000665f8f0;  1 drivers
o0000000006600598 .functor BUFZ 1, C4<z>; HiZ drive
; Elide local net with no drivers, v0000000006556fb0_0 name=_ivl_32
v0000000006533880_0 .net *"_ivl_34", 0 0, L_000000000665d800;  1 drivers
L_000000000665f938 .functor BUFT 1, C4<0>, C4<0>, C4<0>, C4<0>;
v0000000006533240_0 .net/2u *"_ivl_36", 0 0, L_000000000665f938;  1 drivers
L_000000000665f818 .functor BUFT 1, C4<0>, C4<0>, C4<0>, C4<0>;
v0000000006568770_0 .net/2u *"_ivl_4", 0 0, L_000000000665f818;  1 drivers
o0000000006600658 .functor BUFZ 1, C4<z>; HiZ drive
; Elide local net with no drivers, v00000000065f49b0_0 name=_ivl_40
v00000000065f4730_0 .net *"_ivl_42", 0 0, L_000000000665e160;  1 drivers
L_000000000665f980 .functor BUFT 1, C4<1>, C4<0>, C4<0>, C4<0>;
v00000000065f5130_0 .net/2u *"_ivl_44", 0 0, L_000000000665f980;  1 drivers
L_000000000665fa10 .functor BUFT 1, C4<00000000>, C4<0>, C4<0>, C4<0>;
v00000000065f4190_0 .net/2u *"_ivl_52", 7 0, L_000000000665fa10;  1 drivers
L_000000000665fa58 .functor BUFT 1, C4<00000000>, C4<0>, C4<0>, C4<0>;
v00000000065f4370_0 .net/2u *"_ivl_54", 7 0, L_000000000665fa58;  1 drivers
v00000000065f4b90_0 .net *"_ivl_59", 3 0, L_000000000665f4c0;  1 drivers
v00000000065f3830_0 .net *"_ivl_61", 3 0, L_000000000665f600;  1 drivers
v00000000065f3c90_0 .net *"_ivl_65", 1 0, L_000000000665f740;  1 drivers
v00000000065f4cd0_0 .net *"_ivl_67", 1 0, L_000000000665f060;  1 drivers
v00000000065f51d0_0 .net *"_ivl_71", 0 0, L_000000000665f420;  1 drivers
v00000000065f4230_0 .net *"_ivl_73", 0 0, L_000000000665f100;  1 drivers
v00000000065f4ff0_0 .net/2u *"_ivl_78", 0 0, L_000000000665faa0;  1 drivers
o0000000006600898 .functor BUFZ 1, C4<z>; HiZ drive
; Elide local net with no drivers, v00000000065f4d70_0 name=_ivl_8
v00000000065f42d0_0 .net "lut_o", 0 0, L_000000000665f2e0;  1 drivers
v00000000065f3f10_0 .net "lut_s1", 1 0, L_000000000665f1a0;  1 drivers
v00000000065f5310_0 .net "lut_s2", 3 0, L_000000000665f6a0;  1 drivers
v00000000065f35b0_0 .net "lut_s3", 7 0, L_000000000665f560;  1 drivers
v00000000065f4410_0 .net "mux_cin", 0 0, L_00000000065aca40;  1 drivers
v00000000065f3d30_0 .var "o_reg", 0 0;
v00000000065f44b0_0 .var "o_reg_async", 0 0;
v00000000065f4550_0 .net "polarized_clk", 0 0, L_00000000065acff0;  1 drivers
E_00000000065b8010 .event posedge, v000000000657c9d0_0, v00000000065f4550_0;
E_00000000065b8bd0 .event posedge, v00000000065f4550_0;
L_000000000665ea20 .cmp/eeq 1, o0000000006600178, o00000000066003b8;
L_000000000665d3a0 .functor MUXZ 1, o0000000006600178, L_000000000665f818, L_000000000665ea20, C4<>;
L_000000000665e020 .cmp/eeq 1, o00000000066001d8, o0000000006600898;
L_000000000665cd60 .functor MUXZ 1, o00000000066001d8, L_000000000665f860, L_000000000665e020, C4<>;
L_000000000665ce00 .cmp/eeq 1, o0000000006600238, o0000000006600448;
L_000000000665e0c0 .functor MUXZ 1, o0000000006600238, L_000000000665f8a8, L_000000000665ce00, C4<>;
L_000000000665cea0 .cmp/eeq 1, o0000000006600298, o0000000006600508;
L_000000000665d120 .functor MUXZ 1, o0000000006600298, L_000000000665f8f0, L_000000000665cea0, C4<>;
L_000000000665d800 .cmp/eeq 1, o0000000006600358, o0000000006600598;
L_000000000665eac0 .functor MUXZ 1, o0000000006600358, L_000000000665f938, L_000000000665d800, C4<>;
L_000000000665e160 .cmp/eeq 1, o0000000006600088, o0000000006600658;
L_000000000665f240 .functor MUXZ 1, o0000000006600088, L_000000000665f980, L_000000000665e160, C4<>;
L_000000000665f560 .functor MUXZ 8, L_000000000665fa58, L_000000000665fa10, L_000000000665d120, C4<>;
L_000000000665f4c0 .part L_000000000665f560, 4, 4;
L_000000000665f600 .part L_000000000665f560, 0, 4;
L_000000000665f6a0 .functor MUXZ 4, L_000000000665f600, L_000000000665f4c0, L_000000000665e0c0, C4<>;
L_000000000665f740 .part L_000000000665f6a0, 2, 2;
L_000000000665f060 .part L_000000000665f6a0, 0, 2;
L_000000000665f1a0 .functor MUXZ 2, L_000000000665f060, L_000000000665f740, L_000000000665cd60, C4<>;
L_000000000665f420 .part L_000000000665f1a0, 1, 1;
L_000000000665f100 .part L_000000000665f1a0, 0, 1;
L_000000000665f2e0 .functor MUXZ 1, L_000000000665f100, L_000000000665f420, L_000000000665d3a0, C4<>;
S_0000000006495640 .scope module, "ICESTORM_RAM" "ICESTORM_RAM" 2 3167;
 .timescale -12 -12;
    .port_info 0 /OUTPUT 1 "RDATA_15";
    .port_info 1 /OUTPUT 1 "RDATA_14";
    .port_info 2 /OUTPUT 1 "RDATA_13";
    .port_info 3 /OUTPUT 1 "RDATA_12";
    .port_info 4 /OUTPUT 1 "RDATA_11";
    .port_info 5 /OUTPUT 1 "RDATA_10";
    .port_info 6 /OUTPUT 1 "RDATA_9";
    .port_info 7 /OUTPUT 1 "RDATA_8";
    .port_info 8 /OUTPUT 1 "RDATA_7";
    .port_info 9 /OUTPUT 1 "RDATA_6";
    .port_info 10 /OUTPUT 1 "RDATA_5";
    .port_info 11 /OUTPUT 1 "RDATA_4";
    .port_info 12 /OUTPUT 1 "RDATA_3";
    .port_info 13 /OUTPUT 1 "RDATA_2";
    .port_info 14 /OUTPUT 1 "RDATA_1";
    .port_info 15 /OUTPUT 1 "RDATA_0";
    .port_info 16 /INPUT 1 "RCLK";
    .port_info 17 /INPUT 1 "RCLKE";
    .port_info 18 /INPUT 1 "RE";
    .port_info 19 /INPUT 1 "RADDR_10";
    .port_info 20 /INPUT 1 "RADDR_9";
    .port_info 21 /INPUT 1 "RADDR_8";
    .port_info 22 /INPUT 1 "RADDR_7";
    .port_info 23 /INPUT 1 "RADDR_6";
    .port_info 24 /INPUT 1 "RADDR_5";
    .port_info 25 /INPUT 1 "RADDR_4";
    .port_info 26 /INPUT 1 "RADDR_3";
    .port_info 27 /INPUT 1 "RADDR_2";
    .port_info 28 /INPUT 1 "RADDR_1";
    .port_info 29 /INPUT 1 "RADDR_0";
    .port_info 30 /INPUT 1 "WCLK";
    .port_info 31 /INPUT 1 "WCLKE";
    .port_info 32 /INPUT 1 "WE";
    .port_info 33 /INPUT 1 "WADDR_10";
    .port_info 34 /INPUT 1 "WADDR_9";
    .port_info 35 /INPUT 1 "WADDR_8";
    .port_info 36 /INPUT 1 "WADDR_7";
    .port_info 37 /INPUT 1 "WADDR_6";
    .port_info 38 /INPUT 1 "WADDR_5";
    .port_info 39 /INPUT 1 "WADDR_4";
    .port_info 40 /INPUT 1 "WADDR_3";
    .port_info 41 /INPUT 1 "WADDR_2";
    .port_info 42 /INPUT 1 "WADDR_1";
    .port_info 43 /INPUT 1 "WADDR_0";
    .port_info 44 /INPUT 1 "MASK_15";
    .port_info 45 /INPUT 1 "MASK_14";
    .port_info 46 /INPUT 1 "MASK_13";
    .port_info 47 /INPUT 1 "MASK_12";
    .port_info 48 /INPUT 1 "MASK_11";
    .port_info 49 /INPUT 1 "MASK_10";
    .port_info 50 /INPUT 1 "MASK_9";
    .port_info 51 /INPUT 1 "MASK_8";
    .port_info 52 /INPUT 1 "MASK_7";
    .port_info 53 /INPUT 1 "MASK_6";
    .port_info 54 /INPUT 1 "MASK_5";
    .port_info 55 /INPUT 1 "MASK_4";
    .port_info 56 /INPUT 1 "MASK_3";
    .port_info 57 /INPUT 1 "MASK_2";
    .port_info 58 /INPUT 1 "MASK_1";
    .port_info 59 /INPUT 1 "MASK_0";
    .port_info 60 /INPUT 1 "WDATA_15";
    .port_info 61 /INPUT 1 "WDATA_14";
    .port_info 62 /INPUT 1 "WDATA_13";
    .port_info 63 /INPUT 1 "WDATA_12";
    .port_info 64 /INPUT 1 "WDATA_11";
    .port_info 65 /INPUT 1 "WDATA_10";
    .port_info 66 /INPUT 1 "WDATA_9";
    .port_info 67 /INPUT 1 "WDATA_8";
    .port_info 68 /INPUT 1 "WDATA_7";
    .port_info 69 /INPUT 1 "WDATA_6";
    .port_info 70 /INPUT 1 "WDATA_5";
    .port_info 71 /INPUT 1 "WDATA_4";
    .port_info 72 /INPUT 1 "WDATA_3";
    .port_info 73 /INPUT 1 "WDATA_2";
    .port_info 74 /INPUT 1 "WDATA_1";
    .port_info 75 /INPUT 1 "WDATA_0";
P_0000000004b986c0 .param/l "INIT_0" 0 2 3182, C4<0000000000000000000000000000000000000000000000000000000000000000000000000000000000000000000000000000000000000000000000000000000000000000000000000000000000000000000000000000000000000000000000000000000000000000000000000000000000000000000000000000000000000000>;
P_0000000004b986f8 .param/l "INIT_1" 0 2 3183, C4<0000000000000000000000000000000000000000000000000000000000000000000000000000000000000000000000000000000000000000000000000000000000000000000000000000000000000000000000000000000000000000000000000000000000000000000000000000000000000000000000000000000000000000>;
P_0000000004b98730 .param/l "INIT_2" 0 2 3184, C4<0000000000000000000000000000000000000000000000000000000000000000000000000000000000000000000000000000000000000000000000000000000000000000000000000000000000000000000000000000000000000000000000000000000000000000000000000000000000000000000000000000000000000000>;
P_0000000004b98768 .param/l "INIT_3" 0 2 3185, C4<0000000000000000000000000000000000000000000000000000000000000000000000000000000000000000000000000000000000000000000000000000000000000000000000000000000000000000000000000000000000000000000000000000000000000000000000000000000000000000000000000000000000000000>;
P_0000000004b987a0 .param/l "INIT_4" 0 2 3186, C4<0000000000000000000000000000000000000000000000000000000000000000000000000000000000000000000000000000000000000000000000000000000000000000000000000000000000000000000000000000000000000000000000000000000000000000000000000000000000000000000000000000000000000000>;
P_0000000004b987d8 .param/l "INIT_5" 0 2 3187, C4<0000000000000000000000000000000000000000000000000000000000000000000000000000000000000000000000000000000000000000000000000000000000000000000000000000000000000000000000000000000000000000000000000000000000000000000000000000000000000000000000000000000000000000>;
P_0000000004b98810 .param/l "INIT_6" 0 2 3188, C4<0000000000000000000000000000000000000000000000000000000000000000000000000000000000000000000000000000000000000000000000000000000000000000000000000000000000000000000000000000000000000000000000000000000000000000000000000000000000000000000000000000000000000000>;
P_0000000004b98848 .param/l "INIT_7" 0 2 3189, C4<0000000000000000000000000000000000000000000000000000000000000000000000000000000000000000000000000000000000000000000000000000000000000000000000000000000000000000000000000000000000000000000000000000000000000000000000000000000000000000000000000000000000000000>;
P_0000000004b98880 .param/l "INIT_8" 0 2 3190, C4<0000000000000000000000000000000000000000000000000000000000000000000000000000000000000000000000000000000000000000000000000000000000000000000000000000000000000000000000000000000000000000000000000000000000000000000000000000000000000000000000000000000000000000>;
P_0000000004b988b8 .param/l "INIT_9" 0 2 3191, C4<0000000000000000000000000000000000000000000000000000000000000000000000000000000000000000000000000000000000000000000000000000000000000000000000000000000000000000000000000000000000000000000000000000000000000000000000000000000000000000000000000000000000000000>;
P_0000000004b988f0 .param/l "INIT_A" 0 2 3192, C4<0000000000000000000000000000000000000000000000000000000000000000000000000000000000000000000000000000000000000000000000000000000000000000000000000000000000000000000000000000000000000000000000000000000000000000000000000000000000000000000000000000000000000000>;
P_0000000004b98928 .param/l "INIT_B" 0 2 3193, C4<0000000000000000000000000000000000000000000000000000000000000000000000000000000000000000000000000000000000000000000000000000000000000000000000000000000000000000000000000000000000000000000000000000000000000000000000000000000000000000000000000000000000000000>;
P_0000000004b98960 .param/l "INIT_C" 0 2 3194, C4<0000000000000000000000000000000000000000000000000000000000000000000000000000000000000000000000000000000000000000000000000000000000000000000000000000000000000000000000000000000000000000000000000000000000000000000000000000000000000000000000000000000000000000>;
P_0000000004b98998 .param/l "INIT_D" 0 2 3195, C4<0000000000000000000000000000000000000000000000000000000000000000000000000000000000000000000000000000000000000000000000000000000000000000000000000000000000000000000000000000000000000000000000000000000000000000000000000000000000000000000000000000000000000000>;
P_0000000004b989d0 .param/l "INIT_E" 0 2 3196, C4<0000000000000000000000000000000000000000000000000000000000000000000000000000000000000000000000000000000000000000000000000000000000000000000000000000000000000000000000000000000000000000000000000000000000000000000000000000000000000000000000000000000000000000>;
P_0000000004b98a08 .param/l "INIT_F" 0 2 3197, C4<0000000000000000000000000000000000000000000000000000000000000000000000000000000000000000000000000000000000000000000000000000000000000000000000000000000000000000000000000000000000000000000000000000000000000000000000000000000000000000000000000000000000000000>;
P_0000000004b98a40 .param/l "NEG_CLK_R" 0 2 3179, C4<0>;
P_0000000004b98a78 .param/l "NEG_CLK_W" 0 2 3180, C4<0>;
P_0000000004b98ab0 .param/l "READ_MODE" 0 2 3177, +C4<00000000000000000000000000000000>;
P_0000000004b98ae8 .param/l "WRITE_MODE" 0 2 3176, +C4<00000000000000000000000000000000>;
L_000000000665fb30 .functor BUFT 1, C4<0>, C4<0>, C4<0>, C4<0>;
L_00000000065ac650 .functor XOR 1, L_0000000006659980, L_000000000665fb30, C4<0>, C4<0>;
L_000000000665fb78 .functor BUFT 1, C4<0>, C4<0>, C4<0>, C4<0>;
L_00000000065ad140 .functor XOR 1, L_0000000006658a80, L_000000000665fb78, C4<0>, C4<0>;
o0000000006601228 .functor BUFZ 1, C4<z>; HiZ drive
v00000000065f5270_0 .net "MASK_0", 0 0, o0000000006601228;  0 drivers
o0000000006601258 .functor BUFZ 1, C4<z>; HiZ drive
v00000000065f38d0_0 .net "MASK_1", 0 0, o0000000006601258;  0 drivers
o0000000006601288 .functor BUFZ 1, C4<z>; HiZ drive
v00000000065f3650_0 .net "MASK_10", 0 0, o0000000006601288;  0 drivers
o00000000066012b8 .functor BUFZ 1, C4<z>; HiZ drive
v00000000065f36f0_0 .net "MASK_11", 0 0, o00000000066012b8;  0 drivers
o00000000066012e8 .functor BUFZ 1, C4<z>; HiZ drive
v00000000065f3dd0_0 .net "MASK_12", 0 0, o00000000066012e8;  0 drivers
o0000000006601318 .functor BUFZ 1, C4<z>; HiZ drive
v00000000065f3fb0_0 .net "MASK_13", 0 0, o0000000006601318;  0 drivers
o0000000006601348 .functor BUFZ 1, C4<z>; HiZ drive
v00000000065f3e70_0 .net "MASK_14", 0 0, o0000000006601348;  0 drivers
o0000000006601378 .functor BUFZ 1, C4<z>; HiZ drive
v00000000065f4050_0 .net "MASK_15", 0 0, o0000000006601378;  0 drivers
o00000000066013a8 .functor BUFZ 1, C4<z>; HiZ drive
v00000000065f5480_0 .net "MASK_2", 0 0, o00000000066013a8;  0 drivers
o00000000066013d8 .functor BUFZ 1, C4<z>; HiZ drive
v00000000065f6a60_0 .net "MASK_3", 0 0, o00000000066013d8;  0 drivers
o0000000006601408 .functor BUFZ 1, C4<z>; HiZ drive
v00000000065f67e0_0 .net "MASK_4", 0 0, o0000000006601408;  0 drivers
o0000000006601438 .functor BUFZ 1, C4<z>; HiZ drive
v00000000065f6b00_0 .net "MASK_5", 0 0, o0000000006601438;  0 drivers
o0000000006601468 .functor BUFZ 1, C4<z>; HiZ drive
v00000000065f5de0_0 .net "MASK_6", 0 0, o0000000006601468;  0 drivers
o0000000006601498 .functor BUFZ 1, C4<z>; HiZ drive
v00000000065f5e80_0 .net "MASK_7", 0 0, o0000000006601498;  0 drivers
o00000000066014c8 .functor BUFZ 1, C4<z>; HiZ drive
v00000000065f58e0_0 .net "MASK_8", 0 0, o00000000066014c8;  0 drivers
o00000000066014f8 .functor BUFZ 1, C4<z>; HiZ drive
v00000000065f62e0_0 .net "MASK_9", 0 0, o00000000066014f8;  0 drivers
o0000000006601528 .functor BUFZ 1, C4<z>; HiZ drive
v00000000065f7280_0 .net "RADDR_0", 0 0, o0000000006601528;  0 drivers
o0000000006601558 .functor BUFZ 1, C4<z>; HiZ drive
v00000000065f5520_0 .net "RADDR_1", 0 0, o0000000006601558;  0 drivers
o0000000006601588 .functor BUFZ 1, C4<z>; HiZ drive
v00000000065f6ce0_0 .net "RADDR_10", 0 0, o0000000006601588;  0 drivers
o00000000066015b8 .functor BUFZ 1, C4<z>; HiZ drive
v00000000065f6ba0_0 .net "RADDR_2", 0 0, o00000000066015b8;  0 drivers
o00000000066015e8 .functor BUFZ 1, C4<z>; HiZ drive
v00000000065f5980_0 .net "RADDR_3", 0 0, o00000000066015e8;  0 drivers
o0000000006601618 .functor BUFZ 1, C4<z>; HiZ drive
v00000000065f6f60_0 .net "RADDR_4", 0 0, o0000000006601618;  0 drivers
o0000000006601648 .functor BUFZ 1, C4<z>; HiZ drive
v00000000065f5d40_0 .net "RADDR_5", 0 0, o0000000006601648;  0 drivers
o0000000006601678 .functor BUFZ 1, C4<z>; HiZ drive
v00000000065f5f20_0 .net "RADDR_6", 0 0, o0000000006601678;  0 drivers
o00000000066016a8 .functor BUFZ 1, C4<z>; HiZ drive
v00000000065f6e20_0 .net "RADDR_7", 0 0, o00000000066016a8;  0 drivers
o00000000066016d8 .functor BUFZ 1, C4<z>; HiZ drive
v00000000065f6ec0_0 .net "RADDR_8", 0 0, o00000000066016d8;  0 drivers
o0000000006601708 .functor BUFZ 1, C4<z>; HiZ drive
v00000000065f6d80_0 .net "RADDR_9", 0 0, o0000000006601708;  0 drivers
o0000000006601738 .functor BUFZ 1, C4<z>; HiZ drive
v00000000065f7000_0 .net "RCLK", 0 0, o0000000006601738;  0 drivers
o0000000006601768 .functor BUFZ 1, C4<z>; HiZ drive
v00000000065f7320_0 .net "RCLKE", 0 0, o0000000006601768;  0 drivers
v00000000065f6380_0 .net "RDATA_0", 0 0, L_00000000066592a0;  1 drivers
v00000000065f7140_0 .net "RDATA_1", 0 0, L_00000000066598e0;  1 drivers
v00000000065f6920_0 .net "RDATA_10", 0 0, L_0000000006657f40;  1 drivers
v00000000065f70a0_0 .net "RDATA_11", 0 0, L_0000000006659fc0;  1 drivers
v00000000065f61a0_0 .net "RDATA_12", 0 0, L_00000000066586c0;  1 drivers
v00000000065f5b60_0 .net "RDATA_13", 0 0, L_0000000006657d60;  1 drivers
v00000000065f55c0_0 .net "RDATA_14", 0 0, L_0000000006658d00;  1 drivers
v00000000065f71e0_0 .net "RDATA_15", 0 0, L_000000000665f380;  1 drivers
v00000000065f5660_0 .net "RDATA_2", 0 0, L_0000000006658440;  1 drivers
v00000000065f66a0_0 .net "RDATA_3", 0 0, L_0000000006659840;  1 drivers
v00000000065f6c40_0 .net "RDATA_4", 0 0, L_0000000006658300;  1 drivers
v00000000065f5ac0_0 .net "RDATA_5", 0 0, L_0000000006657e00;  1 drivers
v00000000065f5700_0 .net "RDATA_6", 0 0, L_0000000006659660;  1 drivers
v00000000065f6420_0 .net "RDATA_7", 0 0, L_0000000006658bc0;  1 drivers
v00000000065f6740_0 .net "RDATA_8", 0 0, L_0000000006658940;  1 drivers
v00000000065f57a0_0 .net "RDATA_9", 0 0, L_0000000006659c00;  1 drivers
o0000000006601a98 .functor BUFZ 1, C4<z>; HiZ drive
v00000000065f5840_0 .net "RE", 0 0, o0000000006601a98;  0 drivers
o0000000006601ac8 .functor BUFZ 1, C4<z>; HiZ drive
v00000000065f5a20_0 .net "WADDR_0", 0 0, o0000000006601ac8;  0 drivers
o0000000006601af8 .functor BUFZ 1, C4<z>; HiZ drive
v00000000065f5c00_0 .net "WADDR_1", 0 0, o0000000006601af8;  0 drivers
o0000000006601b28 .functor BUFZ 1, C4<z>; HiZ drive
v00000000065f5ca0_0 .net "WADDR_10", 0 0, o0000000006601b28;  0 drivers
o0000000006601b58 .functor BUFZ 1, C4<z>; HiZ drive
v00000000065f5fc0_0 .net "WADDR_2", 0 0, o0000000006601b58;  0 drivers
o0000000006601b88 .functor BUFZ 1, C4<z>; HiZ drive
v00000000065f6060_0 .net "WADDR_3", 0 0, o0000000006601b88;  0 drivers
o0000000006601bb8 .functor BUFZ 1, C4<z>; HiZ drive
v00000000065f6100_0 .net "WADDR_4", 0 0, o0000000006601bb8;  0 drivers
o0000000006601be8 .functor BUFZ 1, C4<z>; HiZ drive
v00000000065f6880_0 .net "WADDR_5", 0 0, o0000000006601be8;  0 drivers
o0000000006601c18 .functor BUFZ 1, C4<z>; HiZ drive
v00000000065f69c0_0 .net "WADDR_6", 0 0, o0000000006601c18;  0 drivers
o0000000006601c48 .functor BUFZ 1, C4<z>; HiZ drive
v00000000065f6240_0 .net "WADDR_7", 0 0, o0000000006601c48;  0 drivers
o0000000006601c78 .functor BUFZ 1, C4<z>; HiZ drive
v00000000065f64c0_0 .net "WADDR_8", 0 0, o0000000006601c78;  0 drivers
o0000000006601ca8 .functor BUFZ 1, C4<z>; HiZ drive
v00000000065f6560_0 .net "WADDR_9", 0 0, o0000000006601ca8;  0 drivers
o0000000006601cd8 .functor BUFZ 1, C4<z>; HiZ drive
v00000000065f6600_0 .net "WCLK", 0 0, o0000000006601cd8;  0 drivers
o0000000006601d08 .functor BUFZ 1, C4<z>; HiZ drive
v00000000065f97a0_0 .net "WCLKE", 0 0, o0000000006601d08;  0 drivers
o0000000006601d38 .functor BUFZ 1, C4<z>; HiZ drive
v00000000065f7720_0 .net "WDATA_0", 0 0, o0000000006601d38;  0 drivers
o0000000006601d68 .functor BUFZ 1, C4<z>; HiZ drive
v00000000065f8120_0 .net "WDATA_1", 0 0, o0000000006601d68;  0 drivers
o0000000006601d98 .functor BUFZ 1, C4<z>; HiZ drive
v00000000065f81c0_0 .net "WDATA_10", 0 0, o0000000006601d98;  0 drivers
o0000000006601dc8 .functor BUFZ 1, C4<z>; HiZ drive
v00000000065f7540_0 .net "WDATA_11", 0 0, o0000000006601dc8;  0 drivers
o0000000006601df8 .functor BUFZ 1, C4<z>; HiZ drive
v00000000065f8b20_0 .net "WDATA_12", 0 0, o0000000006601df8;  0 drivers
o0000000006601e28 .functor BUFZ 1, C4<z>; HiZ drive
v00000000065f8ee0_0 .net "WDATA_13", 0 0, o0000000006601e28;  0 drivers
o0000000006601e58 .functor BUFZ 1, C4<z>; HiZ drive
v00000000065f75e0_0 .net "WDATA_14", 0 0, o0000000006601e58;  0 drivers
o0000000006601e88 .functor BUFZ 1, C4<z>; HiZ drive
v00000000065f86c0_0 .net "WDATA_15", 0 0, o0000000006601e88;  0 drivers
o0000000006601eb8 .functor BUFZ 1, C4<z>; HiZ drive
v00000000065f89e0_0 .net "WDATA_2", 0 0, o0000000006601eb8;  0 drivers
o0000000006601ee8 .functor BUFZ 1, C4<z>; HiZ drive
v00000000065f8800_0 .net "WDATA_3", 0 0, o0000000006601ee8;  0 drivers
o0000000006601f18 .functor BUFZ 1, C4<z>; HiZ drive
v00000000065f8f80_0 .net "WDATA_4", 0 0, o0000000006601f18;  0 drivers
o0000000006601f48 .functor BUFZ 1, C4<z>; HiZ drive
v00000000065f8bc0_0 .net "WDATA_5", 0 0, o0000000006601f48;  0 drivers
o0000000006601f78 .functor BUFZ 1, C4<z>; HiZ drive
v00000000065f9340_0 .net "WDATA_6", 0 0, o0000000006601f78;  0 drivers
o0000000006601fa8 .functor BUFZ 1, C4<z>; HiZ drive
v00000000065f7900_0 .net "WDATA_7", 0 0, o0000000006601fa8;  0 drivers
o0000000006601fd8 .functor BUFZ 1, C4<z>; HiZ drive
v00000000065f98e0_0 .net "WDATA_8", 0 0, o0000000006601fd8;  0 drivers
o0000000006602008 .functor BUFZ 1, C4<z>; HiZ drive
v00000000065f7c20_0 .net "WDATA_9", 0 0, o0000000006602008;  0 drivers
o0000000006602038 .functor BUFZ 1, C4<z>; HiZ drive
v00000000065f8300_0 .net "WE", 0 0, o0000000006602038;  0 drivers
v00000000065f8440_0 .net *"_ivl_100", 0 0, L_0000000006659480;  1 drivers
v00000000065f9020_0 .net *"_ivl_102", 0 0, L_0000000006659520;  1 drivers
v00000000065f74a0_0 .net *"_ivl_104", 0 0, L_0000000006659ac0;  1 drivers
v00000000065f88a0_0 .net *"_ivl_106", 0 0, L_0000000006658260;  1 drivers
v00000000065f7b80_0 .net *"_ivl_108", 0 0, L_0000000006659b60;  1 drivers
v00000000065f8260_0 .net *"_ivl_110", 0 0, L_0000000006659de0;  1 drivers
v00000000065f83a0_0 .net *"_ivl_112", 0 0, L_0000000006659e80;  1 drivers
v00000000065f9520_0 .net *"_ivl_114", 0 0, L_00000000066583a0;  1 drivers
v00000000065f9ac0_0 .net *"_ivl_116", 0 0, L_00000000066579a0;  1 drivers
v00000000065f8c60_0 .net *"_ivl_120", 0 0, L_0000000006657ae0;  1 drivers
v00000000065f90c0_0 .net *"_ivl_122", 0 0, L_0000000006658580;  1 drivers
v00000000065f7cc0_0 .net *"_ivl_124", 0 0, L_00000000066bd0b0;  1 drivers
v00000000065f7a40_0 .net *"_ivl_126", 0 0, L_00000000066bc890;  1 drivers
v00000000065f7fe0_0 .net *"_ivl_128", 0 0, L_00000000066bcf70;  1 drivers
v00000000065f8a80_0 .net *"_ivl_130", 0 0, L_00000000066be9b0;  1 drivers
v00000000065f8e40_0 .net *"_ivl_132", 0 0, L_00000000066bd5b0;  1 drivers
v00000000065f7e00_0 .net *"_ivl_134", 0 0, L_00000000066bced0;  1 drivers
v00000000065f9980_0 .net *"_ivl_136", 0 0, L_00000000066bc930;  1 drivers
v00000000065f8580_0 .net *"_ivl_138", 0 0, L_00000000066bcbb0;  1 drivers
v00000000065f8940_0 .net *"_ivl_140", 0 0, L_00000000066bdf10;  1 drivers
v00000000065f92a0_0 .net *"_ivl_142", 0 0, L_00000000066bcd90;  1 drivers
v00000000065f79a0_0 .net *"_ivl_144", 0 0, L_00000000066beff0;  1 drivers
v00000000065f7f40_0 .net *"_ivl_146", 0 0, L_00000000066bd1f0;  1 drivers
v00000000065f9480_0 .net *"_ivl_148", 0 0, L_00000000066be050;  1 drivers
v00000000065f9a20_0 .net *"_ivl_150", 0 0, L_00000000066beaf0;  1 drivers
v00000000065f8620_0 .net *"_ivl_18", 0 0, L_0000000006659980;  1 drivers
v00000000065f9840_0 .net/2u *"_ivl_19", 0 0, L_000000000665fb30;  1 drivers
v00000000065f95c0_0 .net *"_ivl_28", 0 0, L_0000000006657c20;  1 drivers
v00000000065f8760_0 .net *"_ivl_30", 0 0, L_0000000006658620;  1 drivers
v00000000065f7ae0_0 .net *"_ivl_32", 0 0, L_00000000066590c0;  1 drivers
v00000000065f7d60_0 .net *"_ivl_34", 0 0, L_0000000006657fe0;  1 drivers
v00000000065f8080_0 .net *"_ivl_36", 0 0, L_0000000006659020;  1 drivers
v00000000065f9660_0 .net *"_ivl_38", 0 0, L_0000000006657cc0;  1 drivers
v00000000065f9b60_0 .net *"_ivl_40", 0 0, L_0000000006658c60;  1 drivers
v00000000065f8d00_0 .net *"_ivl_42", 0 0, L_0000000006658080;  1 drivers
v00000000065f9c00_0 .net *"_ivl_44", 0 0, L_0000000006659340;  1 drivers
v00000000065f9700_0 .net *"_ivl_46", 0 0, L_0000000006659a20;  1 drivers
v00000000065f8da0_0 .net *"_ivl_48", 0 0, L_0000000006657860;  1 drivers
v00000000065f7ea0_0 .net *"_ivl_52", 0 0, L_0000000006658a80;  1 drivers
v00000000065f7680_0 .net/2u *"_ivl_53", 0 0, L_000000000665fb78;  1 drivers
v00000000065f77c0_0 .net *"_ivl_62", 0 0, L_0000000006658e40;  1 drivers
v00000000065f9200_0 .net *"_ivl_64", 0 0, L_0000000006657ea0;  1 drivers
v00000000065f9160_0 .net *"_ivl_66", 0 0, L_00000000066588a0;  1 drivers
v00000000065f7860_0 .net *"_ivl_68", 0 0, L_0000000006658760;  1 drivers
v00000000065f84e0_0 .net *"_ivl_70", 0 0, L_0000000006658b20;  1 drivers
v00000000065f93e0_0 .net *"_ivl_72", 0 0, L_0000000006658ee0;  1 drivers
v00000000065fad80_0 .net *"_ivl_74", 0 0, L_0000000006659f20;  1 drivers
v00000000065faf60_0 .net *"_ivl_76", 0 0, L_0000000006659700;  1 drivers
v00000000065fa380_0 .net *"_ivl_78", 0 0, L_0000000006658120;  1 drivers
v00000000065f9f20_0 .net *"_ivl_80", 0 0, L_0000000006658f80;  1 drivers
v00000000065face0_0 .net *"_ivl_82", 0 0, L_0000000006659160;  1 drivers
v00000000065fa600_0 .net *"_ivl_86", 0 0, L_0000000006658800;  1 drivers
v00000000065f9fc0_0 .net *"_ivl_88", 0 0, L_0000000006657900;  1 drivers
v00000000065fa560_0 .net *"_ivl_90", 0 0, L_00000000066595c0;  1 drivers
v00000000065fb1e0_0 .net *"_ivl_92", 0 0, L_00000000066593e0;  1 drivers
v00000000065fae20_0 .net *"_ivl_94", 0 0, L_00000000066584e0;  1 drivers
v00000000065fa1a0_0 .net *"_ivl_96", 0 0, L_0000000006659200;  1 drivers
v00000000065fb000_0 .net *"_ivl_98", 0 0, L_00000000066597a0;  1 drivers
L_000000000665f380 .part v00000000065f3bf0_0, 15, 1;
L_0000000006658d00 .part v00000000065f3bf0_0, 14, 1;
L_0000000006657d60 .part v00000000065f3bf0_0, 13, 1;
L_00000000066586c0 .part v00000000065f3bf0_0, 12, 1;
L_0000000006659fc0 .part v00000000065f3bf0_0, 11, 1;
L_0000000006657f40 .part v00000000065f3bf0_0, 10, 1;
L_0000000006659c00 .part v00000000065f3bf0_0, 9, 1;
L_0000000006658940 .part v00000000065f3bf0_0, 8, 1;
L_0000000006658bc0 .part v00000000065f3bf0_0, 7, 1;
L_0000000006659660 .part v00000000065f3bf0_0, 6, 1;
L_0000000006657e00 .part v00000000065f3bf0_0, 5, 1;
L_0000000006658300 .part v00000000065f3bf0_0, 4, 1;
L_0000000006659840 .part v00000000065f3bf0_0, 3, 1;
L_0000000006658440 .part v00000000065f3bf0_0, 2, 1;
L_00000000066598e0 .part v00000000065f3bf0_0, 1, 1;
L_00000000066592a0 .part v00000000065f3bf0_0, 0, 1;
L_0000000006659980 .ufunc/vec4 TD_ICESTORM_RAM.pd, 1, o0000000006601738 (v00000000065f5090_0) S_00000000065cf110;
L_0000000006658da0 .ufunc/vec4 TD_ICESTORM_RAM.pu, 1, o0000000006601768 (v00000000065f3790_0) S_00000000065cdfe0;
L_0000000006657b80 .ufunc/vec4 TD_ICESTORM_RAM.pd, 1, o0000000006601a98 (v00000000065f5090_0) S_00000000065cf110;
L_0000000006657c20 .ufunc/vec4 TD_ICESTORM_RAM.pd, 1, o0000000006601588 (v00000000065f5090_0) S_00000000065cf110;
L_0000000006658620 .ufunc/vec4 TD_ICESTORM_RAM.pd, 1, o0000000006601708 (v00000000065f5090_0) S_00000000065cf110;
L_00000000066590c0 .ufunc/vec4 TD_ICESTORM_RAM.pd, 1, o00000000066016d8 (v00000000065f5090_0) S_00000000065cf110;
L_0000000006657fe0 .ufunc/vec4 TD_ICESTORM_RAM.pd, 1, o00000000066016a8 (v00000000065f5090_0) S_00000000065cf110;
L_0000000006659020 .ufunc/vec4 TD_ICESTORM_RAM.pd, 1, o0000000006601678 (v00000000065f5090_0) S_00000000065cf110;
L_0000000006657cc0 .ufunc/vec4 TD_ICESTORM_RAM.pd, 1, o0000000006601648 (v00000000065f5090_0) S_00000000065cf110;
L_0000000006658c60 .ufunc/vec4 TD_ICESTORM_RAM.pd, 1, o0000000006601618 (v00000000065f5090_0) S_00000000065cf110;
L_0000000006658080 .ufunc/vec4 TD_ICESTORM_RAM.pd, 1, o00000000066015e8 (v00000000065f5090_0) S_00000000065cf110;
L_0000000006659340 .ufunc/vec4 TD_ICESTORM_RAM.pd, 1, o00000000066015b8 (v00000000065f5090_0) S_00000000065cf110;
L_0000000006659a20 .ufunc/vec4 TD_ICESTORM_RAM.pd, 1, o0000000006601558 (v00000000065f5090_0) S_00000000065cf110;
L_0000000006657860 .ufunc/vec4 TD_ICESTORM_RAM.pd, 1, o0000000006601528 (v00000000065f5090_0) S_00000000065cf110;
LS_00000000066589e0_0_0 .concat [ 1 1 1 1], L_0000000006657860, L_0000000006659a20, L_0000000006659340, L_0000000006658080;
LS_00000000066589e0_0_4 .concat [ 1 1 1 1], L_0000000006658c60, L_0000000006657cc0, L_0000000006659020, L_0000000006657fe0;
LS_00000000066589e0_0_8 .concat [ 1 1 1 0], L_00000000066590c0, L_0000000006658620, L_0000000006657c20;
L_00000000066589e0 .concat [ 4 4 3 0], LS_00000000066589e0_0_0, LS_00000000066589e0_0_4, LS_00000000066589e0_0_8;
L_0000000006658a80 .ufunc/vec4 TD_ICESTORM_RAM.pd, 1, o0000000006601cd8 (v00000000065f5090_0) S_00000000065cf110;
L_0000000006659ca0 .ufunc/vec4 TD_ICESTORM_RAM.pu, 1, o0000000006601d08 (v00000000065f3790_0) S_00000000065cdfe0;
L_0000000006659d40 .ufunc/vec4 TD_ICESTORM_RAM.pd, 1, o0000000006602038 (v00000000065f5090_0) S_00000000065cf110;
L_0000000006658e40 .ufunc/vec4 TD_ICESTORM_RAM.pd, 1, o0000000006601b28 (v00000000065f5090_0) S_00000000065cf110;
L_0000000006657ea0 .ufunc/vec4 TD_ICESTORM_RAM.pd, 1, o0000000006601ca8 (v00000000065f5090_0) S_00000000065cf110;
L_00000000066588a0 .ufunc/vec4 TD_ICESTORM_RAM.pd, 1, o0000000006601c78 (v00000000065f5090_0) S_00000000065cf110;
L_0000000006658760 .ufunc/vec4 TD_ICESTORM_RAM.pd, 1, o0000000006601c48 (v00000000065f5090_0) S_00000000065cf110;
L_0000000006658b20 .ufunc/vec4 TD_ICESTORM_RAM.pd, 1, o0000000006601c18 (v00000000065f5090_0) S_00000000065cf110;
L_0000000006658ee0 .ufunc/vec4 TD_ICESTORM_RAM.pd, 1, o0000000006601be8 (v00000000065f5090_0) S_00000000065cf110;
L_0000000006659f20 .ufunc/vec4 TD_ICESTORM_RAM.pd, 1, o0000000006601bb8 (v00000000065f5090_0) S_00000000065cf110;
L_0000000006659700 .ufunc/vec4 TD_ICESTORM_RAM.pd, 1, o0000000006601b88 (v00000000065f5090_0) S_00000000065cf110;
L_0000000006658120 .ufunc/vec4 TD_ICESTORM_RAM.pd, 1, o0000000006601b58 (v00000000065f5090_0) S_00000000065cf110;
L_0000000006658f80 .ufunc/vec4 TD_ICESTORM_RAM.pd, 1, o0000000006601af8 (v00000000065f5090_0) S_00000000065cf110;
L_0000000006659160 .ufunc/vec4 TD_ICESTORM_RAM.pd, 1, o0000000006601ac8 (v00000000065f5090_0) S_00000000065cf110;
LS_00000000066581c0_0_0 .concat [ 1 1 1 1], L_0000000006659160, L_0000000006658f80, L_0000000006658120, L_0000000006659700;
LS_00000000066581c0_0_4 .concat [ 1 1 1 1], L_0000000006659f20, L_0000000006658ee0, L_0000000006658b20, L_0000000006658760;
LS_00000000066581c0_0_8 .concat [ 1 1 1 0], L_00000000066588a0, L_0000000006657ea0, L_0000000006658e40;
L_00000000066581c0 .concat [ 4 4 3 0], LS_00000000066581c0_0_0, LS_00000000066581c0_0_4, LS_00000000066581c0_0_8;
L_0000000006658800 .ufunc/vec4 TD_ICESTORM_RAM.pd, 1, o0000000006601378 (v00000000065f5090_0) S_00000000065cf110;
L_0000000006657900 .ufunc/vec4 TD_ICESTORM_RAM.pd, 1, o0000000006601348 (v00000000065f5090_0) S_00000000065cf110;
L_00000000066595c0 .ufunc/vec4 TD_ICESTORM_RAM.pd, 1, o0000000006601318 (v00000000065f5090_0) S_00000000065cf110;
L_00000000066593e0 .ufunc/vec4 TD_ICESTORM_RAM.pd, 1, o00000000066012e8 (v00000000065f5090_0) S_00000000065cf110;
L_00000000066584e0 .ufunc/vec4 TD_ICESTORM_RAM.pd, 1, o00000000066012b8 (v00000000065f5090_0) S_00000000065cf110;
L_0000000006659200 .ufunc/vec4 TD_ICESTORM_RAM.pd, 1, o0000000006601288 (v00000000065f5090_0) S_00000000065cf110;
L_00000000066597a0 .ufunc/vec4 TD_ICESTORM_RAM.pd, 1, o00000000066014f8 (v00000000065f5090_0) S_00000000065cf110;
L_0000000006659480 .ufunc/vec4 TD_ICESTORM_RAM.pd, 1, o00000000066014c8 (v00000000065f5090_0) S_00000000065cf110;
L_0000000006659520 .ufunc/vec4 TD_ICESTORM_RAM.pd, 1, o0000000006601498 (v00000000065f5090_0) S_00000000065cf110;
L_0000000006659ac0 .ufunc/vec4 TD_ICESTORM_RAM.pd, 1, o0000000006601468 (v00000000065f5090_0) S_00000000065cf110;
L_0000000006658260 .ufunc/vec4 TD_ICESTORM_RAM.pd, 1, o0000000006601438 (v00000000065f5090_0) S_00000000065cf110;
L_0000000006659b60 .ufunc/vec4 TD_ICESTORM_RAM.pd, 1, o0000000006601408 (v00000000065f5090_0) S_00000000065cf110;
L_0000000006659de0 .ufunc/vec4 TD_ICESTORM_RAM.pd, 1, o00000000066013d8 (v00000000065f5090_0) S_00000000065cf110;
L_0000000006659e80 .ufunc/vec4 TD_ICESTORM_RAM.pd, 1, o00000000066013a8 (v00000000065f5090_0) S_00000000065cf110;
L_00000000066583a0 .ufunc/vec4 TD_ICESTORM_RAM.pd, 1, o0000000006601258 (v00000000065f5090_0) S_00000000065cf110;
L_00000000066579a0 .ufunc/vec4 TD_ICESTORM_RAM.pd, 1, o0000000006601228 (v00000000065f5090_0) S_00000000065cf110;
LS_0000000006657a40_0_0 .concat [ 1 1 1 1], L_00000000066579a0, L_00000000066583a0, L_0000000006659e80, L_0000000006659de0;
LS_0000000006657a40_0_4 .concat [ 1 1 1 1], L_0000000006659b60, L_0000000006658260, L_0000000006659ac0, L_0000000006659520;
LS_0000000006657a40_0_8 .concat [ 1 1 1 1], L_0000000006659480, L_00000000066597a0, L_0000000006659200, L_00000000066584e0;
LS_0000000006657a40_0_12 .concat [ 1 1 1 1], L_00000000066593e0, L_00000000066595c0, L_0000000006657900, L_0000000006658800;
L_0000000006657a40 .concat [ 4 4 4 4], LS_0000000006657a40_0_0, LS_0000000006657a40_0_4, LS_0000000006657a40_0_8, LS_0000000006657a40_0_12;
L_0000000006657ae0 .ufunc/vec4 TD_ICESTORM_RAM.pd, 1, o0000000006601e88 (v00000000065f5090_0) S_00000000065cf110;
L_0000000006658580 .ufunc/vec4 TD_ICESTORM_RAM.pd, 1, o0000000006601e58 (v00000000065f5090_0) S_00000000065cf110;
L_00000000066bd0b0 .ufunc/vec4 TD_ICESTORM_RAM.pd, 1, o0000000006601e28 (v00000000065f5090_0) S_00000000065cf110;
L_00000000066bc890 .ufunc/vec4 TD_ICESTORM_RAM.pd, 1, o0000000006601df8 (v00000000065f5090_0) S_00000000065cf110;
L_00000000066bcf70 .ufunc/vec4 TD_ICESTORM_RAM.pd, 1, o0000000006601dc8 (v00000000065f5090_0) S_00000000065cf110;
L_00000000066be9b0 .ufunc/vec4 TD_ICESTORM_RAM.pd, 1, o0000000006601d98 (v00000000065f5090_0) S_00000000065cf110;
L_00000000066bd5b0 .ufunc/vec4 TD_ICESTORM_RAM.pd, 1, o0000000006602008 (v00000000065f5090_0) S_00000000065cf110;
L_00000000066bced0 .ufunc/vec4 TD_ICESTORM_RAM.pd, 1, o0000000006601fd8 (v00000000065f5090_0) S_00000000065cf110;
L_00000000066bc930 .ufunc/vec4 TD_ICESTORM_RAM.pd, 1, o0000000006601fa8 (v00000000065f5090_0) S_00000000065cf110;
L_00000000066bcbb0 .ufunc/vec4 TD_ICESTORM_RAM.pd, 1, o0000000006601f78 (v00000000065f5090_0) S_00000000065cf110;
L_00000000066bdf10 .ufunc/vec4 TD_ICESTORM_RAM.pd, 1, o0000000006601f48 (v00000000065f5090_0) S_00000000065cf110;
L_00000000066bcd90 .ufunc/vec4 TD_ICESTORM_RAM.pd, 1, o0000000006601f18 (v00000000065f5090_0) S_00000000065cf110;
L_00000000066beff0 .ufunc/vec4 TD_ICESTORM_RAM.pd, 1, o0000000006601ee8 (v00000000065f5090_0) S_00000000065cf110;
L_00000000066bd1f0 .ufunc/vec4 TD_ICESTORM_RAM.pd, 1, o0000000006601eb8 (v00000000065f5090_0) S_00000000065cf110;
L_00000000066be050 .ufunc/vec4 TD_ICESTORM_RAM.pd, 1, o0000000006601d68 (v00000000065f5090_0) S_00000000065cf110;
L_00000000066beaf0 .ufunc/vec4 TD_ICESTORM_RAM.pd, 1, o0000000006601d38 (v00000000065f5090_0) S_00000000065cf110;
LS_00000000066bcc50_0_0 .concat [ 1 1 1 1], L_00000000066beaf0, L_00000000066be050, L_00000000066bd1f0, L_00000000066beff0;
LS_00000000066bcc50_0_4 .concat [ 1 1 1 1], L_00000000066bcd90, L_00000000066bdf10, L_00000000066bcbb0, L_00000000066bc930;
LS_00000000066bcc50_0_8 .concat [ 1 1 1 1], L_00000000066bced0, L_00000000066bd5b0, L_00000000066be9b0, L_00000000066bcf70;
LS_00000000066bcc50_0_12 .concat [ 1 1 1 1], L_00000000066bc890, L_00000000066bd0b0, L_0000000006658580, L_0000000006657ae0;
L_00000000066bcc50 .concat [ 4 4 4 4], LS_00000000066bcc50_0_0, LS_00000000066bcc50_0_4, LS_00000000066bcc50_0_8, LS_00000000066bcc50_0_12;
S_00000000065cdcc0 .scope module, "RAM" "SB_RAM40_4K" 2 3233, 2 1487 0, S_0000000006495640;
 .timescale -12 -12;
    .port_info 0 /OUTPUT 16 "RDATA";
    .port_info 1 /INPUT 1 "RCLK";
    .port_info 2 /INPUT 1 "RCLKE";
    .port_info 3 /INPUT 1 "RE";
    .port_info 4 /INPUT 11 "RADDR";
    .port_info 5 /INPUT 1 "WCLK";
    .port_info 6 /INPUT 1 "WCLKE";
    .port_info 7 /INPUT 1 "WE";
    .port_info 8 /INPUT 11 "WADDR";
    .port_info 9 /INPUT 16 "MASK";
    .port_info 10 /INPUT 16 "WDATA";
P_0000000006630090 .param/l "INIT_0" 0 2 1507, C4<0000000000000000000000000000000000000000000000000000000000000000000000000000000000000000000000000000000000000000000000000000000000000000000000000000000000000000000000000000000000000000000000000000000000000000000000000000000000000000000000000000000000000000>;
P_00000000066300c8 .param/l "INIT_1" 0 2 1508, C4<0000000000000000000000000000000000000000000000000000000000000000000000000000000000000000000000000000000000000000000000000000000000000000000000000000000000000000000000000000000000000000000000000000000000000000000000000000000000000000000000000000000000000000>;
P_0000000006630100 .param/l "INIT_2" 0 2 1509, C4<0000000000000000000000000000000000000000000000000000000000000000000000000000000000000000000000000000000000000000000000000000000000000000000000000000000000000000000000000000000000000000000000000000000000000000000000000000000000000000000000000000000000000000>;
P_0000000006630138 .param/l "INIT_3" 0 2 1510, C4<0000000000000000000000000000000000000000000000000000000000000000000000000000000000000000000000000000000000000000000000000000000000000000000000000000000000000000000000000000000000000000000000000000000000000000000000000000000000000000000000000000000000000000>;
P_0000000006630170 .param/l "INIT_4" 0 2 1511, C4<0000000000000000000000000000000000000000000000000000000000000000000000000000000000000000000000000000000000000000000000000000000000000000000000000000000000000000000000000000000000000000000000000000000000000000000000000000000000000000000000000000000000000000>;
P_00000000066301a8 .param/l "INIT_5" 0 2 1512, C4<0000000000000000000000000000000000000000000000000000000000000000000000000000000000000000000000000000000000000000000000000000000000000000000000000000000000000000000000000000000000000000000000000000000000000000000000000000000000000000000000000000000000000000>;
P_00000000066301e0 .param/l "INIT_6" 0 2 1513, C4<0000000000000000000000000000000000000000000000000000000000000000000000000000000000000000000000000000000000000000000000000000000000000000000000000000000000000000000000000000000000000000000000000000000000000000000000000000000000000000000000000000000000000000>;
P_0000000006630218 .param/l "INIT_7" 0 2 1514, C4<0000000000000000000000000000000000000000000000000000000000000000000000000000000000000000000000000000000000000000000000000000000000000000000000000000000000000000000000000000000000000000000000000000000000000000000000000000000000000000000000000000000000000000>;
P_0000000006630250 .param/l "INIT_8" 0 2 1515, C4<0000000000000000000000000000000000000000000000000000000000000000000000000000000000000000000000000000000000000000000000000000000000000000000000000000000000000000000000000000000000000000000000000000000000000000000000000000000000000000000000000000000000000000>;
P_0000000006630288 .param/l "INIT_9" 0 2 1516, C4<0000000000000000000000000000000000000000000000000000000000000000000000000000000000000000000000000000000000000000000000000000000000000000000000000000000000000000000000000000000000000000000000000000000000000000000000000000000000000000000000000000000000000000>;
P_00000000066302c0 .param/l "INIT_A" 0 2 1517, C4<0000000000000000000000000000000000000000000000000000000000000000000000000000000000000000000000000000000000000000000000000000000000000000000000000000000000000000000000000000000000000000000000000000000000000000000000000000000000000000000000000000000000000000>;
P_00000000066302f8 .param/l "INIT_B" 0 2 1518, C4<0000000000000000000000000000000000000000000000000000000000000000000000000000000000000000000000000000000000000000000000000000000000000000000000000000000000000000000000000000000000000000000000000000000000000000000000000000000000000000000000000000000000000000>;
P_0000000006630330 .param/l "INIT_C" 0 2 1519, C4<0000000000000000000000000000000000000000000000000000000000000000000000000000000000000000000000000000000000000000000000000000000000000000000000000000000000000000000000000000000000000000000000000000000000000000000000000000000000000000000000000000000000000000>;
P_0000000006630368 .param/l "INIT_D" 0 2 1520, C4<0000000000000000000000000000000000000000000000000000000000000000000000000000000000000000000000000000000000000000000000000000000000000000000000000000000000000000000000000000000000000000000000000000000000000000000000000000000000000000000000000000000000000000>;
P_00000000066303a0 .param/l "INIT_E" 0 2 1521, C4<0000000000000000000000000000000000000000000000000000000000000000000000000000000000000000000000000000000000000000000000000000000000000000000000000000000000000000000000000000000000000000000000000000000000000000000000000000000000000000000000000000000000000000>;
P_00000000066303d8 .param/l "INIT_F" 0 2 1522, C4<0000000000000000000000000000000000000000000000000000000000000000000000000000000000000000000000000000000000000000000000000000000000000000000000000000000000000000000000000000000000000000000000000000000000000000000000000000000000000000000000000000000000000000>;
P_0000000006630410 .param/str "INIT_FILE" 0 2 1524, "\000";
P_0000000006630448 .param/l "READ_MODE" 0 2 1505, +C4<00000000000000000000000000000000>;
P_0000000006630480 .param/l "WRITE_MODE" 0 2 1504, +C4<00000000000000000000000000000000>;
v00000000065f47d0_0 .net "MASK", 15 0, L_0000000006657a40;  1 drivers
v00000000065f45f0_0 .net "RADDR", 10 0, L_00000000066589e0;  1 drivers
v00000000065f4690_0 .net "RCLK", 0 0, L_00000000065ac650;  1 drivers
v00000000065f40f0_0 .net "RCLKE", 0 0, L_0000000006658da0;  1 drivers
v00000000065f3ab0_0 .net "RDATA", 15 0, v00000000065f3bf0_0;  1 drivers
v00000000065f3bf0_0 .var "RDATA_I", 15 0;
v00000000065f4a50_0 .net "RE", 0 0, L_0000000006657b80;  1 drivers
L_000000000665fae8 .functor BUFT 1, C4<0000000000000000>, C4<0>, C4<0>, C4<0>;
v00000000065f4eb0_0 .net "RMASK_I", 15 0, L_000000000665fae8;  1 drivers
v00000000065f3b50_0 .net "WADDR", 10 0, L_00000000066581c0;  1 drivers
v00000000065f4c30_0 .net "WCLK", 0 0, L_00000000065ad140;  1 drivers
v00000000065f3970_0 .net "WCLKE", 0 0, L_0000000006659ca0;  1 drivers
v00000000065f4f50_0 .net "WDATA", 15 0, L_00000000066bcc50;  1 drivers
v00000000065f4870_0 .net "WDATA_I", 15 0, L_00000000065ac5e0;  1 drivers
v00000000065f4af0_0 .net "WE", 0 0, L_0000000006659d40;  1 drivers
v00000000065f3510_0 .net "WMASK_I", 15 0, L_00000000065ac730;  1 drivers
v00000000065f3a10_0 .var/i "i", 31 0;
v00000000065f4910 .array "memory", 255 0, 15 0;
E_00000000065b8910 .event posedge, v00000000065f4690_0;
E_00000000065b7ed0 .event posedge, v00000000065f4c30_0;
S_00000000065ce300 .scope generate, "genblk1" "genblk1" 2 1534, 2 1534 0, S_00000000065cdcc0;
 .timescale -12 -12;
L_00000000065ac730 .functor BUFZ 16, L_0000000006657a40, C4<0000000000000000>, C4<0000000000000000>, C4<0000000000000000>;
S_00000000065ce490 .scope generate, "genblk2" "genblk2" 2 1555, 2 1555 0, S_00000000065cdcc0;
 .timescale -12 -12;
S_00000000065cec60 .scope generate, "genblk3" "genblk3" 2 1576, 2 1576 0, S_00000000065cdcc0;
 .timescale -12 -12;
L_00000000065ac5e0 .functor BUFZ 16, L_00000000066bcc50, C4<0000000000000000>, C4<0000000000000000>, C4<0000000000000000>;
S_00000000065cde50 .scope generate, "genblk4" "genblk4" 2 1595, 2 1595 0, S_00000000065cdcc0;
 .timescale -12 -12;
S_00000000065cf110 .scope function.vec4.s1, "pd" "pd" 2 3200, 2 3200 0, S_0000000006495640;
 .timescale -12 -12;
; Variable pd is vec4 return value of scope S_00000000065cf110
v00000000065f5090_0 .var "x", 0 0;
TD_ICESTORM_RAM.pd ;
    %load/vec4 v00000000065f5090_0;
    %cmpi/e 0, 1, 1;
    %flag_mov 8, 6;
    %jmp/0 T_0.0, 8;
    %pushi/vec4 0, 0, 1;
    %jmp/1 T_0.1, 8;
T_0.0 ; End of true expr.
    %load/vec4 v00000000065f5090_0;
    %jmp/0 T_0.1, 8;
 ; End of false expr.
    %blend;
T_0.1;
    %ret/vec4 0, 0, 1;  Assign to pd (store_vec4_to_lval)
    %end;
S_00000000065cdfe0 .scope function.vec4.s1, "pu" "pu" 2 3207, 2 3207 0, S_0000000006495640;
 .timescale -12 -12;
; Variable pu is vec4 return value of scope S_00000000065cdfe0
v00000000065f3790_0 .var "x", 0 0;
TD_ICESTORM_RAM.pu ;
    %load/vec4 v00000000065f3790_0;
    %cmpi/e 0, 1, 1;
    %flag_mov 8, 6;
    %jmp/0 T_1.2, 8;
    %pushi/vec4 1, 0, 1;
    %jmp/1 T_1.3, 8;
T_1.2 ; End of true expr.
    %load/vec4 v00000000065f3790_0;
    %jmp/0 T_1.3, 8;
 ; End of false expr.
    %blend;
T_1.3;
    %ret/vec4 0, 0, 1;  Assign to pu (store_vec4_to_lval)
    %end;
S_00000000064957d0 .scope module, "SB_CARRY" "SB_CARRY" 2 228;
 .timescale -12 -12;
    .port_info 0 /OUTPUT 1 "CO";
    .port_info 1 /INPUT 1 "I0";
    .port_info 2 /INPUT 1 "I1";
    .port_info 3 /INPUT 1 "CI";
o00000000066039e8 .functor BUFZ 1, C4<z>; HiZ drive
o0000000006603a18 .functor BUFZ 1, C4<z>; HiZ drive
L_00000000065ac2d0 .functor AND 1, o00000000066039e8, o0000000006603a18, C4<1>, C4<1>;
L_00000000065ad060 .functor OR 1, o00000000066039e8, o0000000006603a18, C4<0>, C4<0>;
o0000000006603988 .functor BUFZ 1, C4<z>; HiZ drive
L_00000000065abfc0 .functor AND 1, L_00000000065ad060, o0000000006603988, C4<1>, C4<1>;
L_00000000065ad6f0 .functor OR 1, L_00000000065ac2d0, L_00000000065abfc0, C4<0>, C4<0>;
v00000000065fa420_0 .net "CI", 0 0, o0000000006603988;  0 drivers
v00000000065fb0a0_0 .net "CO", 0 0, L_00000000065ad6f0;  1 drivers
v00000000065fa920_0 .net "I0", 0 0, o00000000066039e8;  0 drivers
v00000000065faec0_0 .net "I1", 0 0, o0000000006603a18;  0 drivers
v00000000065f9d40_0 .net *"_ivl_1", 0 0, L_00000000065ac2d0;  1 drivers
v00000000065fa060_0 .net *"_ivl_3", 0 0, L_00000000065ad060;  1 drivers
v00000000065faba0_0 .net *"_ivl_5", 0 0, L_00000000065abfc0;  1 drivers
S_0000000004b93020 .scope module, "SB_DFF" "SB_DFF" 2 265;
 .timescale -12 -12;
    .port_info 0 /OUTPUT 1 "Q";
    .port_info 1 /INPUT 1 "C";
    .port_info 2 /INPUT 1 "D";
o0000000006603b98 .functor BUFZ 1, C4<z>; HiZ drive
v00000000065fa6a0_0 .net "C", 0 0, o0000000006603b98;  0 drivers
o0000000006603bc8 .functor BUFZ 1, C4<z>; HiZ drive
v00000000065fa100_0 .net "D", 0 0, o0000000006603bc8;  0 drivers
v00000000065fa740_0 .var "Q", 0 0;
E_00000000065b8ad0 .event posedge, v00000000065fa6a0_0;
S_0000000004b931b0 .scope module, "SB_DFFE" "SB_DFFE" 2 303;
 .timescale -12 -12;
    .port_info 0 /OUTPUT 1 "Q";
    .port_info 1 /INPUT 1 "C";
    .port_info 2 /INPUT 1 "E";
    .port_info 3 /INPUT 1 "D";
o0000000006603cb8 .functor BUFZ 1, C4<z>; HiZ drive
v00000000065fa7e0_0 .net "C", 0 0, o0000000006603cb8;  0 drivers
o0000000006603ce8 .functor BUFZ 1, C4<z>; HiZ drive
v00000000065fa240_0 .net "D", 0 0, o0000000006603ce8;  0 drivers
o0000000006603d18 .functor BUFZ 1, C4<z>; HiZ drive
v00000000065fa4c0_0 .net "E", 0 0, o0000000006603d18;  0 drivers
v00000000065fa880_0 .var "Q", 0 0;
E_00000000065b7d90 .event posedge, v00000000065fa7e0_0;
S_0000000004b93340 .scope module, "SB_DFFER" "SB_DFFER" 2 653;
 .timescale -12 -12;
    .port_info 0 /OUTPUT 1 "Q";
    .port_info 1 /INPUT 1 "C";
    .port_info 2 /INPUT 1 "E";
    .port_info 3 /INPUT 1 "R";
    .port_info 4 /INPUT 1 "D";
o0000000006603e38 .functor BUFZ 1, C4<z>; HiZ drive
v00000000065fa2e0_0 .net "C", 0 0, o0000000006603e38;  0 drivers
o0000000006603e68 .functor BUFZ 1, C4<z>; HiZ drive
v00000000065fb140_0 .net "D", 0 0, o0000000006603e68;  0 drivers
o0000000006603e98 .functor BUFZ 1, C4<z>; HiZ drive
v00000000065fb280_0 .net "E", 0 0, o0000000006603e98;  0 drivers
v00000000065fa9c0_0 .var "Q", 0 0;
o0000000006603ef8 .functor BUFZ 1, C4<z>; HiZ drive
v00000000065faa60_0 .net "R", 0 0, o0000000006603ef8;  0 drivers
E_00000000065b80d0 .event posedge, v00000000065faa60_0, v00000000065fa2e0_0;
S_0000000004b97930 .scope module, "SB_DFFES" "SB_DFFES" 2 794;
 .timescale -12 -12;
    .port_info 0 /OUTPUT 1 "Q";
    .port_info 1 /INPUT 1 "C";
    .port_info 2 /INPUT 1 "E";
    .port_info 3 /INPUT 1 "S";
    .port_info 4 /INPUT 1 "D";
o0000000006604018 .functor BUFZ 1, C4<z>; HiZ drive
v00000000065fb320_0 .net "C", 0 0, o0000000006604018;  0 drivers
o0000000006604048 .functor BUFZ 1, C4<z>; HiZ drive
v00000000065fab00_0 .net "D", 0 0, o0000000006604048;  0 drivers
o0000000006604078 .functor BUFZ 1, C4<z>; HiZ drive
v00000000065fac40_0 .net "E", 0 0, o0000000006604078;  0 drivers
v00000000065f9ca0_0 .var "Q", 0 0;
o00000000066040d8 .functor BUFZ 1, C4<z>; HiZ drive
v00000000065f9de0_0 .net "S", 0 0, o00000000066040d8;  0 drivers
E_00000000065b8110 .event posedge, v00000000065f9de0_0, v00000000065fb320_0;
S_0000000004b97ac0 .scope module, "SB_DFFESR" "SB_DFFESR" 2 592;
 .timescale -12 -12;
    .port_info 0 /OUTPUT 1 "Q";
    .port_info 1 /INPUT 1 "C";
    .port_info 2 /INPUT 1 "E";
    .port_info 3 /INPUT 1 "R";
    .port_info 4 /INPUT 1 "D";
o00000000066041f8 .functor BUFZ 1, C4<z>; HiZ drive
v00000000065f9e80_0 .net "C", 0 0, o00000000066041f8;  0 drivers
o0000000006604228 .functor BUFZ 1, C4<z>; HiZ drive
v0000000006632620_0 .net "D", 0 0, o0000000006604228;  0 drivers
o0000000006604258 .functor BUFZ 1, C4<z>; HiZ drive
v0000000006633700_0 .net "E", 0 0, o0000000006604258;  0 drivers
v00000000066312c0_0 .var "Q", 0 0;
o00000000066042b8 .functor BUFZ 1, C4<z>; HiZ drive
v0000000006631720_0 .net "R", 0 0, o00000000066042b8;  0 drivers
E_00000000065b88d0 .event posedge, v00000000065f9e80_0;
S_0000000004b97c50 .scope module, "SB_DFFESS" "SB_DFFESS" 2 733;
 .timescale -12 -12;
    .port_info 0 /OUTPUT 1 "Q";
    .port_info 1 /INPUT 1 "C";
    .port_info 2 /INPUT 1 "E";
    .port_info 3 /INPUT 1 "S";
    .port_info 4 /INPUT 1 "D";
o00000000066043d8 .functor BUFZ 1, C4<z>; HiZ drive
v0000000006631a40_0 .net "C", 0 0, o00000000066043d8;  0 drivers
o0000000006604408 .functor BUFZ 1, C4<z>; HiZ drive
v00000000066314a0_0 .net "D", 0 0, o0000000006604408;  0 drivers
o0000000006604438 .functor BUFZ 1, C4<z>; HiZ drive
v00000000066328a0_0 .net "E", 0 0, o0000000006604438;  0 drivers
v0000000006632b20_0 .var "Q", 0 0;
o0000000006604498 .functor BUFZ 1, C4<z>; HiZ drive
v0000000006631900_0 .net "S", 0 0, o0000000006604498;  0 drivers
E_00000000065b8c90 .event posedge, v0000000006631a40_0;
S_0000000004ba1fa0 .scope module, "SB_DFFN" "SB_DFFN" 2 876;
 .timescale -12 -12;
    .port_info 0 /OUTPUT 1 "Q";
    .port_info 1 /INPUT 1 "C";
    .port_info 2 /INPUT 1 "D";
o00000000066045b8 .functor BUFZ 1, C4<z>; HiZ drive
v0000000006632da0_0 .net "C", 0 0, o00000000066045b8;  0 drivers
o00000000066045e8 .functor BUFZ 1, C4<z>; HiZ drive
v0000000006631540_0 .net "D", 0 0, o00000000066045e8;  0 drivers
v0000000006631ae0_0 .var "Q", 0 0;
E_00000000065b8550 .event negedge, v0000000006632da0_0;
S_0000000004ba2130 .scope module, "SB_DFFNE" "SB_DFFNE" 2 914;
 .timescale -12 -12;
    .port_info 0 /OUTPUT 1 "Q";
    .port_info 1 /INPUT 1 "C";
    .port_info 2 /INPUT 1 "E";
    .port_info 3 /INPUT 1 "D";
o00000000066046d8 .functor BUFZ 1, C4<z>; HiZ drive
v0000000006631b80_0 .net "C", 0 0, o00000000066046d8;  0 drivers
o0000000006604708 .functor BUFZ 1, C4<z>; HiZ drive
v0000000006631c20_0 .net "D", 0 0, o0000000006604708;  0 drivers
o0000000006604738 .functor BUFZ 1, C4<z>; HiZ drive
v0000000006633160_0 .net "E", 0 0, o0000000006604738;  0 drivers
v00000000066319a0_0 .var "Q", 0 0;
E_00000000065b8b10 .event negedge, v0000000006631b80_0;
S_0000000004ba22c0 .scope module, "SB_DFFNER" "SB_DFFNER" 2 1264;
 .timescale -12 -12;
    .port_info 0 /OUTPUT 1 "Q";
    .port_info 1 /INPUT 1 "C";
    .port_info 2 /INPUT 1 "E";
    .port_info 3 /INPUT 1 "R";
    .port_info 4 /INPUT 1 "D";
o0000000006604858 .functor BUFZ 1, C4<z>; HiZ drive
v0000000006632300_0 .net "C", 0 0, o0000000006604858;  0 drivers
o0000000006604888 .functor BUFZ 1, C4<z>; HiZ drive
v0000000006631360_0 .net "D", 0 0, o0000000006604888;  0 drivers
o00000000066048b8 .functor BUFZ 1, C4<z>; HiZ drive
v00000000066323a0_0 .net "E", 0 0, o00000000066048b8;  0 drivers
v00000000066321c0_0 .var "Q", 0 0;
o0000000006604918 .functor BUFZ 1, C4<z>; HiZ drive
v0000000006633480_0 .net "R", 0 0, o0000000006604918;  0 drivers
E_00000000065b7e10/0 .event negedge, v0000000006632300_0;
E_00000000065b7e10/1 .event posedge, v0000000006633480_0;
E_00000000065b7e10 .event/or E_00000000065b7e10/0, E_00000000065b7e10/1;
S_00000000065c9140 .scope module, "SB_DFFNES" "SB_DFFNES" 2 1405;
 .timescale -12 -12;
    .port_info 0 /OUTPUT 1 "Q";
    .port_info 1 /INPUT 1 "C";
    .port_info 2 /INPUT 1 "E";
    .port_info 3 /INPUT 1 "S";
    .port_info 4 /INPUT 1 "D";
o0000000006604a38 .functor BUFZ 1, C4<z>; HiZ drive
v0000000006633200_0 .net "C", 0 0, o0000000006604a38;  0 drivers
o0000000006604a68 .functor BUFZ 1, C4<z>; HiZ drive
v0000000006632760_0 .net "D", 0 0, o0000000006604a68;  0 drivers
o0000000006604a98 .functor BUFZ 1, C4<z>; HiZ drive
v0000000006632d00_0 .net "E", 0 0, o0000000006604a98;  0 drivers
v0000000006631cc0_0 .var "Q", 0 0;
o0000000006604af8 .functor BUFZ 1, C4<z>; HiZ drive
v0000000006631400_0 .net "S", 0 0, o0000000006604af8;  0 drivers
E_00000000065b8150/0 .event negedge, v0000000006633200_0;
E_00000000065b8150/1 .event posedge, v0000000006631400_0;
E_00000000065b8150 .event/or E_00000000065b8150/0, E_00000000065b8150/1;
S_00000000065c9910 .scope module, "SB_DFFNESR" "SB_DFFNESR" 2 1203;
 .timescale -12 -12;
    .port_info 0 /OUTPUT 1 "Q";
    .port_info 1 /INPUT 1 "C";
    .port_info 2 /INPUT 1 "E";
    .port_info 3 /INPUT 1 "R";
    .port_info 4 /INPUT 1 "D";
o0000000006604c18 .functor BUFZ 1, C4<z>; HiZ drive
v0000000006631860_0 .net "C", 0 0, o0000000006604c18;  0 drivers
o0000000006604c48 .functor BUFZ 1, C4<z>; HiZ drive
v0000000006633020_0 .net "D", 0 0, o0000000006604c48;  0 drivers
o0000000006604c78 .functor BUFZ 1, C4<z>; HiZ drive
v0000000006632120_0 .net "E", 0 0, o0000000006604c78;  0 drivers
v0000000006632f80_0 .var "Q", 0 0;
o0000000006604cd8 .functor BUFZ 1, C4<z>; HiZ drive
v00000000066330c0_0 .net "R", 0 0, o0000000006604cd8;  0 drivers
E_00000000065b8d10 .event negedge, v0000000006631860_0;
S_00000000065c92d0 .scope module, "SB_DFFNESS" "SB_DFFNESS" 2 1344;
 .timescale -12 -12;
    .port_info 0 /OUTPUT 1 "Q";
    .port_info 1 /INPUT 1 "C";
    .port_info 2 /INPUT 1 "E";
    .port_info 3 /INPUT 1 "S";
    .port_info 4 /INPUT 1 "D";
o0000000006604df8 .functor BUFZ 1, C4<z>; HiZ drive
v0000000006632940_0 .net "C", 0 0, o0000000006604df8;  0 drivers
o0000000006604e28 .functor BUFZ 1, C4<z>; HiZ drive
v00000000066315e0_0 .net "D", 0 0, o0000000006604e28;  0 drivers
o0000000006604e58 .functor BUFZ 1, C4<z>; HiZ drive
v00000000066317c0_0 .net "E", 0 0, o0000000006604e58;  0 drivers
v0000000006630fa0_0 .var "Q", 0 0;
o0000000006604eb8 .functor BUFZ 1, C4<z>; HiZ drive
v0000000006631d60_0 .net "S", 0 0, o0000000006604eb8;  0 drivers
E_00000000065b7e90 .event negedge, v0000000006632940_0;
S_00000000065c8fb0 .scope module, "SB_DFFNR" "SB_DFFNR" 2 1011;
 .timescale -12 -12;
    .port_info 0 /OUTPUT 1 "Q";
    .port_info 1 /INPUT 1 "C";
    .port_info 2 /INPUT 1 "R";
    .port_info 3 /INPUT 1 "D";
o0000000006604fd8 .functor BUFZ 1, C4<z>; HiZ drive
v0000000006631680_0 .net "C", 0 0, o0000000006604fd8;  0 drivers
o0000000006605008 .functor BUFZ 1, C4<z>; HiZ drive
v00000000066332a0_0 .net "D", 0 0, o0000000006605008;  0 drivers
v0000000006632800_0 .var "Q", 0 0;
o0000000006605068 .functor BUFZ 1, C4<z>; HiZ drive
v0000000006632260_0 .net "R", 0 0, o0000000006605068;  0 drivers
E_00000000065b7f10/0 .event negedge, v0000000006631680_0;
E_00000000065b7f10/1 .event posedge, v0000000006632260_0;
E_00000000065b7f10 .event/or E_00000000065b7f10/0, E_00000000065b7f10/1;
S_00000000065c9460 .scope module, "SB_DFFNS" "SB_DFFNS" 2 1132;
 .timescale -12 -12;
    .port_info 0 /OUTPUT 1 "Q";
    .port_info 1 /INPUT 1 "C";
    .port_info 2 /INPUT 1 "S";
    .port_info 3 /INPUT 1 "D";
o0000000006605158 .functor BUFZ 1, C4<z>; HiZ drive
v0000000006631e00_0 .net "C", 0 0, o0000000006605158;  0 drivers
o0000000006605188 .functor BUFZ 1, C4<z>; HiZ drive
v00000000066335c0_0 .net "D", 0 0, o0000000006605188;  0 drivers
v00000000066329e0_0 .var "Q", 0 0;
o00000000066051e8 .functor BUFZ 1, C4<z>; HiZ drive
v0000000006631ea0_0 .net "S", 0 0, o00000000066051e8;  0 drivers
E_00000000065b7f50/0 .event negedge, v0000000006631e00_0;
E_00000000065b7f50/1 .event posedge, v0000000006631ea0_0;
E_00000000065b7f50 .event/or E_00000000065b7f50/0, E_00000000065b7f50/1;
S_00000000065c8b00 .scope module, "SB_DFFNSR" "SB_DFFNSR" 2 961;
 .timescale -12 -12;
    .port_info 0 /OUTPUT 1 "Q";
    .port_info 1 /INPUT 1 "C";
    .port_info 2 /INPUT 1 "R";
    .port_info 3 /INPUT 1 "D";
o00000000066052d8 .functor BUFZ 1, C4<z>; HiZ drive
v0000000006631f40_0 .net "C", 0 0, o00000000066052d8;  0 drivers
o0000000006605308 .functor BUFZ 1, C4<z>; HiZ drive
v0000000006633520_0 .net "D", 0 0, o0000000006605308;  0 drivers
v0000000006632a80_0 .var "Q", 0 0;
o0000000006605368 .functor BUFZ 1, C4<z>; HiZ drive
v00000000066310e0_0 .net "R", 0 0, o0000000006605368;  0 drivers
E_00000000065b7f90 .event negedge, v0000000006631f40_0;
S_00000000065c95f0 .scope module, "SB_DFFNSS" "SB_DFFNSS" 2 1082;
 .timescale -12 -12;
    .port_info 0 /OUTPUT 1 "Q";
    .port_info 1 /INPUT 1 "C";
    .port_info 2 /INPUT 1 "S";
    .port_info 3 /INPUT 1 "D";
o0000000006605458 .functor BUFZ 1, C4<z>; HiZ drive
v00000000066326c0_0 .net "C", 0 0, o0000000006605458;  0 drivers
o0000000006605488 .functor BUFZ 1, C4<z>; HiZ drive
v0000000006633340_0 .net "D", 0 0, o0000000006605488;  0 drivers
v00000000066333e0_0 .var "Q", 0 0;
o00000000066054e8 .functor BUFZ 1, C4<z>; HiZ drive
v0000000006631fe0_0 .net "S", 0 0, o00000000066054e8;  0 drivers
E_00000000065b8490 .event negedge, v00000000066326c0_0;
S_00000000065c9780 .scope module, "SB_DFFR" "SB_DFFR" 2 400;
 .timescale -12 -12;
    .port_info 0 /OUTPUT 1 "Q";
    .port_info 1 /INPUT 1 "C";
    .port_info 2 /INPUT 1 "R";
    .port_info 3 /INPUT 1 "D";
o00000000066055d8 .functor BUFZ 1, C4<z>; HiZ drive
v0000000006632440_0 .net "C", 0 0, o00000000066055d8;  0 drivers
o0000000006605608 .functor BUFZ 1, C4<z>; HiZ drive
v0000000006633660_0 .net "D", 0 0, o0000000006605608;  0 drivers
v0000000006632bc0_0 .var "Q", 0 0;
o0000000006605668 .functor BUFZ 1, C4<z>; HiZ drive
v0000000006632580_0 .net "R", 0 0, o0000000006605668;  0 drivers
E_00000000065b8190 .event posedge, v0000000006632580_0, v0000000006632440_0;
S_00000000065c8c90 .scope module, "SB_DFFS" "SB_DFFS" 2 521;
 .timescale -12 -12;
    .port_info 0 /OUTPUT 1 "Q";
    .port_info 1 /INPUT 1 "C";
    .port_info 2 /INPUT 1 "S";
    .port_info 3 /INPUT 1 "D";
o0000000006605758 .functor BUFZ 1, C4<z>; HiZ drive
v0000000006632c60_0 .net "C", 0 0, o0000000006605758;  0 drivers
o0000000006605788 .functor BUFZ 1, C4<z>; HiZ drive
v0000000006632080_0 .net "D", 0 0, o0000000006605788;  0 drivers
v0000000006632e40_0 .var "Q", 0 0;
o00000000066057e8 .functor BUFZ 1, C4<z>; HiZ drive
v0000000006632ee0_0 .net "S", 0 0, o00000000066057e8;  0 drivers
E_00000000065b8410 .event posedge, v0000000006632ee0_0, v0000000006632c60_0;
S_00000000065c8e20 .scope module, "SB_DFFSR" "SB_DFFSR" 2 350;
 .timescale -12 -12;
    .port_info 0 /OUTPUT 1 "Q";
    .port_info 1 /INPUT 1 "C";
    .port_info 2 /INPUT 1 "R";
    .port_info 3 /INPUT 1 "D";
o00000000066058d8 .functor BUFZ 1, C4<z>; HiZ drive
v0000000006631040_0 .net "C", 0 0, o00000000066058d8;  0 drivers
o0000000006605908 .functor BUFZ 1, C4<z>; HiZ drive
v0000000006631180_0 .net "D", 0 0, o0000000006605908;  0 drivers
v0000000006631220_0 .var "Q", 0 0;
o0000000006605968 .functor BUFZ 1, C4<z>; HiZ drive
v00000000066324e0_0 .net "R", 0 0, o0000000006605968;  0 drivers
E_00000000065b8290 .event posedge, v0000000006631040_0;
S_00000000065ca920 .scope module, "SB_DFFSS" "SB_DFFSS" 2 471;
 .timescale -12 -12;
    .port_info 0 /OUTPUT 1 "Q";
    .port_info 1 /INPUT 1 "C";
    .port_info 2 /INPUT 1 "S";
    .port_info 3 /INPUT 1 "D";
o0000000006605a58 .functor BUFZ 1, C4<z>; HiZ drive
v0000000006634600_0 .net "C", 0 0, o0000000006605a58;  0 drivers
o0000000006605a88 .functor BUFZ 1, C4<z>; HiZ drive
v0000000006633a20_0 .net "D", 0 0, o0000000006605a88;  0 drivers
v00000000066341a0_0 .var "Q", 0 0;
o0000000006605ae8 .functor BUFZ 1, C4<z>; HiZ drive
v0000000006633fc0_0 .net "S", 0 0, o0000000006605ae8;  0 drivers
E_00000000065b8810 .event posedge, v0000000006634600_0;
S_00000000065c9e30 .scope module, "SB_FILTER_50NS" "SB_FILTER_50NS" 2 2856;
 .timescale -12 -12;
    .port_info 0 /INPUT 1 "FILTERIN";
    .port_info 1 /OUTPUT 1 "FILTEROUT";
o0000000006605bd8 .functor BUFZ 1, C4<z>; HiZ drive
v0000000006634880_0 .net "FILTERIN", 0 0, o0000000006605bd8;  0 drivers
o0000000006605c08 .functor BUFZ 1, C4<z>; HiZ drive
v00000000066337a0_0 .net "FILTEROUT", 0 0, o0000000006605c08;  0 drivers
S_00000000065cb8c0 .scope module, "SB_GB" "SB_GB" 2 162;
 .timescale -12 -12;
    .port_info 0 /INPUT 1 "USER_SIGNAL_TO_GLOBAL_BUFFER";
    .port_info 1 /OUTPUT 1 "GLOBAL_BUFFER_OUTPUT";
o0000000006605cc8 .functor BUFZ 1, C4<z>; HiZ drive
L_00000000065ac340 .functor BUFZ 1, o0000000006605cc8, C4<0>, C4<0>, C4<0>;
v0000000006634a60_0 .net "GLOBAL_BUFFER_OUTPUT", 0 0, L_00000000065ac340;  1 drivers
v00000000066344c0_0 .net "USER_SIGNAL_TO_GLOBAL_BUFFER", 0 0, o0000000006605cc8;  0 drivers
S_00000000065ca2e0 .scope module, "SB_GB_IO" "SB_GB_IO" 2 123;
 .timescale -12 -12;
    .port_info 0 /INOUT 1 "PACKAGE_PIN";
    .port_info 1 /OUTPUT 1 "GLOBAL_BUFFER_OUTPUT";
    .port_info 2 /INPUT 1 "LATCH_INPUT_VALUE";
    .port_info 3 /INPUT 1 "CLOCK_ENABLE";
    .port_info 4 /INPUT 1 "INPUT_CLK";
    .port_info 5 /INPUT 1 "OUTPUT_CLK";
    .port_info 6 /INPUT 1 "OUTPUT_ENABLE";
    .port_info 7 /INPUT 1 "D_OUT_0";
    .port_info 8 /INPUT 1 "D_OUT_1";
    .port_info 9 /OUTPUT 1 "D_IN_0";
    .port_info 10 /OUTPUT 1 "D_IN_1";
P_0000000004c3eec0 .param/str "IO_STANDARD" 0 2 139, "SB_LVCMOS";
P_0000000004c3eef8 .param/l "NEG_TRIGGER" 0 2 138, C4<0>;
P_0000000004c3ef30 .param/l "PIN_TYPE" 0 2 136, C4<000000>;
P_0000000004c3ef68 .param/l "PULLUP" 0 2 137, C4<0>;
o0000000006605f08 .functor BUFZ 1, C4<z>; HiZ drive
L_00000000065acb20 .functor BUFZ 1, o0000000006605f08, C4<0>, C4<0>, C4<0>;
o0000000006605d58 .functor BUFZ 1, C4<z>; HiZ drive
v0000000006633c00_0 .net "CLOCK_ENABLE", 0 0, o0000000006605d58;  0 drivers
v0000000006633ca0_0 .net "D_IN_0", 0 0, L_00000000065ad370;  1 drivers
v0000000006633d40_0 .net "D_IN_1", 0 0, L_00000000065ad4c0;  1 drivers
o0000000006605de8 .functor BUFZ 1, C4<z>; HiZ drive
v0000000006633de0_0 .net "D_OUT_0", 0 0, o0000000006605de8;  0 drivers
o0000000006605e18 .functor BUFZ 1, C4<z>; HiZ drive
v00000000066367b0_0 .net "D_OUT_1", 0 0, o0000000006605e18;  0 drivers
v0000000006636530_0 .net "GLOBAL_BUFFER_OUTPUT", 0 0, L_00000000065acb20;  1 drivers
o0000000006605e48 .functor BUFZ 1, C4<z>; HiZ drive
v0000000006636a30_0 .net "INPUT_CLK", 0 0, o0000000006605e48;  0 drivers
o0000000006605e78 .functor BUFZ 1, C4<z>; HiZ drive
v0000000006637430_0 .net "LATCH_INPUT_VALUE", 0 0, o0000000006605e78;  0 drivers
o0000000006605ea8 .functor BUFZ 1, C4<z>; HiZ drive
v00000000066371b0_0 .net "OUTPUT_CLK", 0 0, o0000000006605ea8;  0 drivers
o0000000006605ed8 .functor BUFZ 1, C4<z>; HiZ drive
v00000000066379d0_0 .net "OUTPUT_ENABLE", 0 0, o0000000006605ed8;  0 drivers
v0000000006636c10_0 .net "PACKAGE_PIN", 0 0, o0000000006605f08;  0 drivers
S_00000000065ce7b0 .scope module, "IO" "SB_IO" 2 148, 2 17 0, S_00000000065ca2e0;
 .timescale -12 -12;
    .port_info 0 /INOUT 1 "PACKAGE_PIN";
    .port_info 1 /INPUT 1 "LATCH_INPUT_VALUE";
    .port_info 2 /INPUT 1 "CLOCK_ENABLE";
    .port_info 3 /INPUT 1 "INPUT_CLK";
    .port_info 4 /INPUT 1 "OUTPUT_CLK";
    .port_info 5 /INPUT 1 "OUTPUT_ENABLE";
    .port_info 6 /INPUT 1 "D_OUT_0";
    .port_info 7 /INPUT 1 "D_OUT_1";
    .port_info 8 /OUTPUT 1 "D_IN_0";
    .port_info 9 /OUTPUT 1 "D_IN_1";
P_0000000004b9bf20 .param/str "IO_STANDARD" 0 2 32, "SB_LVCMOS";
P_0000000004b9bf58 .param/l "NEG_TRIGGER" 0 2 31, C4<0>;
P_0000000004b9bf90 .param/l "PIN_TYPE" 0 2 29, C4<000000>;
P_0000000004b9bfc8 .param/l "PULLUP" 0 2 30, C4<0>;
L_00000000065ad530 .functor OR 1, o0000000006605d58, L_00000000066bcb10, C4<0>, C4<0>;
L_00000000065ad370 .functor BUFZ 1, v00000000066346a0_0, C4<0>, C4<0>, C4<0>;
L_00000000065ad4c0 .functor BUFZ 1, v0000000006633ac0_0, C4<0>, C4<0>, C4<0>;
v00000000066347e0_0 .net "CLOCK_ENABLE", 0 0, o0000000006605d58;  alias, 0 drivers
v0000000006633840_0 .net "D_IN_0", 0 0, L_00000000065ad370;  alias, 1 drivers
v0000000006633f20_0 .net "D_IN_1", 0 0, L_00000000065ad4c0;  alias, 1 drivers
v0000000006634b00_0 .net "D_OUT_0", 0 0, o0000000006605de8;  alias, 0 drivers
v0000000006634060_0 .net "D_OUT_1", 0 0, o0000000006605e18;  alias, 0 drivers
v0000000006634100_0 .net "INPUT_CLK", 0 0, o0000000006605e48;  alias, 0 drivers
v0000000006634ba0_0 .net "LATCH_INPUT_VALUE", 0 0, o0000000006605e78;  alias, 0 drivers
v0000000006634240_0 .net "OUTPUT_CLK", 0 0, o0000000006605ea8;  alias, 0 drivers
v0000000006633e80_0 .net "OUTPUT_ENABLE", 0 0, o0000000006605ed8;  alias, 0 drivers
v00000000066342e0_0 .net "PACKAGE_PIN", 0 0, o0000000006605f08;  alias, 0 drivers
o0000000006605f38 .functor BUFZ 1, C4<z>; HiZ drive
; Elide local net with no drivers, v0000000006634c40_0 name=_ivl_0
v0000000006634ce0_0 .net *"_ivl_2", 0 0, L_00000000066bcb10;  1 drivers
v0000000006634420_0 .net "clken_pulled", 0 0, L_00000000065ad530;  1 drivers
v0000000006634380_0 .var "clken_pulled_ri", 0 0;
v0000000006634560_0 .var "clken_pulled_ro", 0 0;
v00000000066346a0_0 .var "din_0", 0 0;
v0000000006633ac0_0 .var "din_1", 0 0;
v0000000006634e20_0 .var "din_q_0", 0 0;
v0000000006634740_0 .var "din_q_1", 0 0;
v0000000006634920_0 .var "dout", 0 0;
v00000000066338e0_0 .var "dout_q_0", 0 0;
v0000000006634d80_0 .var "dout_q_1", 0 0;
v0000000006633980_0 .var "outclk_delayed_1", 0 0;
v0000000006633b60_0 .var "outclk_delayed_2", 0 0;
v00000000066349c0_0 .var "outena_q", 0 0;
E_00000000065b8390 .event anyedge, v0000000006633b60_0, v00000000066338e0_0, v0000000006634d80_0;
E_00000000065b84d0 .event anyedge, v0000000006633980_0;
E_00000000065b82d0 .event anyedge, v0000000006634240_0;
E_00000000065b8590 .event anyedge, v0000000006634e20_0, v0000000006634740_0;
L_00000000066bcb10 .cmp/eeq 1, o0000000006605d58, o0000000006605f38;
S_00000000065ce620 .scope generate, "genblk1" "genblk1" 2 45, 2 45 0, S_00000000065ce7b0;
 .timescale -12 -12;
E_00000000065b8610 .event posedge, v0000000006634240_0;
E_00000000065b86d0 .event negedge, v0000000006634240_0;
E_00000000065b8710 .event negedge, v0000000006634100_0;
E_00000000065b8850 .event posedge, v0000000006634100_0;
S_00000000065ca470 .scope module, "SB_HFOSC" "SB_HFOSC" 2 2664;
 .timescale -12 -12;
    .port_info 0 /INPUT 1 "TRIM0";
    .port_info 1 /INPUT 1 "TRIM1";
    .port_info 2 /INPUT 1 "TRIM2";
    .port_info 3 /INPUT 1 "TRIM3";
    .port_info 4 /INPUT 1 "TRIM4";
    .port_info 5 /INPUT 1 "TRIM5";
    .port_info 6 /INPUT 1 "TRIM6";
    .port_info 7 /INPUT 1 "TRIM7";
    .port_info 8 /INPUT 1 "TRIM8";
    .port_info 9 /INPUT 1 "TRIM9";
    .port_info 10 /INPUT 1 "CLKHFPU";
    .port_info 11 /INPUT 1 "CLKHFEN";
    .port_info 12 /OUTPUT 1 "CLKHF";
P_000000000649d9c0 .param/str "CLKHF_DIV" 0 2 2680, "0b00";
P_000000000649d9f8 .param/str "TRIM_EN" 0 2 2679, "0b0";
o0000000006606628 .functor BUFZ 1, C4<z>; HiZ drive
v00000000066353b0_0 .net "CLKHF", 0 0, o0000000006606628;  0 drivers
o0000000006606658 .functor BUFZ 1, C4<z>; HiZ drive
v0000000006637110_0 .net "CLKHFEN", 0 0, o0000000006606658;  0 drivers
o0000000006606688 .functor BUFZ 1, C4<z>; HiZ drive
v0000000006635770_0 .net "CLKHFPU", 0 0, o0000000006606688;  0 drivers
o00000000066066b8 .functor BUFZ 1, C4<z>; HiZ drive
v0000000006636030_0 .net "TRIM0", 0 0, o00000000066066b8;  0 drivers
o00000000066066e8 .functor BUFZ 1, C4<z>; HiZ drive
v00000000066360d0_0 .net "TRIM1", 0 0, o00000000066066e8;  0 drivers
o0000000006606718 .functor BUFZ 1, C4<z>; HiZ drive
v0000000006637890_0 .net "TRIM2", 0 0, o0000000006606718;  0 drivers
o0000000006606748 .functor BUFZ 1, C4<z>; HiZ drive
v0000000006637570_0 .net "TRIM3", 0 0, o0000000006606748;  0 drivers
o0000000006606778 .functor BUFZ 1, C4<z>; HiZ drive
v0000000006637250_0 .net "TRIM4", 0 0, o0000000006606778;  0 drivers
o00000000066067a8 .functor BUFZ 1, C4<z>; HiZ drive
v00000000066354f0_0 .net "TRIM5", 0 0, o00000000066067a8;  0 drivers
o00000000066067d8 .functor BUFZ 1, C4<z>; HiZ drive
v0000000006635b30_0 .net "TRIM6", 0 0, o00000000066067d8;  0 drivers
o0000000006606808 .functor BUFZ 1, C4<z>; HiZ drive
v0000000006636d50_0 .net "TRIM7", 0 0, o0000000006606808;  0 drivers
o0000000006606838 .functor BUFZ 1, C4<z>; HiZ drive
v00000000066365d0_0 .net "TRIM8", 0 0, o0000000006606838;  0 drivers
o0000000006606868 .functor BUFZ 1, C4<z>; HiZ drive
v0000000006636df0_0 .net "TRIM9", 0 0, o0000000006606868;  0 drivers
S_00000000065c9fc0 .scope module, "SB_I2C" "SB_I2C" 2 2733;
 .timescale -12 -12;
    .port_info 0 /INPUT 1 "SBCLKI";
    .port_info 1 /INPUT 1 "SBRWI";
    .port_info 2 /INPUT 1 "SBSTBI";
    .port_info 3 /INPUT 1 "SBADRI7";
    .port_info 4 /INPUT 1 "SBADRI6";
    .port_info 5 /INPUT 1 "SBADRI5";
    .port_info 6 /INPUT 1 "SBADRI4";
    .port_info 7 /INPUT 1 "SBADRI3";
    .port_info 8 /INPUT 1 "SBADRI2";
    .port_info 9 /INPUT 1 "SBADRI1";
    .port_info 10 /INPUT 1 "SBADRI0";
    .port_info 11 /INPUT 1 "SBDATI7";
    .port_info 12 /INPUT 1 "SBDATI6";
    .port_info 13 /INPUT 1 "SBDATI5";
    .port_info 14 /INPUT 1 "SBDATI4";
    .port_info 15 /INPUT 1 "SBDATI3";
    .port_info 16 /INPUT 1 "SBDATI2";
    .port_info 17 /INPUT 1 "SBDATI1";
    .port_info 18 /INPUT 1 "SBDATI0";
    .port_info 19 /INPUT 1 "SCLI";
    .port_info 20 /INPUT 1 "SDAI";
    .port_info 21 /OUTPUT 1 "SBDATO7";
    .port_info 22 /OUTPUT 1 "SBDATO6";
    .port_info 23 /OUTPUT 1 "SBDATO5";
    .port_info 24 /OUTPUT 1 "SBDATO4";
    .port_info 25 /OUTPUT 1 "SBDATO3";
    .port_info 26 /OUTPUT 1 "SBDATO2";
    .port_info 27 /OUTPUT 1 "SBDATO1";
    .port_info 28 /OUTPUT 1 "SBDATO0";
    .port_info 29 /OUTPUT 1 "SBACKO";
    .port_info 30 /OUTPUT 1 "I2CIRQ";
    .port_info 31 /OUTPUT 1 "I2CWKUP";
    .port_info 32 /OUTPUT 1 "SCLO";
    .port_info 33 /OUTPUT 1 "SCLOE";
    .port_info 34 /OUTPUT 1 "SDAO";
    .port_info 35 /OUTPUT 1 "SDAOE";
P_000000000649d7c0 .param/str "BUS_ADDR74" 0 2 2772, "0b0001";
P_000000000649d7f8 .param/str "I2C_SLAVE_INIT_ADDR" 0 2 2771, "0b1111100001";
o0000000006606b08 .functor BUFZ 1, C4<z>; HiZ drive
v0000000006636f30_0 .net "I2CIRQ", 0 0, o0000000006606b08;  0 drivers
o0000000006606b38 .functor BUFZ 1, C4<z>; HiZ drive
v0000000006635450_0 .net "I2CWKUP", 0 0, o0000000006606b38;  0 drivers
o0000000006606b68 .functor BUFZ 1, C4<z>; HiZ drive
v0000000006636850_0 .net "SBACKO", 0 0, o0000000006606b68;  0 drivers
o0000000006606b98 .functor BUFZ 1, C4<z>; HiZ drive
v0000000006635a90_0 .net "SBADRI0", 0 0, o0000000006606b98;  0 drivers
o0000000006606bc8 .functor BUFZ 1, C4<z>; HiZ drive
v0000000006637390_0 .net "SBADRI1", 0 0, o0000000006606bc8;  0 drivers
o0000000006606bf8 .functor BUFZ 1, C4<z>; HiZ drive
v0000000006636ad0_0 .net "SBADRI2", 0 0, o0000000006606bf8;  0 drivers
o0000000006606c28 .functor BUFZ 1, C4<z>; HiZ drive
v0000000006635e50_0 .net "SBADRI3", 0 0, o0000000006606c28;  0 drivers
o0000000006606c58 .functor BUFZ 1, C4<z>; HiZ drive
v0000000006636cb0_0 .net "SBADRI4", 0 0, o0000000006606c58;  0 drivers
o0000000006606c88 .functor BUFZ 1, C4<z>; HiZ drive
v00000000066356d0_0 .net "SBADRI5", 0 0, o0000000006606c88;  0 drivers
o0000000006606cb8 .functor BUFZ 1, C4<z>; HiZ drive
v0000000006635590_0 .net "SBADRI6", 0 0, o0000000006606cb8;  0 drivers
o0000000006606ce8 .functor BUFZ 1, C4<z>; HiZ drive
v0000000006635ef0_0 .net "SBADRI7", 0 0, o0000000006606ce8;  0 drivers
o0000000006606d18 .functor BUFZ 1, C4<z>; HiZ drive
v0000000006636e90_0 .net "SBCLKI", 0 0, o0000000006606d18;  0 drivers
o0000000006606d48 .functor BUFZ 1, C4<z>; HiZ drive
v0000000006636fd0_0 .net "SBDATI0", 0 0, o0000000006606d48;  0 drivers
o0000000006606d78 .functor BUFZ 1, C4<z>; HiZ drive
v0000000006637930_0 .net "SBDATI1", 0 0, o0000000006606d78;  0 drivers
o0000000006606da8 .functor BUFZ 1, C4<z>; HiZ drive
v0000000006635950_0 .net "SBDATI2", 0 0, o0000000006606da8;  0 drivers
o0000000006606dd8 .functor BUFZ 1, C4<z>; HiZ drive
v00000000066362b0_0 .net "SBDATI3", 0 0, o0000000006606dd8;  0 drivers
o0000000006606e08 .functor BUFZ 1, C4<z>; HiZ drive
v00000000066358b0_0 .net "SBDATI4", 0 0, o0000000006606e08;  0 drivers
o0000000006606e38 .functor BUFZ 1, C4<z>; HiZ drive
v0000000006637070_0 .net "SBDATI5", 0 0, o0000000006606e38;  0 drivers
o0000000006606e68 .functor BUFZ 1, C4<z>; HiZ drive
v00000000066372f0_0 .net "SBDATI6", 0 0, o0000000006606e68;  0 drivers
o0000000006606e98 .functor BUFZ 1, C4<z>; HiZ drive
v0000000006635bd0_0 .net "SBDATI7", 0 0, o0000000006606e98;  0 drivers
o0000000006606ec8 .functor BUFZ 1, C4<z>; HiZ drive
v00000000066374d0_0 .net "SBDATO0", 0 0, o0000000006606ec8;  0 drivers
o0000000006606ef8 .functor BUFZ 1, C4<z>; HiZ drive
v0000000006637a70_0 .net "SBDATO1", 0 0, o0000000006606ef8;  0 drivers
o0000000006606f28 .functor BUFZ 1, C4<z>; HiZ drive
v0000000006635810_0 .net "SBDATO2", 0 0, o0000000006606f28;  0 drivers
o0000000006606f58 .functor BUFZ 1, C4<z>; HiZ drive
v00000000066368f0_0 .net "SBDATO3", 0 0, o0000000006606f58;  0 drivers
o0000000006606f88 .functor BUFZ 1, C4<z>; HiZ drive
v0000000006636710_0 .net "SBDATO4", 0 0, o0000000006606f88;  0 drivers
o0000000006606fb8 .functor BUFZ 1, C4<z>; HiZ drive
v0000000006635c70_0 .net "SBDATO5", 0 0, o0000000006606fb8;  0 drivers
o0000000006606fe8 .functor BUFZ 1, C4<z>; HiZ drive
v0000000006635d10_0 .net "SBDATO6", 0 0, o0000000006606fe8;  0 drivers
o0000000006607018 .functor BUFZ 1, C4<z>; HiZ drive
v00000000066359f0_0 .net "SBDATO7", 0 0, o0000000006607018;  0 drivers
o0000000006607048 .functor BUFZ 1, C4<z>; HiZ drive
v0000000006637610_0 .net "SBRWI", 0 0, o0000000006607048;  0 drivers
o0000000006607078 .functor BUFZ 1, C4<z>; HiZ drive
v0000000006636670_0 .net "SBSTBI", 0 0, o0000000006607078;  0 drivers
o00000000066070a8 .functor BUFZ 1, C4<z>; HiZ drive
v00000000066376b0_0 .net "SCLI", 0 0, o00000000066070a8;  0 drivers
o00000000066070d8 .functor BUFZ 1, C4<z>; HiZ drive
v0000000006635f90_0 .net "SCLO", 0 0, o00000000066070d8;  0 drivers
o0000000006607108 .functor BUFZ 1, C4<z>; HiZ drive
v0000000006637750_0 .net "SCLOE", 0 0, o0000000006607108;  0 drivers
o0000000006607138 .functor BUFZ 1, C4<z>; HiZ drive
v0000000006636990_0 .net "SDAI", 0 0, o0000000006607138;  0 drivers
o0000000006607168 .functor BUFZ 1, C4<z>; HiZ drive
v00000000066377f0_0 .net "SDAO", 0 0, o0000000006607168;  0 drivers
o0000000006607198 .functor BUFZ 1, C4<z>; HiZ drive
v0000000006636170_0 .net "SDAOE", 0 0, o0000000006607198;  0 drivers
S_00000000065ca150 .scope module, "SB_IO_I3C" "SB_IO_I3C" 2 2862;
 .timescale -12 -12;
    .port_info 0 /INOUT 1 "PACKAGE_PIN";
    .port_info 1 /INPUT 1 "LATCH_INPUT_VALUE";
    .port_info 2 /INPUT 1 "CLOCK_ENABLE";
    .port_info 3 /INPUT 1 "INPUT_CLK";
    .port_info 4 /INPUT 1 "OUTPUT_CLK";
    .port_info 5 /INPUT 1 "OUTPUT_ENABLE";
    .port_info 6 /INPUT 1 "D_OUT_0";
    .port_info 7 /INPUT 1 "D_OUT_1";
    .port_info 8 /OUTPUT 1 "D_IN_0";
    .port_info 9 /OUTPUT 1 "D_IN_1";
    .port_info 10 /INPUT 1 "PU_ENB";
    .port_info 11 /INPUT 1 "WEAK_PU_ENB";
P_0000000004ba02b0 .param/str "IO_STANDARD" 0 2 2880, "SB_LVCMOS";
P_0000000004ba02e8 .param/l "NEG_TRIGGER" 0 2 2879, C4<0>;
P_0000000004ba0320 .param/l "PIN_TYPE" 0 2 2876, C4<000000>;
P_0000000004ba0358 .param/l "PULLUP" 0 2 2877, C4<0>;
P_0000000004ba0390 .param/l "WEAK_PULLUP" 0 2 2878, C4<0>;
L_00000000065ac6c0 .functor BUFZ 1, v0000000006638d30_0, C4<0>, C4<0>, C4<0>;
L_00000000065ad5a0 .functor BUFZ 1, v0000000006638dd0_0, C4<0>, C4<0>, C4<0>;
o0000000006607888 .functor BUFZ 1, C4<z>; HiZ drive
v0000000006636b70_0 .net "CLOCK_ENABLE", 0 0, o0000000006607888;  0 drivers
v0000000006637b10_0 .net "D_IN_0", 0 0, L_00000000065ac6c0;  1 drivers
v0000000006635630_0 .net "D_IN_1", 0 0, L_00000000065ad5a0;  1 drivers
o0000000006607918 .functor BUFZ 1, C4<z>; HiZ drive
v0000000006635db0_0 .net "D_OUT_0", 0 0, o0000000006607918;  0 drivers
o0000000006607948 .functor BUFZ 1, C4<z>; HiZ drive
v0000000006636210_0 .net "D_OUT_1", 0 0, o0000000006607948;  0 drivers
o0000000006607978 .functor BUFZ 1, C4<z>; HiZ drive
v0000000006636350_0 .net "INPUT_CLK", 0 0, o0000000006607978;  0 drivers
o00000000066079a8 .functor BUFZ 1, C4<z>; HiZ drive
v00000000066363f0_0 .net "LATCH_INPUT_VALUE", 0 0, o00000000066079a8;  0 drivers
o00000000066079d8 .functor BUFZ 1, C4<z>; HiZ drive
v0000000006636490_0 .net "OUTPUT_CLK", 0 0, o00000000066079d8;  0 drivers
o0000000006607a08 .functor BUFZ 1, C4<z>; HiZ drive
v0000000006638c90_0 .net "OUTPUT_ENABLE", 0 0, o0000000006607a08;  0 drivers
o0000000006607a38 .functor BUFZ 1, C4<z>; HiZ drive
v0000000006638470_0 .net "PACKAGE_PIN", 0 0, o0000000006607a38;  0 drivers
o0000000006607a68 .functor BUFZ 1, C4<z>; HiZ drive
v0000000006638010_0 .net "PU_ENB", 0 0, o0000000006607a68;  0 drivers
o0000000006607a98 .functor BUFZ 1, C4<z>; HiZ drive
v0000000006639190_0 .net "WEAK_PU_ENB", 0 0, o0000000006607a98;  0 drivers
v0000000006638d30_0 .var "din_0", 0 0;
v0000000006638dd0_0 .var "din_1", 0 0;
v00000000066386f0_0 .var "din_q_0", 0 0;
v0000000006638ab0_0 .var "din_q_1", 0 0;
v0000000006637e30_0 .var "dout", 0 0;
v0000000006637f70_0 .var "dout_q_0", 0 0;
v0000000006637d90_0 .var "dout_q_1", 0 0;
v0000000006639230_0 .var "outclk_delayed_1", 0 0;
v0000000006638e70_0 .var "outclk_delayed_2", 0 0;
v0000000006638970_0 .var "outena_q", 0 0;
E_00000000065b8890 .event anyedge, v0000000006638e70_0, v0000000006637f70_0, v0000000006637d90_0;
E_00000000065b96d0 .event anyedge, v0000000006639230_0;
E_00000000065b9910 .event anyedge, v0000000006636490_0;
E_00000000065b9210 .event anyedge, v00000000066386f0_0, v0000000006638ab0_0;
S_00000000065ce940 .scope generate, "genblk1" "genblk1" 2 2888, 2 2888 0, S_00000000065ca150;
 .timescale -12 -12;
E_00000000065b9c50 .event posedge, v0000000006636490_0;
E_00000000065b8d50 .event negedge, v0000000006636490_0;
E_00000000065b93d0 .event negedge, v0000000006636350_0;
E_00000000065b8f10 .event posedge, v0000000006636350_0;
S_00000000065ca600 .scope module, "SB_IO_OD" "SB_IO_OD" 2 2931;
 .timescale -12 -12;
    .port_info 0 /INOUT 1 "PACKAGEPIN";
    .port_info 1 /INPUT 1 "LATCHINPUTVALUE";
    .port_info 2 /INPUT 1 "CLOCKENABLE";
    .port_info 3 /INPUT 1 "INPUTCLK";
    .port_info 4 /INPUT 1 "OUTPUTCLK";
    .port_info 5 /INPUT 1 "OUTPUTENABLE";
    .port_info 6 /INPUT 1 "DOUT1";
    .port_info 7 /INPUT 1 "DOUT0";
    .port_info 8 /OUTPUT 1 "DIN1";
    .port_info 9 /OUTPUT 1 "DIN0";
P_000000000649e240 .param/l "NEG_TRIGGER" 0 2 2944, C4<0>;
P_000000000649e278 .param/l "PIN_TYPE" 0 2 2943, C4<000000>;
L_00000000065ac500 .functor BUFZ 1, v0000000006638830_0, C4<0>, C4<0>, C4<0>;
L_00000000065ac960 .functor BUFZ 1, v00000000066390f0_0, C4<0>, C4<0>, C4<0>;
o0000000006607ee8 .functor BUFZ 1, C4<z>; HiZ drive
v0000000006638b50_0 .net "CLOCKENABLE", 0 0, o0000000006607ee8;  0 drivers
v0000000006638fb0_0 .net "DIN0", 0 0, L_00000000065ac500;  1 drivers
v0000000006637bb0_0 .net "DIN1", 0 0, L_00000000065ac960;  1 drivers
o0000000006607f78 .functor BUFZ 1, C4<z>; HiZ drive
v0000000006638330_0 .net "DOUT0", 0 0, o0000000006607f78;  0 drivers
o0000000006607fa8 .functor BUFZ 1, C4<z>; HiZ drive
v0000000006637c50_0 .net "DOUT1", 0 0, o0000000006607fa8;  0 drivers
o0000000006607fd8 .functor BUFZ 1, C4<z>; HiZ drive
v0000000006639050_0 .net "INPUTCLK", 0 0, o0000000006607fd8;  0 drivers
o0000000006608008 .functor BUFZ 1, C4<z>; HiZ drive
v0000000006638f10_0 .net "LATCHINPUTVALUE", 0 0, o0000000006608008;  0 drivers
o0000000006608038 .functor BUFZ 1, C4<z>; HiZ drive
v0000000006637ed0_0 .net "OUTPUTCLK", 0 0, o0000000006608038;  0 drivers
o0000000006608068 .functor BUFZ 1, C4<z>; HiZ drive
v0000000006638790_0 .net "OUTPUTENABLE", 0 0, o0000000006608068;  0 drivers
o0000000006608098 .functor BUFZ 1, C4<z>; HiZ drive
v0000000006638bf0_0 .net "PACKAGEPIN", 0 0, o0000000006608098;  0 drivers
v0000000006638830_0 .var "din_0", 0 0;
v00000000066390f0_0 .var "din_1", 0 0;
v0000000006637cf0_0 .var "din_q_0", 0 0;
v00000000066380b0_0 .var "din_q_1", 0 0;
v0000000006638a10_0 .var "dout", 0 0;
v0000000006638150_0 .var "dout_q_0", 0 0;
v0000000006638510_0 .var "dout_q_1", 0 0;
v00000000066381f0_0 .var "outclk_delayed_1", 0 0;
v0000000006638290_0 .var "outclk_delayed_2", 0 0;
v00000000066385b0_0 .var "outena_q", 0 0;
E_00000000065b9010 .event anyedge, v0000000006638290_0, v0000000006638150_0, v0000000006638510_0;
E_00000000065b9b90 .event anyedge, v00000000066381f0_0;
E_00000000065b9190 .event anyedge, v0000000006637ed0_0;
E_00000000065b8e50 .event anyedge, v0000000006637cf0_0, v00000000066380b0_0;
S_00000000065cead0 .scope generate, "genblk1" "genblk1" 2 2952, 2 2952 0, S_00000000065ca600;
 .timescale -12 -12;
E_00000000065b9410 .event posedge, v0000000006637ed0_0;
E_00000000065b9610 .event negedge, v0000000006637ed0_0;
E_00000000065b9110 .event negedge, v0000000006639050_0;
E_00000000065b9890 .event posedge, v0000000006639050_0;
S_00000000065ca790 .scope module, "SB_LEDDA_IP" "SB_LEDDA_IP" 2 2830;
 .timescale -12 -12;
    .port_info 0 /INPUT 1 "LEDDCS";
    .port_info 1 /INPUT 1 "LEDDCLK";
    .port_info 2 /INPUT 1 "LEDDDAT7";
    .port_info 3 /INPUT 1 "LEDDDAT6";
    .port_info 4 /INPUT 1 "LEDDDAT5";
    .port_info 5 /INPUT 1 "LEDDDAT4";
    .port_info 6 /INPUT 1 "LEDDDAT3";
    .port_info 7 /INPUT 1 "LEDDDAT2";
    .port_info 8 /INPUT 1 "LEDDDAT1";
    .port_info 9 /INPUT 1 "LEDDDAT0";
    .port_info 10 /INPUT 1 "LEDDADDR3";
    .port_info 11 /INPUT 1 "LEDDADDR2";
    .port_info 12 /INPUT 1 "LEDDADDR1";
    .port_info 13 /INPUT 1 "LEDDADDR0";
    .port_info 14 /INPUT 1 "LEDDDEN";
    .port_info 15 /INPUT 1 "LEDDEXE";
    .port_info 16 /INPUT 1 "LEDDRST";
    .port_info 17 /OUTPUT 1 "PWMOUT0";
    .port_info 18 /OUTPUT 1 "PWMOUT1";
    .port_info 19 /OUTPUT 1 "PWMOUT2";
    .port_info 20 /OUTPUT 1 "LEDDON";
o0000000006608488 .functor BUFZ 1, C4<z>; HiZ drive
v00000000066383d0_0 .net "LEDDADDR0", 0 0, o0000000006608488;  0 drivers
o00000000066084b8 .functor BUFZ 1, C4<z>; HiZ drive
v0000000006638650_0 .net "LEDDADDR1", 0 0, o00000000066084b8;  0 drivers
o00000000066084e8 .functor BUFZ 1, C4<z>; HiZ drive
v00000000066388d0_0 .net "LEDDADDR2", 0 0, o00000000066084e8;  0 drivers
o0000000006608518 .functor BUFZ 1, C4<z>; HiZ drive
v0000000006639c80_0 .net "LEDDADDR3", 0 0, o0000000006608518;  0 drivers
o0000000006608548 .functor BUFZ 1, C4<z>; HiZ drive
v000000000663a4a0_0 .net "LEDDCLK", 0 0, o0000000006608548;  0 drivers
o0000000006608578 .functor BUFZ 1, C4<z>; HiZ drive
v000000000663ae00_0 .net "LEDDCS", 0 0, o0000000006608578;  0 drivers
o00000000066085a8 .functor BUFZ 1, C4<z>; HiZ drive
v000000000663b8a0_0 .net "LEDDDAT0", 0 0, o00000000066085a8;  0 drivers
o00000000066085d8 .functor BUFZ 1, C4<z>; HiZ drive
v0000000006639960_0 .net "LEDDDAT1", 0 0, o00000000066085d8;  0 drivers
o0000000006608608 .functor BUFZ 1, C4<z>; HiZ drive
v000000000663a2c0_0 .net "LEDDDAT2", 0 0, o0000000006608608;  0 drivers
o0000000006608638 .functor BUFZ 1, C4<z>; HiZ drive
v000000000663a220_0 .net "LEDDDAT3", 0 0, o0000000006608638;  0 drivers
o0000000006608668 .functor BUFZ 1, C4<z>; HiZ drive
v000000000663acc0_0 .net "LEDDDAT4", 0 0, o0000000006608668;  0 drivers
o0000000006608698 .functor BUFZ 1, C4<z>; HiZ drive
v000000000663ad60_0 .net "LEDDDAT5", 0 0, o0000000006608698;  0 drivers
o00000000066086c8 .functor BUFZ 1, C4<z>; HiZ drive
v0000000006639aa0_0 .net "LEDDDAT6", 0 0, o00000000066086c8;  0 drivers
o00000000066086f8 .functor BUFZ 1, C4<z>; HiZ drive
v000000000663ac20_0 .net "LEDDDAT7", 0 0, o00000000066086f8;  0 drivers
o0000000006608728 .functor BUFZ 1, C4<z>; HiZ drive
v000000000663b940_0 .net "LEDDDEN", 0 0, o0000000006608728;  0 drivers
o0000000006608758 .functor BUFZ 1, C4<z>; HiZ drive
v00000000066396e0_0 .net "LEDDEXE", 0 0, o0000000006608758;  0 drivers
o0000000006608788 .functor BUFZ 1, C4<z>; HiZ drive
v000000000663a7c0_0 .net "LEDDON", 0 0, o0000000006608788;  0 drivers
o00000000066087b8 .functor BUFZ 1, C4<z>; HiZ drive
v0000000006639500_0 .net "LEDDRST", 0 0, o00000000066087b8;  0 drivers
o00000000066087e8 .functor BUFZ 1, C4<z>; HiZ drive
v000000000663b1c0_0 .net "PWMOUT0", 0 0, o00000000066087e8;  0 drivers
o0000000006608818 .functor BUFZ 1, C4<z>; HiZ drive
v000000000663aa40_0 .net "PWMOUT1", 0 0, o0000000006608818;  0 drivers
o0000000006608848 .functor BUFZ 1, C4<z>; HiZ drive
v000000000663a0e0_0 .net "PWMOUT2", 0 0, o0000000006608848;  0 drivers
S_00000000065cb730 .scope module, "SB_LED_DRV_CUR" "SB_LED_DRV_CUR" 2 2709;
 .timescale -12 -12;
    .port_info 0 /INPUT 1 "EN";
    .port_info 1 /OUTPUT 1 "LEDPU";
o0000000006608c68 .functor BUFZ 1, C4<z>; HiZ drive
v000000000663a540_0 .net "EN", 0 0, o0000000006608c68;  0 drivers
o0000000006608c98 .functor BUFZ 1, C4<z>; HiZ drive
v000000000663a9a0_0 .net "LEDPU", 0 0, o0000000006608c98;  0 drivers
S_00000000065caab0 .scope module, "SB_LFOSC" "SB_LFOSC" 2 2684;
 .timescale -12 -12;
    .port_info 0 /INPUT 1 "CLKLFPU";
    .port_info 1 /INPUT 1 "CLKLFEN";
    .port_info 2 /OUTPUT 1 "CLKLF";
o0000000006608d28 .functor BUFZ 1, C4<z>; HiZ drive
v0000000006639f00_0 .net "CLKLF", 0 0, o0000000006608d28;  0 drivers
o0000000006608d58 .functor BUFZ 1, C4<z>; HiZ drive
v000000000663aae0_0 .net "CLKLFEN", 0 0, o0000000006608d58;  0 drivers
o0000000006608d88 .functor BUFZ 1, C4<z>; HiZ drive
v0000000006639780_0 .net "CLKLFPU", 0 0, o0000000006608d88;  0 drivers
S_00000000065cac40 .scope module, "SB_LUT4" "SB_LUT4" 2 177;
 .timescale -12 -12;
    .port_info 0 /OUTPUT 1 "O";
    .port_info 1 /INPUT 1 "I0";
    .port_info 2 /INPUT 1 "I1";
    .port_info 3 /INPUT 1 "I2";
    .port_info 4 /INPUT 1 "I3";
P_00000000065b8a50 .param/l "LUT_INIT" 0 2 184, C4<0000000000000000>;
o0000000006608e48 .functor BUFZ 1, C4<z>; HiZ drive
v000000000663a860_0 .net "I0", 0 0, o0000000006608e48;  0 drivers
o0000000006608e78 .functor BUFZ 1, C4<z>; HiZ drive
v000000000663bb20_0 .net "I1", 0 0, o0000000006608e78;  0 drivers
o0000000006608ea8 .functor BUFZ 1, C4<z>; HiZ drive
v00000000066393c0_0 .net "I2", 0 0, o0000000006608ea8;  0 drivers
o0000000006608ed8 .functor BUFZ 1, C4<z>; HiZ drive
v000000000663af40_0 .net "I3", 0 0, o0000000006608ed8;  0 drivers
v000000000663ab80_0 .net "O", 0 0, L_00000000066bee10;  1 drivers
L_000000000665fbc0 .functor BUFT 1, C4<00000000>, C4<0>, C4<0>, C4<0>;
v000000000663b120_0 .net/2u *"_ivl_0", 7 0, L_000000000665fbc0;  1 drivers
v0000000006639fa0_0 .net *"_ivl_13", 1 0, L_00000000066bd330;  1 drivers
v000000000663a400_0 .net *"_ivl_15", 1 0, L_00000000066bd3d0;  1 drivers
v000000000663b9e0_0 .net *"_ivl_19", 0 0, L_00000000066bed70;  1 drivers
L_000000000665fc08 .functor BUFT 1, C4<00000000>, C4<0>, C4<0>, C4<0>;
v000000000663b080_0 .net/2u *"_ivl_2", 7 0, L_000000000665fc08;  1 drivers
v000000000663afe0_0 .net *"_ivl_21", 0 0, L_00000000066be5f0;  1 drivers
v00000000066395a0_0 .net *"_ivl_7", 3 0, L_00000000066be190;  1 drivers
v000000000663a720_0 .net *"_ivl_9", 3 0, L_00000000066bd8d0;  1 drivers
v000000000663a5e0_0 .net "s1", 1 0, L_00000000066bccf0;  1 drivers
v000000000663b440_0 .net "s2", 3 0, L_00000000066bde70;  1 drivers
v000000000663b6c0_0 .net "s3", 7 0, L_00000000066be0f0;  1 drivers
L_00000000066be0f0 .functor MUXZ 8, L_000000000665fc08, L_000000000665fbc0, o0000000006608ed8, C4<>;
L_00000000066be190 .part L_00000000066be0f0, 4, 4;
L_00000000066bd8d0 .part L_00000000066be0f0, 0, 4;
L_00000000066bde70 .functor MUXZ 4, L_00000000066bd8d0, L_00000000066be190, o0000000006608ea8, C4<>;
L_00000000066bd330 .part L_00000000066bde70, 2, 2;
L_00000000066bd3d0 .part L_00000000066bde70, 0, 2;
L_00000000066bccf0 .functor MUXZ 2, L_00000000066bd3d0, L_00000000066bd330, o0000000006608e78, C4<>;
L_00000000066bed70 .part L_00000000066bccf0, 1, 1;
L_00000000066be5f0 .part L_00000000066bccf0, 0, 1;
L_00000000066bee10 .functor MUXZ 1, L_00000000066be5f0, L_00000000066bed70, o0000000006608e48, C4<>;
S_00000000065cadd0 .scope module, "SB_MAC16" "SB_MAC16" 2 2996;
 .timescale -12 -12;
    .port_info 0 /INPUT 1 "CLK";
    .port_info 1 /INPUT 1 "CE";
    .port_info 2 /INPUT 16 "C";
    .port_info 3 /INPUT 16 "A";
    .port_info 4 /INPUT 16 "B";
    .port_info 5 /INPUT 16 "D";
    .port_info 6 /INPUT 1 "AHOLD";
    .port_info 7 /INPUT 1 "BHOLD";
    .port_info 8 /INPUT 1 "CHOLD";
    .port_info 9 /INPUT 1 "DHOLD";
    .port_info 10 /INPUT 1 "IRSTTOP";
    .port_info 11 /INPUT 1 "IRSTBOT";
    .port_info 12 /INPUT 1 "ORSTTOP";
    .port_info 13 /INPUT 1 "ORSTBOT";
    .port_info 14 /INPUT 1 "OLOADTOP";
    .port_info 15 /INPUT 1 "OLOADBOT";
    .port_info 16 /INPUT 1 "ADDSUBTOP";
    .port_info 17 /INPUT 1 "ADDSUBBOT";
    .port_info 18 /INPUT 1 "OHOLDTOP";
    .port_info 19 /INPUT 1 "OHOLDBOT";
    .port_info 20 /INPUT 1 "CI";
    .port_info 21 /INPUT 1 "ACCUMCI";
    .port_info 22 /INPUT 1 "SIGNEXTIN";
    .port_info 23 /OUTPUT 32 "O";
    .port_info 24 /OUTPUT 1 "CO";
    .port_info 25 /OUTPUT 1 "ACCUMCO";
    .port_info 26 /OUTPUT 1 "SIGNEXTOUT";
P_0000000004baef00 .param/l "A_REG" 0 2 3011, C4<0>;
P_0000000004baef38 .param/l "A_SIGNED" 0 2 3027, C4<0>;
P_0000000004baef70 .param/l "BOTADDSUB_CARRYSELECT" 0 2 3025, C4<00>;
P_0000000004baefa8 .param/l "BOTADDSUB_LOWERINPUT" 0 2 3023, C4<00>;
P_0000000004baefe0 .param/l "BOTADDSUB_UPPERINPUT" 0 2 3024, C4<0>;
P_0000000004baf018 .param/l "BOTOUTPUT_SELECT" 0 2 3022, C4<00>;
P_0000000004baf050 .param/l "BOT_8x8_MULT_REG" 0 2 3015, C4<0>;
P_0000000004baf088 .param/l "B_REG" 0 2 3012, C4<0>;
P_0000000004baf0c0 .param/l "B_SIGNED" 0 2 3028, C4<0>;
P_0000000004baf0f8 .param/l "C_REG" 0 2 3010, C4<0>;
P_0000000004baf130 .param/l "D_REG" 0 2 3013, C4<0>;
P_0000000004baf168 .param/l "MODE_8x8" 0 2 3026, C4<0>;
P_0000000004baf1a0 .param/l "NEG_TRIGGER" 0 2 3009, C4<0>;
P_0000000004baf1d8 .param/l "PIPELINE_16x16_MULT_REG1" 0 2 3016, C4<0>;
P_0000000004baf210 .param/l "PIPELINE_16x16_MULT_REG2" 0 2 3017, C4<0>;
P_0000000004baf248 .param/l "TOPADDSUB_CARRYSELECT" 0 2 3021, C4<00>;
P_0000000004baf280 .param/l "TOPADDSUB_LOWERINPUT" 0 2 3019, C4<00>;
P_0000000004baf2b8 .param/l "TOPADDSUB_UPPERINPUT" 0 2 3020, C4<0>;
P_0000000004baf2f0 .param/l "TOPOUTPUT_SELECT" 0 2 3018, C4<00>;
P_0000000004baf328 .param/l "TOP_8x8_MULT_REG" 0 2 3014, C4<0>;
o0000000006609538 .functor BUFZ 1, C4<z>; HiZ drive
L_000000000665fc50 .functor BUFT 1, C4<0>, C4<0>, C4<0>, C4<0>;
L_00000000065ad610 .functor XOR 1, o0000000006609538, L_000000000665fc50, C4<0>, C4<0>;
o0000000006609478 .functor BUFZ 16, C4<zzzzzzzzzzzzzzzz>; HiZ drive
L_00000000065ac7a0 .functor BUFZ 16, o0000000006609478, C4<0000000000000000>, C4<0000000000000000>, C4<0000000000000000>;
o0000000006609238 .functor BUFZ 16, C4<zzzzzzzzzzzzzzzz>; HiZ drive
L_00000000065ac810 .functor BUFZ 16, o0000000006609238, C4<0000000000000000>, C4<0000000000000000>, C4<0000000000000000>;
o00000000066093b8 .functor BUFZ 16, C4<zzzzzzzzzzzzzzzz>; HiZ drive
L_00000000065ac570 .functor BUFZ 16, o00000000066093b8, C4<0000000000000000>, C4<0000000000000000>, C4<0000000000000000>;
o0000000006609598 .functor BUFZ 16, C4<zzzzzzzzzzzzzzzz>; HiZ drive
L_00000000065abd90 .functor BUFZ 16, o0000000006609598, C4<0000000000000000>, C4<0000000000000000>, C4<0000000000000000>;
L_00000000065ac880 .functor BUFZ 16, L_00000000066bc9d0, C4<0000000000000000>, C4<0000000000000000>, C4<0000000000000000>;
L_00000000065abee0 .functor BUFZ 16, L_00000000066bd510, C4<0000000000000000>, C4<0000000000000000>, C4<0000000000000000>;
L_00000000065ac0a0 .functor BUFZ 16, L_00000000066bd650, C4<0000000000000000>, C4<0000000000000000>, C4<0000000000000000>;
L_00000000065acb90 .functor BUFZ 16, L_00000000066bd6f0, C4<0000000000000000>, C4<0000000000000000>, C4<0000000000000000>;
L_00000000065ac8f0 .functor BUFZ 32, L_00000000066bddd0, C4<00000000000000000000000000000000>, C4<00000000000000000000000000000000>, C4<00000000000000000000000000000000>;
L_00000000065abe00 .functor BUFZ 16, v0000000006643230_0, C4<0000000000000000>, C4<0000000000000000>, C4<0000000000000000>;
L_00000000065ad680 .functor BUFZ 16, L_00000000065ac810, C4<0000000000000000>, C4<0000000000000000>, C4<0000000000000000>;
L_00000000065abe70 .functor XOR 17, L_00000000066bca70, L_00000000066becd0, C4<00000000000000000>, C4<00000000000000000>;
o00000000066092f8 .functor BUFZ 1, C4<z>; HiZ drive
L_00000000065ac110 .functor XOR 1, L_00000000066be410, o00000000066092f8, C4<0>, C4<0>;
L_00000000065ace30 .functor XOR 16, L_00000000066be4b0, L_00000000066bf3b0, C4<0000000000000000>, C4<0000000000000000>;
L_00000000065acd50 .functor BUFZ 16, L_00000000066bf270, C4<0000000000000000>, C4<0000000000000000>, C4<0000000000000000>;
L_00000000065ad990 .functor BUFZ 16, v0000000006644270_0, C4<0000000000000000>, C4<0000000000000000>, C4<0000000000000000>;
L_00000000065adb50 .functor BUFZ 16, L_00000000065ac570, C4<0000000000000000>, C4<0000000000000000>, C4<0000000000000000>;
L_00000000065adae0 .functor XOR 17, L_00000000066bf590, L_00000000066bf770, C4<00000000000000000>, C4<00000000000000000>;
L_00000000065adbc0 .functor XOR 16, L_00000000066bf450, L_00000000066b94b0, C4<0000000000000000>, C4<0000000000000000>;
L_00000000065ada00 .functor BUFZ 16, L_00000000066b81f0, C4<0000000000000000>, C4<0000000000000000>, C4<0000000000000000>;
v000000000663b260_0 .net "A", 15 0, o0000000006609238;  0 drivers
o0000000006609268 .functor BUFZ 1, C4<z>; HiZ drive
v000000000663aea0_0 .net "ACCUMCI", 0 0, o0000000006609268;  0 drivers
v0000000006639d20_0 .net "ACCUMCO", 0 0, L_00000000066be410;  1 drivers
o00000000066092c8 .functor BUFZ 1, C4<z>; HiZ drive
v000000000663a680_0 .net "ADDSUBBOT", 0 0, o00000000066092c8;  0 drivers
v000000000663a900_0 .net "ADDSUBTOP", 0 0, o00000000066092f8;  0 drivers
o0000000006609328 .functor BUFZ 1, C4<z>; HiZ drive
v000000000663b3a0_0 .net "AHOLD", 0 0, o0000000006609328;  0 drivers
v000000000663b300_0 .net "Ah", 15 0, L_00000000066bd010;  1 drivers
v000000000663b4e0_0 .net "Al", 15 0, L_00000000066bd970;  1 drivers
v000000000663b760_0 .net "B", 15 0, o00000000066093b8;  0 drivers
o00000000066093e8 .functor BUFZ 1, C4<z>; HiZ drive
v000000000663b580_0 .net "BHOLD", 0 0, o00000000066093e8;  0 drivers
v0000000006639dc0_0 .net "Bh", 15 0, L_00000000066bd150;  1 drivers
v000000000663ba80_0 .net "Bl", 15 0, L_00000000066bec30;  1 drivers
v000000000663b620_0 .net "C", 15 0, o0000000006609478;  0 drivers
o00000000066094a8 .functor BUFZ 1, C4<z>; HiZ drive
v000000000663b800_0 .net "CE", 0 0, o00000000066094a8;  0 drivers
o00000000066094d8 .functor BUFZ 1, C4<z>; HiZ drive
v0000000006639b40_0 .net "CHOLD", 0 0, o00000000066094d8;  0 drivers
o0000000006609508 .functor BUFZ 1, C4<z>; HiZ drive
v0000000006639be0_0 .net "CI", 0 0, o0000000006609508;  0 drivers
v00000000066398c0_0 .net "CLK", 0 0, o0000000006609538;  0 drivers
v0000000006639e60_0 .net "CO", 0 0, L_00000000065ac110;  1 drivers
v0000000006639460_0 .net "D", 15 0, o0000000006609598;  0 drivers
o00000000066095c8 .functor BUFZ 1, C4<z>; HiZ drive
v000000000663a040_0 .net "DHOLD", 0 0, o00000000066095c8;  0 drivers
L_00000000066601a8 .functor BUFT 1, C4<0>, C4<0>, C4<0>, C4<0>;
v0000000006639640_0 .net "HCI", 0 0, L_00000000066601a8;  1 drivers
o0000000006609628 .functor BUFZ 1, C4<z>; HiZ drive
v0000000006639820_0 .net "IRSTBOT", 0 0, o0000000006609628;  0 drivers
o0000000006609658 .functor BUFZ 1, C4<z>; HiZ drive
v0000000006639a00_0 .net "IRSTTOP", 0 0, o0000000006609658;  0 drivers
L_00000000066602c8 .functor BUFT 1, C4<0>, C4<0>, C4<0>, C4<0>;
v000000000663a180_0 .net "LCI", 0 0, L_00000000066602c8;  1 drivers
v000000000663a360_0 .net "LCO", 0 0, L_00000000066bf130;  1 drivers
v000000000663c3e0_0 .net "O", 31 0, L_00000000066b9a50;  1 drivers
o0000000006609718 .functor BUFZ 1, C4<z>; HiZ drive
v000000000663c340_0 .net "OHOLDBOT", 0 0, o0000000006609718;  0 drivers
o0000000006609748 .functor BUFZ 1, C4<z>; HiZ drive
v000000000663c5c0_0 .net "OHOLDTOP", 0 0, o0000000006609748;  0 drivers
o0000000006609778 .functor BUFZ 1, C4<z>; HiZ drive
v000000000663ce80_0 .net "OLOADBOT", 0 0, o0000000006609778;  0 drivers
o00000000066097a8 .functor BUFZ 1, C4<z>; HiZ drive
v000000000663bd00_0 .net "OLOADTOP", 0 0, o00000000066097a8;  0 drivers
o00000000066097d8 .functor BUFZ 1, C4<z>; HiZ drive
v000000000663bda0_0 .net "ORSTBOT", 0 0, o00000000066097d8;  0 drivers
o0000000006609808 .functor BUFZ 1, C4<z>; HiZ drive
v000000000663cca0_0 .net "ORSTTOP", 0 0, o0000000006609808;  0 drivers
v000000000663be40_0 .net "Oh", 15 0, L_00000000065acd50;  1 drivers
v000000000663c700_0 .net "Ol", 15 0, L_00000000065ada00;  1 drivers
o0000000006609898 .functor BUFZ 1, C4<z>; HiZ drive
v000000000663c660_0 .net "SIGNEXTIN", 0 0, o0000000006609898;  0 drivers
v000000000663d100_0 .net "SIGNEXTOUT", 0 0, L_00000000066bf310;  1 drivers
v000000000663c480_0 .net "XW", 15 0, L_00000000066be4b0;  1 drivers
v000000000663cd40_0 .net "YZ", 15 0, L_00000000066bf450;  1 drivers
v000000000663cf20_0 .net/2u *"_ivl_0", 0 0, L_000000000665fc50;  1 drivers
v000000000663c2a0_0 .net *"_ivl_100", 31 0, L_00000000066bdd30;  1 drivers
L_0000000006660040 .functor BUFT 1, C4<0000000000000000>, C4<0>, C4<0>, C4<0>;
v000000000663bee0_0 .net *"_ivl_103", 15 0, L_0000000006660040;  1 drivers
v000000000663cc00_0 .net *"_ivl_104", 31 0, L_00000000066bdbf0;  1 drivers
v000000000663c520_0 .net *"_ivl_106", 15 0, L_00000000066beb90;  1 drivers
L_0000000006660088 .functor BUFT 1, C4<0000000000000000>, C4<0>, C4<0>, C4<0>;
v000000000663bf80_0 .net *"_ivl_108", 15 0, L_0000000006660088;  1 drivers
L_000000000665fc98 .functor BUFT 1, C4<00000000>, C4<0>, C4<0>, C4<0>;
v000000000663c7a0_0 .net/2u *"_ivl_12", 7 0, L_000000000665fc98;  1 drivers
v000000000663d1a0_0 .net *"_ivl_121", 16 0, L_00000000066be550;  1 drivers
L_00000000066600d0 .functor BUFT 1, C4<0>, C4<0>, C4<0>, C4<0>;
v000000000663cde0_0 .net *"_ivl_124", 0 0, L_00000000066600d0;  1 drivers
v000000000663c0c0_0 .net *"_ivl_125", 16 0, L_00000000066bca70;  1 drivers
L_0000000006660118 .functor BUFT 1, C4<0>, C4<0>, C4<0>, C4<0>;
v000000000663c020_0 .net *"_ivl_128", 0 0, L_0000000006660118;  1 drivers
v000000000663cb60_0 .net *"_ivl_129", 15 0, L_00000000066bea50;  1 drivers
v000000000663c8e0_0 .net *"_ivl_131", 16 0, L_00000000066becd0;  1 drivers
L_0000000006660160 .functor BUFT 1, C4<0>, C4<0>, C4<0>, C4<0>;
v000000000663c160_0 .net *"_ivl_134", 0 0, L_0000000006660160;  1 drivers
v000000000663cfc0_0 .net *"_ivl_135", 16 0, L_00000000065abe70;  1 drivers
v000000000663c980_0 .net *"_ivl_137", 16 0, L_00000000066beeb0;  1 drivers
L_00000000066603e8 .functor BUFT 1, C4<00000000000000000>, C4<0>, C4<0>, C4<0>;
v000000000663d060_0 .net *"_ivl_139", 16 0, L_00000000066603e8;  1 drivers
v000000000663d240_0 .net *"_ivl_143", 16 0, L_00000000066bf1d0;  1 drivers
v000000000663c840_0 .net *"_ivl_147", 15 0, L_00000000066bf3b0;  1 drivers
v000000000663ca20_0 .net *"_ivl_149", 15 0, L_00000000065ace30;  1 drivers
v000000000663bbc0_0 .net *"_ivl_15", 7 0, L_00000000066bce30;  1 drivers
v000000000663c200_0 .net *"_ivl_168", 16 0, L_00000000066bf4f0;  1 drivers
L_00000000066601f0 .functor BUFT 1, C4<0>, C4<0>, C4<0>, C4<0>;
v000000000663bc60_0 .net *"_ivl_171", 0 0, L_00000000066601f0;  1 drivers
v000000000663cac0_0 .net *"_ivl_172", 16 0, L_00000000066bf590;  1 drivers
L_0000000006660238 .functor BUFT 1, C4<0>, C4<0>, C4<0>, C4<0>;
v0000000006640490_0 .net *"_ivl_175", 0 0, L_0000000006660238;  1 drivers
v00000000066416b0_0 .net *"_ivl_176", 15 0, L_00000000066bf6d0;  1 drivers
v0000000006641390_0 .net *"_ivl_178", 16 0, L_00000000066bf770;  1 drivers
L_000000000665fce0 .functor BUFT 1, C4<00000000>, C4<0>, C4<0>, C4<0>;
v00000000066411b0_0 .net/2u *"_ivl_18", 7 0, L_000000000665fce0;  1 drivers
L_0000000006660280 .functor BUFT 1, C4<0>, C4<0>, C4<0>, C4<0>;
v00000000066414d0_0 .net *"_ivl_181", 0 0, L_0000000006660280;  1 drivers
v0000000006641890_0 .net *"_ivl_182", 16 0, L_00000000065adae0;  1 drivers
v00000000066403f0_0 .net *"_ivl_184", 16 0, L_00000000066bf090;  1 drivers
L_0000000006660430 .functor BUFT 1, C4<00000000000000000>, C4<0>, C4<0>, C4<0>;
v00000000066421f0_0 .net *"_ivl_186", 16 0, L_0000000006660430;  1 drivers
v0000000006641610_0 .net *"_ivl_190", 16 0, L_00000000066bf630;  1 drivers
v0000000006640530_0 .net *"_ivl_192", 15 0, L_00000000066b94b0;  1 drivers
v0000000006640670_0 .net *"_ivl_194", 15 0, L_00000000065adbc0;  1 drivers
v000000000663fe50_0 .net *"_ivl_21", 7 0, L_00000000066be690;  1 drivers
L_000000000665fd28 .functor BUFT 1, C4<00000000>, C4<0>, C4<0>, C4<0>;
v0000000006640210_0 .net/2u *"_ivl_24", 7 0, L_000000000665fd28;  1 drivers
v000000000663fc70_0 .net *"_ivl_27", 7 0, L_00000000066bdfb0;  1 drivers
L_000000000665fd70 .functor BUFT 1, C4<00000000>, C4<0>, C4<0>, C4<0>;
v0000000006641d90_0 .net/2u *"_ivl_30", 7 0, L_000000000665fd70;  1 drivers
v00000000066419d0_0 .net *"_ivl_33", 7 0, L_00000000066bd290;  1 drivers
L_000000000665fdb8 .functor BUFT 1, C4<00000000>, C4<0>, C4<0>, C4<0>;
v0000000006640df0_0 .net/2u *"_ivl_38", 7 0, L_000000000665fdb8;  1 drivers
v0000000006641570_0 .net *"_ivl_41", 7 0, L_00000000066be230;  1 drivers
v0000000006641750_0 .net *"_ivl_42", 15 0, L_00000000066bd470;  1 drivers
L_000000000665fe00 .functor BUFT 1, C4<00000000>, C4<0>, C4<0>, C4<0>;
v00000000066417f0_0 .net/2u *"_ivl_46", 7 0, L_000000000665fe00;  1 drivers
v0000000006640030_0 .net *"_ivl_49", 7 0, L_00000000066bda10;  1 drivers
v0000000006640d50_0 .net *"_ivl_50", 15 0, L_00000000066be870;  1 drivers
L_000000000665fe48 .functor BUFT 1, C4<00000000>, C4<0>, C4<0>, C4<0>;
v0000000006640a30_0 .net/2u *"_ivl_64", 7 0, L_000000000665fe48;  1 drivers
L_000000000665fe90 .functor BUFT 1, C4<00000000>, C4<0>, C4<0>, C4<0>;
v0000000006642010_0 .net/2u *"_ivl_68", 7 0, L_000000000665fe90;  1 drivers
v000000000663fef0_0 .net *"_ivl_72", 31 0, L_00000000066bd830;  1 drivers
L_000000000665fed8 .functor BUFT 1, C4<0000000000000000>, C4<0>, C4<0>, C4<0>;
v0000000006640e90_0 .net *"_ivl_75", 15 0, L_000000000665fed8;  1 drivers
v0000000006641930_0 .net *"_ivl_76", 31 0, L_00000000066bef50;  1 drivers
L_000000000665ff20 .functor BUFT 1, C4<00000000>, C4<0>, C4<0>, C4<0>;
v0000000006640ad0_0 .net *"_ivl_79", 7 0, L_000000000665ff20;  1 drivers
v0000000006642290_0 .net *"_ivl_80", 31 0, L_00000000066be7d0;  1 drivers
v0000000006640710_0 .net *"_ivl_82", 23 0, L_00000000066be910;  1 drivers
L_000000000665ff68 .functor BUFT 1, C4<00000000>, C4<0>, C4<0>, C4<0>;
v00000000066412f0_0 .net *"_ivl_84", 7 0, L_000000000665ff68;  1 drivers
v0000000006641a70_0 .net *"_ivl_86", 31 0, L_00000000066bdab0;  1 drivers
v0000000006640cb0_0 .net *"_ivl_88", 31 0, L_00000000066be2d0;  1 drivers
L_000000000665ffb0 .functor BUFT 1, C4<00000000>, C4<0>, C4<0>, C4<0>;
v0000000006641b10_0 .net *"_ivl_91", 7 0, L_000000000665ffb0;  1 drivers
v00000000066402b0_0 .net *"_ivl_92", 31 0, L_00000000066be370;  1 drivers
v0000000006640b70_0 .net *"_ivl_94", 23 0, L_00000000066be730;  1 drivers
L_000000000665fff8 .functor BUFT 1, C4<00000000>, C4<0>, C4<0>, C4<0>;
v0000000006640c10_0 .net *"_ivl_96", 7 0, L_000000000665fff8;  1 drivers
v0000000006642330_0 .net *"_ivl_98", 31 0, L_00000000066bdb50;  1 drivers
v00000000066407b0_0 .net "clock", 0 0, L_00000000065ad610;  1 drivers
v0000000006642150_0 .net "iA", 15 0, L_00000000065ac810;  1 drivers
v0000000006640f30_0 .net "iB", 15 0, L_00000000065ac570;  1 drivers
v0000000006641f70_0 .net "iC", 15 0, L_00000000065ac7a0;  1 drivers
v0000000006641bb0_0 .net "iD", 15 0, L_00000000065abd90;  1 drivers
v0000000006640fd0_0 .net "iF", 15 0, L_00000000065ac880;  1 drivers
v0000000006640350_0 .net "iG", 15 0, L_00000000065acb90;  1 drivers
v0000000006641c50_0 .net "iH", 31 0, L_00000000065ac8f0;  1 drivers
v0000000006641cf0_0 .net "iJ", 15 0, L_00000000065abee0;  1 drivers
v0000000006641e30_0 .net "iJ_e", 23 0, L_00000000066bdc90;  1 drivers
v0000000006641070_0 .net "iK", 15 0, L_00000000065ac0a0;  1 drivers
v00000000066420b0_0 .net "iK_e", 23 0, L_00000000066bd790;  1 drivers
v0000000006640850_0 .net "iL", 31 0, L_00000000066bddd0;  1 drivers
v0000000006640990_0 .net "iP", 15 0, L_00000000066bf270;  1 drivers
v0000000006641ed0_0 .net "iQ", 15 0, v0000000006643230_0;  1 drivers
v000000000663fbd0_0 .net "iR", 15 0, L_00000000066b81f0;  1 drivers
v00000000066408f0_0 .net "iS", 15 0, v0000000006644270_0;  1 drivers
v00000000066400d0_0 .net "iW", 15 0, L_00000000065abe00;  1 drivers
v000000000663fd10_0 .net "iX", 15 0, L_00000000065ad680;  1 drivers
v0000000006641110_0 .net "iY", 15 0, L_00000000065ad990;  1 drivers
v0000000006640170_0 .net "iZ", 15 0, L_00000000065adb50;  1 drivers
v0000000006641250_0 .net "p_Ah_Bh", 15 0, L_00000000066bc9d0;  1 drivers
v000000000663fdb0_0 .net "p_Ah_Bl", 15 0, L_00000000066bd650;  1 drivers
v000000000663ff90_0 .net "p_Al_Bh", 15 0, L_00000000066bd510;  1 drivers
v00000000066405d0_0 .net "p_Al_Bl", 15 0, L_00000000066bd6f0;  1 drivers
v0000000006641430_0 .var "rA", 15 0;
v0000000006643f50_0 .var "rB", 15 0;
v0000000006643a50_0 .var "rC", 15 0;
v0000000006642830_0 .var "rD", 15 0;
v0000000006644450_0 .var "rF", 15 0;
v0000000006643c30_0 .var "rG", 15 0;
v0000000006644770_0 .var "rH", 31 0;
v0000000006644130_0 .var "rJ", 15 0;
v0000000006643370_0 .var "rK", 15 0;
v0000000006643230_0 .var "rQ", 15 0;
v0000000006644270_0 .var "rS", 15 0;
E_00000000065b9750 .event posedge, v000000000663bda0_0, v00000000066407b0_0;
E_00000000065b8f90 .event posedge, v000000000663cca0_0, v00000000066407b0_0;
E_00000000065b9050 .event posedge, v0000000006639820_0, v00000000066407b0_0;
E_00000000065b8d90 .event posedge, v0000000006639a00_0, v00000000066407b0_0;
L_00000000066bce30 .part L_00000000065ac810, 8, 8;
L_00000000066bd010 .concat [ 8 8 0 0], L_00000000066bce30, L_000000000665fc98;
L_00000000066be690 .part L_00000000065ac810, 0, 8;
L_00000000066bd970 .concat [ 8 8 0 0], L_00000000066be690, L_000000000665fce0;
L_00000000066bdfb0 .part L_00000000065ac570, 8, 8;
L_00000000066bd150 .concat [ 8 8 0 0], L_00000000066bdfb0, L_000000000665fd28;
L_00000000066bd290 .part L_00000000065ac570, 0, 8;
L_00000000066bec30 .concat [ 8 8 0 0], L_00000000066bd290, L_000000000665fd70;
L_00000000066bc9d0 .arith/mult 16, L_00000000066bd010, L_00000000066bd150;
L_00000000066be230 .part L_00000000066bd970, 0, 8;
L_00000000066bd470 .concat [ 8 8 0 0], L_00000000066be230, L_000000000665fdb8;
L_00000000066bd510 .arith/mult 16, L_00000000066bd470, L_00000000066bd150;
L_00000000066bda10 .part L_00000000066bec30, 0, 8;
L_00000000066be870 .concat [ 8 8 0 0], L_00000000066bda10, L_000000000665fe00;
L_00000000066bd650 .arith/mult 16, L_00000000066bd010, L_00000000066be870;
L_00000000066bd6f0 .arith/mult 16, L_00000000066bd970, L_00000000066bec30;
L_00000000066bd790 .concat [ 16 8 0 0], L_00000000065ac0a0, L_000000000665fe48;
L_00000000066bdc90 .concat [ 16 8 0 0], L_00000000065abee0, L_000000000665fe90;
L_00000000066bd830 .concat [ 16 16 0 0], L_00000000065acb90, L_000000000665fed8;
L_00000000066bef50 .concat [ 24 8 0 0], L_00000000066bd790, L_000000000665ff20;
L_00000000066be910 .part L_00000000066bef50, 0, 24;
L_00000000066be7d0 .concat [ 8 24 0 0], L_000000000665ff68, L_00000000066be910;
L_00000000066bdab0 .arith/sum 32, L_00000000066bd830, L_00000000066be7d0;
L_00000000066be2d0 .concat [ 24 8 0 0], L_00000000066bdc90, L_000000000665ffb0;
L_00000000066be730 .part L_00000000066be2d0, 0, 24;
L_00000000066be370 .concat [ 8 24 0 0], L_000000000665fff8, L_00000000066be730;
L_00000000066bdb50 .arith/sum 32, L_00000000066bdab0, L_00000000066be370;
L_00000000066bdd30 .concat [ 16 16 0 0], L_00000000065ac880, L_0000000006660040;
L_00000000066beb90 .part L_00000000066bdd30, 0, 16;
L_00000000066bdbf0 .concat [ 16 16 0 0], L_0000000006660088, L_00000000066beb90;
L_00000000066bddd0 .arith/sum 32, L_00000000066bdb50, L_00000000066bdbf0;
L_00000000066be410 .part L_00000000066bf1d0, 16, 1;
L_00000000066be4b0 .part L_00000000066bf1d0, 0, 16;
L_00000000066be550 .concat [ 16 1 0 0], L_00000000065ad680, L_00000000066600d0;
L_00000000066bca70 .concat [ 16 1 0 0], L_00000000065abe00, L_0000000006660118;
LS_00000000066bea50_0_0 .concat [ 1 1 1 1], o00000000066092f8, o00000000066092f8, o00000000066092f8, o00000000066092f8;
LS_00000000066bea50_0_4 .concat [ 1 1 1 1], o00000000066092f8, o00000000066092f8, o00000000066092f8, o00000000066092f8;
LS_00000000066bea50_0_8 .concat [ 1 1 1 1], o00000000066092f8, o00000000066092f8, o00000000066092f8, o00000000066092f8;
LS_00000000066bea50_0_12 .concat [ 1 1 1 1], o00000000066092f8, o00000000066092f8, o00000000066092f8, o00000000066092f8;
L_00000000066bea50 .concat [ 4 4 4 4], LS_00000000066bea50_0_0, LS_00000000066bea50_0_4, LS_00000000066bea50_0_8, LS_00000000066bea50_0_12;
L_00000000066becd0 .concat [ 16 1 0 0], L_00000000066bea50, L_0000000006660160;
L_00000000066beeb0 .arith/sum 17, L_00000000066be550, L_00000000065abe70;
L_00000000066bf1d0 .arith/sum 17, L_00000000066beeb0, L_00000000066603e8;
LS_00000000066bf3b0_0_0 .concat [ 1 1 1 1], o00000000066092f8, o00000000066092f8, o00000000066092f8, o00000000066092f8;
LS_00000000066bf3b0_0_4 .concat [ 1 1 1 1], o00000000066092f8, o00000000066092f8, o00000000066092f8, o00000000066092f8;
LS_00000000066bf3b0_0_8 .concat [ 1 1 1 1], o00000000066092f8, o00000000066092f8, o00000000066092f8, o00000000066092f8;
LS_00000000066bf3b0_0_12 .concat [ 1 1 1 1], o00000000066092f8, o00000000066092f8, o00000000066092f8, o00000000066092f8;
L_00000000066bf3b0 .concat [ 4 4 4 4], LS_00000000066bf3b0_0_0, LS_00000000066bf3b0_0_4, LS_00000000066bf3b0_0_8, LS_00000000066bf3b0_0_12;
L_00000000066bf270 .functor MUXZ 16, L_00000000065ace30, L_00000000065ac7a0, o00000000066097a8, C4<>;
L_00000000066bf310 .part L_00000000065ad680, 15, 1;
L_00000000066bf130 .part L_00000000066bf630, 16, 1;
L_00000000066bf450 .part L_00000000066bf630, 0, 16;
L_00000000066bf4f0 .concat [ 16 1 0 0], L_00000000065adb50, L_00000000066601f0;
L_00000000066bf590 .concat [ 16 1 0 0], L_00000000065ad990, L_0000000006660238;
LS_00000000066bf6d0_0_0 .concat [ 1 1 1 1], o00000000066092c8, o00000000066092c8, o00000000066092c8, o00000000066092c8;
LS_00000000066bf6d0_0_4 .concat [ 1 1 1 1], o00000000066092c8, o00000000066092c8, o00000000066092c8, o00000000066092c8;
LS_00000000066bf6d0_0_8 .concat [ 1 1 1 1], o00000000066092c8, o00000000066092c8, o00000000066092c8, o00000000066092c8;
LS_00000000066bf6d0_0_12 .concat [ 1 1 1 1], o00000000066092c8, o00000000066092c8, o00000000066092c8, o00000000066092c8;
L_00000000066bf6d0 .concat [ 4 4 4 4], LS_00000000066bf6d0_0_0, LS_00000000066bf6d0_0_4, LS_00000000066bf6d0_0_8, LS_00000000066bf6d0_0_12;
L_00000000066bf770 .concat [ 16 1 0 0], L_00000000066bf6d0, L_0000000006660280;
L_00000000066bf090 .arith/sum 17, L_00000000066bf4f0, L_00000000065adae0;
L_00000000066bf630 .arith/sum 17, L_00000000066bf090, L_0000000006660430;
LS_00000000066b94b0_0_0 .concat [ 1 1 1 1], o00000000066092c8, o00000000066092c8, o00000000066092c8, o00000000066092c8;
LS_00000000066b94b0_0_4 .concat [ 1 1 1 1], o00000000066092c8, o00000000066092c8, o00000000066092c8, o00000000066092c8;
LS_00000000066b94b0_0_8 .concat [ 1 1 1 1], o00000000066092c8, o00000000066092c8, o00000000066092c8, o00000000066092c8;
LS_00000000066b94b0_0_12 .concat [ 1 1 1 1], o00000000066092c8, o00000000066092c8, o00000000066092c8, o00000000066092c8;
L_00000000066b94b0 .concat [ 4 4 4 4], LS_00000000066b94b0_0_0, LS_00000000066b94b0_0_4, LS_00000000066b94b0_0_8, LS_00000000066b94b0_0_12;
L_00000000066b81f0 .functor MUXZ 16, L_00000000065adbc0, L_00000000065abd90, o0000000006609778, C4<>;
L_00000000066b9a50 .concat [ 16 16 0 0], L_00000000065ada00, L_00000000065acd50;
S_00000000065c9b10 .scope module, "SB_PLL40_2F_CORE" "SB_PLL40_2F_CORE" 2 2521;
 .timescale -12 -12;
    .port_info 0 /INPUT 1 "REFERENCECLK";
    .port_info 1 /OUTPUT 1 "PLLOUTCOREA";
    .port_info 2 /OUTPUT 1 "PLLOUTGLOBALA";
    .port_info 3 /OUTPUT 1 "PLLOUTCOREB";
    .port_info 4 /OUTPUT 1 "PLLOUTGLOBALB";
    .port_info 5 /INPUT 1 "EXTFEEDBACK";
    .port_info 6 /INPUT 8 "DYNAMICDELAY";
    .port_info 7 /OUTPUT 1 "LOCK";
    .port_info 8 /INPUT 1 "BYPASS";
    .port_info 9 /INPUT 1 "RESETB";
    .port_info 10 /INPUT 1 "LATCHINPUTVALUE";
    .port_info 11 /OUTPUT 1 "SDO";
    .port_info 12 /INPUT 1 "SDI";
    .port_info 13 /INPUT 1 "SCLK";
P_0000000004ba9620 .param/str "DELAY_ADJUSTMENT_MODE_FEEDBACK" 0 2 2538, "FIXED";
P_0000000004ba9658 .param/str "DELAY_ADJUSTMENT_MODE_RELATIVE" 0 2 2539, "FIXED";
P_0000000004ba9690 .param/l "DIVF" 0 2 2546, C4<0000000>;
P_0000000004ba96c8 .param/l "DIVQ" 0 2 2547, C4<000>;
P_0000000004ba9700 .param/l "DIVR" 0 2 2545, C4<0000>;
P_0000000004ba9738 .param/l "ENABLE_ICEGATE_PORTA" 0 2 2549, C4<0>;
P_0000000004ba9770 .param/l "ENABLE_ICEGATE_PORTB" 0 2 2550, C4<0>;
P_0000000004ba97a8 .param/l "EXTERNAL_DIVIDE_FACTOR" 0 2 2552, +C4<00000000000000000000000000000001>;
P_0000000004ba97e0 .param/l "FDA_FEEDBACK" 0 2 2541, C4<0000>;
P_0000000004ba9818 .param/l "FDA_RELATIVE" 0 2 2542, C4<0000>;
P_0000000004ba9850 .param/str "FEEDBACK_PATH" 0 2 2537, "SIMPLE";
P_0000000004ba9888 .param/l "FILTER_RANGE" 0 2 2548, C4<000>;
P_0000000004ba98c0 .param/str "PLLOUT_SELECT_PORTA" 0 2 2543, "GENCLK";
P_0000000004ba98f8 .param/str "PLLOUT_SELECT_PORTB" 0 2 2544, "GENCLK";
P_0000000004ba9930 .param/l "SHIFTREG_DIV_MODE" 0 2 2540, C4<0>;
P_0000000004ba9968 .param/l "TEST_MODE" 0 2 2551, C4<0>;
o000000000660b0c8 .functor BUFZ 1, C4<z>; HiZ drive
v0000000006643ff0_0 .net "BYPASS", 0 0, o000000000660b0c8;  0 drivers
o000000000660b0f8 .functor BUFZ 8, C4<zzzzzzzz>; HiZ drive
v0000000006642ab0_0 .net "DYNAMICDELAY", 7 0, o000000000660b0f8;  0 drivers
o000000000660b128 .functor BUFZ 1, C4<z>; HiZ drive
v0000000006643e10_0 .net "EXTFEEDBACK", 0 0, o000000000660b128;  0 drivers
o000000000660b158 .functor BUFZ 1, C4<z>; HiZ drive
v0000000006642d30_0 .net "LATCHINPUTVALUE", 0 0, o000000000660b158;  0 drivers
o000000000660b188 .functor BUFZ 1, C4<z>; HiZ drive
v0000000006642650_0 .net "LOCK", 0 0, o000000000660b188;  0 drivers
o000000000660b1b8 .functor BUFZ 1, C4<z>; HiZ drive
v00000000066437d0_0 .net "PLLOUTCOREA", 0 0, o000000000660b1b8;  0 drivers
o000000000660b1e8 .functor BUFZ 1, C4<z>; HiZ drive
v0000000006644b30_0 .net "PLLOUTCOREB", 0 0, o000000000660b1e8;  0 drivers
o000000000660b218 .functor BUFZ 1, C4<z>; HiZ drive
v0000000006642a10_0 .net "PLLOUTGLOBALA", 0 0, o000000000660b218;  0 drivers
o000000000660b248 .functor BUFZ 1, C4<z>; HiZ drive
v0000000006644630_0 .net "PLLOUTGLOBALB", 0 0, o000000000660b248;  0 drivers
o000000000660b278 .functor BUFZ 1, C4<z>; HiZ drive
v0000000006643af0_0 .net "REFERENCECLK", 0 0, o000000000660b278;  0 drivers
o000000000660b2a8 .functor BUFZ 1, C4<z>; HiZ drive
v0000000006643eb0_0 .net "RESETB", 0 0, o000000000660b2a8;  0 drivers
o000000000660b2d8 .functor BUFZ 1, C4<z>; HiZ drive
v00000000066441d0_0 .net "SCLK", 0 0, o000000000660b2d8;  0 drivers
o000000000660b308 .functor BUFZ 1, C4<z>; HiZ drive
v00000000066448b0_0 .net "SDI", 0 0, o000000000660b308;  0 drivers
o000000000660b338 .functor BUFZ 1, C4<z>; HiZ drive
v0000000006642b50_0 .net "SDO", 0 0, o000000000660b338;  0 drivers
S_00000000065cb410 .scope module, "SB_PLL40_2F_PAD" "SB_PLL40_2F_PAD" 2 2556;
 .timescale -12 -12;
    .port_info 0 /INPUT 1 "PACKAGEPIN";
    .port_info 1 /OUTPUT 1 "PLLOUTCOREA";
    .port_info 2 /OUTPUT 1 "PLLOUTGLOBALA";
    .port_info 3 /OUTPUT 1 "PLLOUTCOREB";
    .port_info 4 /OUTPUT 1 "PLLOUTGLOBALB";
    .port_info 5 /INPUT 1 "EXTFEEDBACK";
    .port_info 6 /INPUT 8 "DYNAMICDELAY";
    .port_info 7 /OUTPUT 1 "LOCK";
    .port_info 8 /INPUT 1 "BYPASS";
    .port_info 9 /INPUT 1 "RESETB";
    .port_info 10 /INPUT 1 "LATCHINPUTVALUE";
    .port_info 11 /OUTPUT 1 "SDO";
    .port_info 12 /INPUT 1 "SDI";
    .port_info 13 /INPUT 1 "SCLK";
P_0000000004baca20 .param/str "DELAY_ADJUSTMENT_MODE_FEEDBACK" 0 2 2573, "FIXED";
P_0000000004baca58 .param/str "DELAY_ADJUSTMENT_MODE_RELATIVE" 0 2 2574, "FIXED";
P_0000000004baca90 .param/l "DIVF" 0 2 2581, C4<0000000>;
P_0000000004bacac8 .param/l "DIVQ" 0 2 2582, C4<000>;
P_0000000004bacb00 .param/l "DIVR" 0 2 2580, C4<0000>;
P_0000000004bacb38 .param/l "ENABLE_ICEGATE_PORTA" 0 2 2584, C4<0>;
P_0000000004bacb70 .param/l "ENABLE_ICEGATE_PORTB" 0 2 2585, C4<0>;
P_0000000004bacba8 .param/l "EXTERNAL_DIVIDE_FACTOR" 0 2 2587, +C4<00000000000000000000000000000001>;
P_0000000004bacbe0 .param/l "FDA_FEEDBACK" 0 2 2576, C4<0000>;
P_0000000004bacc18 .param/l "FDA_RELATIVE" 0 2 2577, C4<0000>;
P_0000000004bacc50 .param/str "FEEDBACK_PATH" 0 2 2572, "SIMPLE";
P_0000000004bacc88 .param/l "FILTER_RANGE" 0 2 2583, C4<000>;
P_0000000004baccc0 .param/str "PLLOUT_SELECT_PORTA" 0 2 2578, "GENCLK";
P_0000000004baccf8 .param/str "PLLOUT_SELECT_PORTB" 0 2 2579, "GENCLK";
P_0000000004bacd30 .param/l "SHIFTREG_DIV_MODE" 0 2 2575, C4<00>;
P_0000000004bacd68 .param/l "TEST_MODE" 0 2 2586, C4<0>;
o000000000660b608 .functor BUFZ 1, C4<z>; HiZ drive
v00000000066432d0_0 .net "BYPASS", 0 0, o000000000660b608;  0 drivers
o000000000660b638 .functor BUFZ 8, C4<zzzzzzzz>; HiZ drive
v0000000006644810_0 .net "DYNAMICDELAY", 7 0, o000000000660b638;  0 drivers
o000000000660b668 .functor BUFZ 1, C4<z>; HiZ drive
v0000000006644090_0 .net "EXTFEEDBACK", 0 0, o000000000660b668;  0 drivers
o000000000660b698 .functor BUFZ 1, C4<z>; HiZ drive
v00000000066423d0_0 .net "LATCHINPUTVALUE", 0 0, o000000000660b698;  0 drivers
o000000000660b6c8 .functor BUFZ 1, C4<z>; HiZ drive
v0000000006644310_0 .net "LOCK", 0 0, o000000000660b6c8;  0 drivers
o000000000660b6f8 .functor BUFZ 1, C4<z>; HiZ drive
v0000000006643410_0 .net "PACKAGEPIN", 0 0, o000000000660b6f8;  0 drivers
o000000000660b728 .functor BUFZ 1, C4<z>; HiZ drive
v00000000066434b0_0 .net "PLLOUTCOREA", 0 0, o000000000660b728;  0 drivers
o000000000660b758 .functor BUFZ 1, C4<z>; HiZ drive
v00000000066426f0_0 .net "PLLOUTCOREB", 0 0, o000000000660b758;  0 drivers
o000000000660b788 .functor BUFZ 1, C4<z>; HiZ drive
v0000000006643b90_0 .net "PLLOUTGLOBALA", 0 0, o000000000660b788;  0 drivers
o000000000660b7b8 .functor BUFZ 1, C4<z>; HiZ drive
v0000000006643cd0_0 .net "PLLOUTGLOBALB", 0 0, o000000000660b7b8;  0 drivers
o000000000660b7e8 .functor BUFZ 1, C4<z>; HiZ drive
v00000000066444f0_0 .net "RESETB", 0 0, o000000000660b7e8;  0 drivers
o000000000660b818 .functor BUFZ 1, C4<z>; HiZ drive
v0000000006642c90_0 .net "SCLK", 0 0, o000000000660b818;  0 drivers
o000000000660b848 .functor BUFZ 1, C4<z>; HiZ drive
v0000000006643550_0 .net "SDI", 0 0, o000000000660b848;  0 drivers
o000000000660b878 .functor BUFZ 1, C4<z>; HiZ drive
v00000000066443b0_0 .net "SDO", 0 0, o000000000660b878;  0 drivers
S_00000000065caf60 .scope module, "SB_PLL40_2_PAD" "SB_PLL40_2_PAD" 2 2487;
 .timescale -12 -12;
    .port_info 0 /INPUT 1 "PACKAGEPIN";
    .port_info 1 /OUTPUT 1 "PLLOUTCOREA";
    .port_info 2 /OUTPUT 1 "PLLOUTGLOBALA";
    .port_info 3 /OUTPUT 1 "PLLOUTCOREB";
    .port_info 4 /OUTPUT 1 "PLLOUTGLOBALB";
    .port_info 5 /INPUT 1 "EXTFEEDBACK";
    .port_info 6 /INPUT 8 "DYNAMICDELAY";
    .port_info 7 /OUTPUT 1 "LOCK";
    .port_info 8 /INPUT 1 "BYPASS";
    .port_info 9 /INPUT 1 "RESETB";
    .port_info 10 /INPUT 1 "LATCHINPUTVALUE";
    .port_info 11 /OUTPUT 1 "SDO";
    .port_info 12 /INPUT 1 "SDI";
    .port_info 13 /INPUT 1 "SCLK";
P_0000000004ba8140 .param/str "DELAY_ADJUSTMENT_MODE_FEEDBACK" 0 2 2504, "FIXED";
P_0000000004ba8178 .param/str "DELAY_ADJUSTMENT_MODE_RELATIVE" 0 2 2505, "FIXED";
P_0000000004ba81b0 .param/l "DIVF" 0 2 2511, C4<0000000>;
P_0000000004ba81e8 .param/l "DIVQ" 0 2 2512, C4<000>;
P_0000000004ba8220 .param/l "DIVR" 0 2 2510, C4<0000>;
P_0000000004ba8258 .param/l "ENABLE_ICEGATE_PORTA" 0 2 2514, C4<0>;
P_0000000004ba8290 .param/l "ENABLE_ICEGATE_PORTB" 0 2 2515, C4<0>;
P_0000000004ba82c8 .param/l "EXTERNAL_DIVIDE_FACTOR" 0 2 2517, +C4<00000000000000000000000000000001>;
P_0000000004ba8300 .param/l "FDA_FEEDBACK" 0 2 2507, C4<0000>;
P_0000000004ba8338 .param/l "FDA_RELATIVE" 0 2 2508, C4<0000>;
P_0000000004ba8370 .param/str "FEEDBACK_PATH" 0 2 2503, "SIMPLE";
P_0000000004ba83a8 .param/l "FILTER_RANGE" 0 2 2513, C4<000>;
P_0000000004ba83e0 .param/str "PLLOUT_SELECT_PORTB" 0 2 2509, "GENCLK";
P_0000000004ba8418 .param/l "SHIFTREG_DIV_MODE" 0 2 2506, C4<0>;
P_0000000004ba8450 .param/l "TEST_MODE" 0 2 2516, C4<0>;
o000000000660bb48 .functor BUFZ 1, C4<z>; HiZ drive
v0000000006643d70_0 .net "BYPASS", 0 0, o000000000660bb48;  0 drivers
o000000000660bb78 .functor BUFZ 8, C4<zzzzzzzz>; HiZ drive
v0000000006642790_0 .net "DYNAMICDELAY", 7 0, o000000000660bb78;  0 drivers
o000000000660bba8 .functor BUFZ 1, C4<z>; HiZ drive
v0000000006642470_0 .net "EXTFEEDBACK", 0 0, o000000000660bba8;  0 drivers
o000000000660bbd8 .functor BUFZ 1, C4<z>; HiZ drive
v0000000006642bf0_0 .net "LATCHINPUTVALUE", 0 0, o000000000660bbd8;  0 drivers
o000000000660bc08 .functor BUFZ 1, C4<z>; HiZ drive
v0000000006642dd0_0 .net "LOCK", 0 0, o000000000660bc08;  0 drivers
o000000000660bc38 .functor BUFZ 1, C4<z>; HiZ drive
v00000000066430f0_0 .net "PACKAGEPIN", 0 0, o000000000660bc38;  0 drivers
o000000000660bc68 .functor BUFZ 1, C4<z>; HiZ drive
v0000000006642e70_0 .net "PLLOUTCOREA", 0 0, o000000000660bc68;  0 drivers
o000000000660bc98 .functor BUFZ 1, C4<z>; HiZ drive
v0000000006644a90_0 .net "PLLOUTCOREB", 0 0, o000000000660bc98;  0 drivers
o000000000660bcc8 .functor BUFZ 1, C4<z>; HiZ drive
v0000000006642f10_0 .net "PLLOUTGLOBALA", 0 0, o000000000660bcc8;  0 drivers
o000000000660bcf8 .functor BUFZ 1, C4<z>; HiZ drive
v0000000006642510_0 .net "PLLOUTGLOBALB", 0 0, o000000000660bcf8;  0 drivers
o000000000660bd28 .functor BUFZ 1, C4<z>; HiZ drive
v0000000006644590_0 .net "RESETB", 0 0, o000000000660bd28;  0 drivers
o000000000660bd58 .functor BUFZ 1, C4<z>; HiZ drive
v00000000066446d0_0 .net "SCLK", 0 0, o000000000660bd58;  0 drivers
o000000000660bd88 .functor BUFZ 1, C4<z>; HiZ drive
v0000000006644950_0 .net "SDI", 0 0, o000000000660bd88;  0 drivers
o000000000660bdb8 .functor BUFZ 1, C4<z>; HiZ drive
v00000000066449f0_0 .net "SDO", 0 0, o000000000660bdb8;  0 drivers
S_00000000065cb0f0 .scope module, "SB_PLL40_CORE" "SB_PLL40_CORE" 2 2425;
 .timescale -12 -12;
    .port_info 0 /INPUT 1 "REFERENCECLK";
    .port_info 1 /OUTPUT 1 "PLLOUTCORE";
    .port_info 2 /OUTPUT 1 "PLLOUTGLOBAL";
    .port_info 3 /INPUT 1 "EXTFEEDBACK";
    .port_info 4 /INPUT 8 "DYNAMICDELAY";
    .port_info 5 /OUTPUT 1 "LOCK";
    .port_info 6 /INPUT 1 "BYPASS";
    .port_info 7 /INPUT 1 "RESETB";
    .port_info 8 /INPUT 1 "LATCHINPUTVALUE";
    .port_info 9 /OUTPUT 1 "SDO";
    .port_info 10 /INPUT 1 "SDI";
    .port_info 11 /INPUT 1 "SCLK";
P_0000000004b9d8f0 .param/str "DELAY_ADJUSTMENT_MODE_FEEDBACK" 0 2 2440, "FIXED";
P_0000000004b9d928 .param/str "DELAY_ADJUSTMENT_MODE_RELATIVE" 0 2 2441, "FIXED";
P_0000000004b9d960 .param/l "DIVF" 0 2 2447, C4<0000000>;
P_0000000004b9d998 .param/l "DIVQ" 0 2 2448, C4<000>;
P_0000000004b9d9d0 .param/l "DIVR" 0 2 2446, C4<0000>;
P_0000000004b9da08 .param/l "ENABLE_ICEGATE" 0 2 2450, C4<0>;
P_0000000004b9da40 .param/l "EXTERNAL_DIVIDE_FACTOR" 0 2 2452, +C4<00000000000000000000000000000001>;
P_0000000004b9da78 .param/l "FDA_FEEDBACK" 0 2 2443, C4<0000>;
P_0000000004b9dab0 .param/l "FDA_RELATIVE" 0 2 2444, C4<0000>;
P_0000000004b9dae8 .param/str "FEEDBACK_PATH" 0 2 2439, "SIMPLE";
P_0000000004b9db20 .param/l "FILTER_RANGE" 0 2 2449, C4<000>;
P_0000000004b9db58 .param/str "PLLOUT_SELECT" 0 2 2445, "GENCLK";
P_0000000004b9db90 .param/l "SHIFTREG_DIV_MODE" 0 2 2442, C4<0>;
P_0000000004b9dbc8 .param/l "TEST_MODE" 0 2 2451, C4<0>;
o000000000660c088 .functor BUFZ 1, C4<z>; HiZ drive
v0000000006642fb0_0 .net "BYPASS", 0 0, o000000000660c088;  0 drivers
o000000000660c0b8 .functor BUFZ 8, C4<zzzzzzzz>; HiZ drive
v0000000006643690_0 .net "DYNAMICDELAY", 7 0, o000000000660c0b8;  0 drivers
o000000000660c0e8 .functor BUFZ 1, C4<z>; HiZ drive
v00000000066425b0_0 .net "EXTFEEDBACK", 0 0, o000000000660c0e8;  0 drivers
o000000000660c118 .functor BUFZ 1, C4<z>; HiZ drive
v00000000066428d0_0 .net "LATCHINPUTVALUE", 0 0, o000000000660c118;  0 drivers
o000000000660c148 .functor BUFZ 1, C4<z>; HiZ drive
v0000000006642970_0 .net "LOCK", 0 0, o000000000660c148;  0 drivers
o000000000660c178 .functor BUFZ 1, C4<z>; HiZ drive
v0000000006643050_0 .net "PLLOUTCORE", 0 0, o000000000660c178;  0 drivers
o000000000660c1a8 .functor BUFZ 1, C4<z>; HiZ drive
v00000000066435f0_0 .net "PLLOUTGLOBAL", 0 0, o000000000660c1a8;  0 drivers
o000000000660c1d8 .functor BUFZ 1, C4<z>; HiZ drive
v0000000006643190_0 .net "REFERENCECLK", 0 0, o000000000660c1d8;  0 drivers
o000000000660c208 .functor BUFZ 1, C4<z>; HiZ drive
v0000000006643730_0 .net "RESETB", 0 0, o000000000660c208;  0 drivers
o000000000660c238 .functor BUFZ 1, C4<z>; HiZ drive
v0000000006643870_0 .net "SCLK", 0 0, o000000000660c238;  0 drivers
o000000000660c268 .functor BUFZ 1, C4<z>; HiZ drive
v0000000006643910_0 .net "SDI", 0 0, o000000000660c268;  0 drivers
o000000000660c298 .functor BUFZ 1, C4<z>; HiZ drive
v00000000066439b0_0 .net "SDO", 0 0, o000000000660c298;  0 drivers
S_00000000065cb280 .scope module, "SB_PLL40_PAD" "SB_PLL40_PAD" 2 2456;
 .timescale -12 -12;
    .port_info 0 /INPUT 1 "PACKAGEPIN";
    .port_info 1 /OUTPUT 1 "PLLOUTCORE";
    .port_info 2 /OUTPUT 1 "PLLOUTGLOBAL";
    .port_info 3 /INPUT 1 "EXTFEEDBACK";
    .port_info 4 /INPUT 8 "DYNAMICDELAY";
    .port_info 5 /OUTPUT 1 "LOCK";
    .port_info 6 /INPUT 1 "BYPASS";
    .port_info 7 /INPUT 1 "RESETB";
    .port_info 8 /INPUT 1 "LATCHINPUTVALUE";
    .port_info 9 /OUTPUT 1 "SDO";
    .port_info 10 /INPUT 1 "SDI";
    .port_info 11 /INPUT 1 "SCLK";
P_0000000004b9bc00 .param/str "DELAY_ADJUSTMENT_MODE_FEEDBACK" 0 2 2471, "FIXED";
P_0000000004b9bc38 .param/str "DELAY_ADJUSTMENT_MODE_RELATIVE" 0 2 2472, "FIXED";
P_0000000004b9bc70 .param/l "DIVF" 0 2 2478, C4<0000000>;
P_0000000004b9bca8 .param/l "DIVQ" 0 2 2479, C4<000>;
P_0000000004b9bce0 .param/l "DIVR" 0 2 2477, C4<0000>;
P_0000000004b9bd18 .param/l "ENABLE_ICEGATE" 0 2 2481, C4<0>;
P_0000000004b9bd50 .param/l "EXTERNAL_DIVIDE_FACTOR" 0 2 2483, +C4<00000000000000000000000000000001>;
P_0000000004b9bd88 .param/l "FDA_FEEDBACK" 0 2 2474, C4<0000>;
P_0000000004b9bdc0 .param/l "FDA_RELATIVE" 0 2 2475, C4<0000>;
P_0000000004b9bdf8 .param/str "FEEDBACK_PATH" 0 2 2470, "SIMPLE";
P_0000000004b9be30 .param/l "FILTER_RANGE" 0 2 2480, C4<000>;
P_0000000004b9be68 .param/str "PLLOUT_SELECT" 0 2 2476, "GENCLK";
P_0000000004b9bea0 .param/l "SHIFTREG_DIV_MODE" 0 2 2473, C4<0>;
P_0000000004b9bed8 .param/l "TEST_MODE" 0 2 2482, C4<0>;
o000000000660c508 .functor BUFZ 1, C4<z>; HiZ drive
v0000000006644db0_0 .net "BYPASS", 0 0, o000000000660c508;  0 drivers
o000000000660c538 .functor BUFZ 8, C4<zzzzzzzz>; HiZ drive
v0000000006644f90_0 .net "DYNAMICDELAY", 7 0, o000000000660c538;  0 drivers
o000000000660c568 .functor BUFZ 1, C4<z>; HiZ drive
v00000000066450d0_0 .net "EXTFEEDBACK", 0 0, o000000000660c568;  0 drivers
o000000000660c598 .functor BUFZ 1, C4<z>; HiZ drive
v0000000006645030_0 .net "LATCHINPUTVALUE", 0 0, o000000000660c598;  0 drivers
o000000000660c5c8 .functor BUFZ 1, C4<z>; HiZ drive
v00000000066452b0_0 .net "LOCK", 0 0, o000000000660c5c8;  0 drivers
o000000000660c5f8 .functor BUFZ 1, C4<z>; HiZ drive
v0000000006644ef0_0 .net "PACKAGEPIN", 0 0, o000000000660c5f8;  0 drivers
o000000000660c628 .functor BUFZ 1, C4<z>; HiZ drive
v0000000006644bd0_0 .net "PLLOUTCORE", 0 0, o000000000660c628;  0 drivers
o000000000660c658 .functor BUFZ 1, C4<z>; HiZ drive
v0000000006644c70_0 .net "PLLOUTGLOBAL", 0 0, o000000000660c658;  0 drivers
o000000000660c688 .functor BUFZ 1, C4<z>; HiZ drive
v0000000006644d10_0 .net "RESETB", 0 0, o000000000660c688;  0 drivers
o000000000660c6b8 .functor BUFZ 1, C4<z>; HiZ drive
v0000000006645170_0 .net "SCLK", 0 0, o000000000660c6b8;  0 drivers
o000000000660c6e8 .functor BUFZ 1, C4<z>; HiZ drive
v0000000006644e50_0 .net "SDI", 0 0, o000000000660c6e8;  0 drivers
o000000000660c718 .functor BUFZ 1, C4<z>; HiZ drive
v0000000006645210_0 .net "SDO", 0 0, o000000000660c718;  0 drivers
S_00000000065cb5a0 .scope module, "SB_RAM40_4KNR" "SB_RAM40_4KNR" 2 1726;
 .timescale -12 -12;
    .port_info 0 /OUTPUT 16 "RDATA";
    .port_info 1 /INPUT 1 "RCLKN";
    .port_info 2 /INPUT 1 "RCLKE";
    .port_info 3 /INPUT 1 "RE";
    .port_info 4 /INPUT 11 "RADDR";
    .port_info 5 /INPUT 1 "WCLK";
    .port_info 6 /INPUT 1 "WCLKE";
    .port_info 7 /INPUT 1 "WE";
    .port_info 8 /INPUT 11 "WADDR";
    .port_info 9 /INPUT 16 "MASK";
    .port_info 10 /INPUT 16 "WDATA";
P_0000000004b9b680 .param/l "INIT_0" 0 2 1742, C4<0000000000000000000000000000000000000000000000000000000000000000000000000000000000000000000000000000000000000000000000000000000000000000000000000000000000000000000000000000000000000000000000000000000000000000000000000000000000000000000000000000000000000000>;
P_0000000004b9b6b8 .param/l "INIT_1" 0 2 1743, C4<0000000000000000000000000000000000000000000000000000000000000000000000000000000000000000000000000000000000000000000000000000000000000000000000000000000000000000000000000000000000000000000000000000000000000000000000000000000000000000000000000000000000000000>;
P_0000000004b9b6f0 .param/l "INIT_2" 0 2 1744, C4<0000000000000000000000000000000000000000000000000000000000000000000000000000000000000000000000000000000000000000000000000000000000000000000000000000000000000000000000000000000000000000000000000000000000000000000000000000000000000000000000000000000000000000>;
P_0000000004b9b728 .param/l "INIT_3" 0 2 1745, C4<0000000000000000000000000000000000000000000000000000000000000000000000000000000000000000000000000000000000000000000000000000000000000000000000000000000000000000000000000000000000000000000000000000000000000000000000000000000000000000000000000000000000000000>;
P_0000000004b9b760 .param/l "INIT_4" 0 2 1746, C4<0000000000000000000000000000000000000000000000000000000000000000000000000000000000000000000000000000000000000000000000000000000000000000000000000000000000000000000000000000000000000000000000000000000000000000000000000000000000000000000000000000000000000000>;
P_0000000004b9b798 .param/l "INIT_5" 0 2 1747, C4<0000000000000000000000000000000000000000000000000000000000000000000000000000000000000000000000000000000000000000000000000000000000000000000000000000000000000000000000000000000000000000000000000000000000000000000000000000000000000000000000000000000000000000>;
P_0000000004b9b7d0 .param/l "INIT_6" 0 2 1748, C4<0000000000000000000000000000000000000000000000000000000000000000000000000000000000000000000000000000000000000000000000000000000000000000000000000000000000000000000000000000000000000000000000000000000000000000000000000000000000000000000000000000000000000000>;
P_0000000004b9b808 .param/l "INIT_7" 0 2 1749, C4<0000000000000000000000000000000000000000000000000000000000000000000000000000000000000000000000000000000000000000000000000000000000000000000000000000000000000000000000000000000000000000000000000000000000000000000000000000000000000000000000000000000000000000>;
P_0000000004b9b840 .param/l "INIT_8" 0 2 1750, C4<0000000000000000000000000000000000000000000000000000000000000000000000000000000000000000000000000000000000000000000000000000000000000000000000000000000000000000000000000000000000000000000000000000000000000000000000000000000000000000000000000000000000000000>;
P_0000000004b9b878 .param/l "INIT_9" 0 2 1751, C4<0000000000000000000000000000000000000000000000000000000000000000000000000000000000000000000000000000000000000000000000000000000000000000000000000000000000000000000000000000000000000000000000000000000000000000000000000000000000000000000000000000000000000000>;
P_0000000004b9b8b0 .param/l "INIT_A" 0 2 1752, C4<0000000000000000000000000000000000000000000000000000000000000000000000000000000000000000000000000000000000000000000000000000000000000000000000000000000000000000000000000000000000000000000000000000000000000000000000000000000000000000000000000000000000000000>;
P_0000000004b9b8e8 .param/l "INIT_B" 0 2 1753, C4<0000000000000000000000000000000000000000000000000000000000000000000000000000000000000000000000000000000000000000000000000000000000000000000000000000000000000000000000000000000000000000000000000000000000000000000000000000000000000000000000000000000000000000>;
P_0000000004b9b920 .param/l "INIT_C" 0 2 1754, C4<0000000000000000000000000000000000000000000000000000000000000000000000000000000000000000000000000000000000000000000000000000000000000000000000000000000000000000000000000000000000000000000000000000000000000000000000000000000000000000000000000000000000000000>;
P_0000000004b9b958 .param/l "INIT_D" 0 2 1755, C4<0000000000000000000000000000000000000000000000000000000000000000000000000000000000000000000000000000000000000000000000000000000000000000000000000000000000000000000000000000000000000000000000000000000000000000000000000000000000000000000000000000000000000000>;
P_0000000004b9b990 .param/l "INIT_E" 0 2 1756, C4<0000000000000000000000000000000000000000000000000000000000000000000000000000000000000000000000000000000000000000000000000000000000000000000000000000000000000000000000000000000000000000000000000000000000000000000000000000000000000000000000000000000000000000>;
P_0000000004b9b9c8 .param/l "INIT_F" 0 2 1757, C4<0000000000000000000000000000000000000000000000000000000000000000000000000000000000000000000000000000000000000000000000000000000000000000000000000000000000000000000000000000000000000000000000000000000000000000000000000000000000000000000000000000000000000000>;
P_0000000004b9ba00 .param/str "INIT_FILE" 0 2 1759, "\000";
P_0000000004b9ba38 .param/l "READ_MODE" 0 2 1740, +C4<00000000000000000000000000000000>;
P_0000000004b9ba70 .param/l "WRITE_MODE" 0 2 1739, +C4<00000000000000000000000000000000>;
o000000000660ce98 .functor BUFZ 1, C4<z>; HiZ drive
L_0000000006561b80 .functor NOT 1, o000000000660ce98, C4<0>, C4<0>, C4<0>;
o000000000660c988 .functor BUFZ 16, C4<zzzzzzzzzzzzzzzz>; HiZ drive
v000000000663f630_0 .net "MASK", 15 0, o000000000660c988;  0 drivers
o000000000660c9b8 .functor BUFZ 11, C4<zzzzzzzzzzz>; HiZ drive
v000000000663f1d0_0 .net "RADDR", 10 0, o000000000660c9b8;  0 drivers
o000000000660ca18 .functor BUFZ 1, C4<z>; HiZ drive
v000000000663e730_0 .net "RCLKE", 0 0, o000000000660ca18;  0 drivers
v000000000663ddd0_0 .net "RCLKN", 0 0, o000000000660ce98;  0 drivers
v000000000663f270_0 .net "RDATA", 15 0, L_0000000006561410;  1 drivers
o000000000660caa8 .functor BUFZ 1, C4<z>; HiZ drive
v000000000663df10_0 .net "RE", 0 0, o000000000660caa8;  0 drivers
o000000000660cb08 .functor BUFZ 11, C4<zzzzzzzzzzz>; HiZ drive
v000000000663e230_0 .net "WADDR", 10 0, o000000000660cb08;  0 drivers
o000000000660cb38 .functor BUFZ 1, C4<z>; HiZ drive
v000000000663fb30_0 .net "WCLK", 0 0, o000000000660cb38;  0 drivers
o000000000660cb68 .functor BUFZ 1, C4<z>; HiZ drive
v000000000663ef50_0 .net "WCLKE", 0 0, o000000000660cb68;  0 drivers
o000000000660cb98 .functor BUFZ 16, C4<zzzzzzzzzzzzzzzz>; HiZ drive
v000000000663ec30_0 .net "WDATA", 15 0, o000000000660cb98;  0 drivers
o000000000660cbf8 .functor BUFZ 1, C4<z>; HiZ drive
v000000000663d650_0 .net "WE", 0 0, o000000000660cbf8;  0 drivers
S_00000000065cf430 .scope module, "RAM" "SB_RAM40_4K" 2 1781, 2 1487 0, S_00000000065cb5a0;
 .timescale -12 -12;
    .port_info 0 /OUTPUT 16 "RDATA";
    .port_info 1 /INPUT 1 "RCLK";
    .port_info 2 /INPUT 1 "RCLKE";
    .port_info 3 /INPUT 1 "RE";
    .port_info 4 /INPUT 11 "RADDR";
    .port_info 5 /INPUT 1 "WCLK";
    .port_info 6 /INPUT 1 "WCLKE";
    .port_info 7 /INPUT 1 "WE";
    .port_info 8 /INPUT 11 "WADDR";
    .port_info 9 /INPUT 16 "MASK";
    .port_info 10 /INPUT 16 "WDATA";
P_00000000065fdc70 .param/l "INIT_0" 0 2 1507, C4<0000000000000000000000000000000000000000000000000000000000000000000000000000000000000000000000000000000000000000000000000000000000000000000000000000000000000000000000000000000000000000000000000000000000000000000000000000000000000000000000000000000000000000>;
P_00000000065fdca8 .param/l "INIT_1" 0 2 1508, C4<0000000000000000000000000000000000000000000000000000000000000000000000000000000000000000000000000000000000000000000000000000000000000000000000000000000000000000000000000000000000000000000000000000000000000000000000000000000000000000000000000000000000000000>;
P_00000000065fdce0 .param/l "INIT_2" 0 2 1509, C4<0000000000000000000000000000000000000000000000000000000000000000000000000000000000000000000000000000000000000000000000000000000000000000000000000000000000000000000000000000000000000000000000000000000000000000000000000000000000000000000000000000000000000000>;
P_00000000065fdd18 .param/l "INIT_3" 0 2 1510, C4<0000000000000000000000000000000000000000000000000000000000000000000000000000000000000000000000000000000000000000000000000000000000000000000000000000000000000000000000000000000000000000000000000000000000000000000000000000000000000000000000000000000000000000>;
P_00000000065fdd50 .param/l "INIT_4" 0 2 1511, C4<0000000000000000000000000000000000000000000000000000000000000000000000000000000000000000000000000000000000000000000000000000000000000000000000000000000000000000000000000000000000000000000000000000000000000000000000000000000000000000000000000000000000000000>;
P_00000000065fdd88 .param/l "INIT_5" 0 2 1512, C4<0000000000000000000000000000000000000000000000000000000000000000000000000000000000000000000000000000000000000000000000000000000000000000000000000000000000000000000000000000000000000000000000000000000000000000000000000000000000000000000000000000000000000000>;
P_00000000065fddc0 .param/l "INIT_6" 0 2 1513, C4<0000000000000000000000000000000000000000000000000000000000000000000000000000000000000000000000000000000000000000000000000000000000000000000000000000000000000000000000000000000000000000000000000000000000000000000000000000000000000000000000000000000000000000>;
P_00000000065fddf8 .param/l "INIT_7" 0 2 1514, C4<0000000000000000000000000000000000000000000000000000000000000000000000000000000000000000000000000000000000000000000000000000000000000000000000000000000000000000000000000000000000000000000000000000000000000000000000000000000000000000000000000000000000000000>;
P_00000000065fde30 .param/l "INIT_8" 0 2 1515, C4<0000000000000000000000000000000000000000000000000000000000000000000000000000000000000000000000000000000000000000000000000000000000000000000000000000000000000000000000000000000000000000000000000000000000000000000000000000000000000000000000000000000000000000>;
P_00000000065fde68 .param/l "INIT_9" 0 2 1516, C4<0000000000000000000000000000000000000000000000000000000000000000000000000000000000000000000000000000000000000000000000000000000000000000000000000000000000000000000000000000000000000000000000000000000000000000000000000000000000000000000000000000000000000000>;
P_00000000065fdea0 .param/l "INIT_A" 0 2 1517, C4<0000000000000000000000000000000000000000000000000000000000000000000000000000000000000000000000000000000000000000000000000000000000000000000000000000000000000000000000000000000000000000000000000000000000000000000000000000000000000000000000000000000000000000>;
P_00000000065fded8 .param/l "INIT_B" 0 2 1518, C4<0000000000000000000000000000000000000000000000000000000000000000000000000000000000000000000000000000000000000000000000000000000000000000000000000000000000000000000000000000000000000000000000000000000000000000000000000000000000000000000000000000000000000000>;
P_00000000065fdf10 .param/l "INIT_C" 0 2 1519, C4<0000000000000000000000000000000000000000000000000000000000000000000000000000000000000000000000000000000000000000000000000000000000000000000000000000000000000000000000000000000000000000000000000000000000000000000000000000000000000000000000000000000000000000>;
P_00000000065fdf48 .param/l "INIT_D" 0 2 1520, C4<0000000000000000000000000000000000000000000000000000000000000000000000000000000000000000000000000000000000000000000000000000000000000000000000000000000000000000000000000000000000000000000000000000000000000000000000000000000000000000000000000000000000000000>;
P_00000000065fdf80 .param/l "INIT_E" 0 2 1521, C4<0000000000000000000000000000000000000000000000000000000000000000000000000000000000000000000000000000000000000000000000000000000000000000000000000000000000000000000000000000000000000000000000000000000000000000000000000000000000000000000000000000000000000000>;
P_00000000065fdfb8 .param/l "INIT_F" 0 2 1522, C4<0000000000000000000000000000000000000000000000000000000000000000000000000000000000000000000000000000000000000000000000000000000000000000000000000000000000000000000000000000000000000000000000000000000000000000000000000000000000000000000000000000000000000000>;
P_00000000065fdff0 .param/str "INIT_FILE" 0 2 1524, "\000";
P_00000000065fe028 .param/l "READ_MODE" 0 2 1505, +C4<00000000000000000000000000000000>;
P_00000000065fe060 .param/l "WRITE_MODE" 0 2 1504, +C4<00000000000000000000000000000000>;
v000000000663f770_0 .net "MASK", 15 0, o000000000660c988;  alias, 0 drivers
v000000000663f4f0_0 .net "RADDR", 10 0, o000000000660c9b8;  alias, 0 drivers
v000000000663db50_0 .net "RCLK", 0 0, L_0000000006561b80;  1 drivers
v000000000663d3d0_0 .net "RCLKE", 0 0, o000000000660ca18;  alias, 0 drivers
v000000000663e0f0_0 .net "RDATA", 15 0, L_0000000006561410;  alias, 1 drivers
v000000000663d790_0 .var "RDATA_I", 15 0;
v000000000663d8d0_0 .net "RE", 0 0, o000000000660caa8;  alias, 0 drivers
L_0000000006660310 .functor BUFT 1, C4<0000000000000000>, C4<0>, C4<0>, C4<0>;
v000000000663e050_0 .net "RMASK_I", 15 0, L_0000000006660310;  1 drivers
v000000000663dc90_0 .net "WADDR", 10 0, o000000000660cb08;  alias, 0 drivers
v000000000663f3b0_0 .net "WCLK", 0 0, o000000000660cb38;  alias, 0 drivers
v000000000663eb90_0 .net "WCLKE", 0 0, o000000000660cb68;  alias, 0 drivers
v000000000663dbf0_0 .net "WDATA", 15 0, o000000000660cb98;  alias, 0 drivers
v000000000663ecd0_0 .net "WDATA_I", 15 0, L_00000000065ada70;  1 drivers
v000000000663e870_0 .net "WE", 0 0, o000000000660cbf8;  alias, 0 drivers
v000000000663f090_0 .net "WMASK_I", 15 0, L_00000000065ad920;  1 drivers
v000000000663dd30_0 .var/i "i", 31 0;
v000000000663f9f0 .array "memory", 255 0, 15 0;
E_00000000065b8f50 .event posedge, v000000000663db50_0;
E_00000000065b9850 .event posedge, v000000000663f3b0_0;
S_0000000006653590 .scope generate, "genblk1" "genblk1" 2 1534, 2 1534 0, S_00000000065cf430;
 .timescale -12 -12;
L_00000000065ad920 .functor BUFZ 16, o000000000660c988, C4<0000000000000000>, C4<0000000000000000>, C4<0000000000000000>;
S_00000000066538b0 .scope generate, "genblk2" "genblk2" 2 1555, 2 1555 0, S_00000000065cf430;
 .timescale -12 -12;
S_00000000066551b0 .scope generate, "genblk3" "genblk3" 2 1576, 2 1576 0, S_00000000065cf430;
 .timescale -12 -12;
L_00000000065ada70 .functor BUFZ 16, o000000000660cb98, C4<0000000000000000>, C4<0000000000000000>, C4<0000000000000000>;
S_0000000006654080 .scope generate, "genblk4" "genblk4" 2 1595, 2 1595 0, S_00000000065cf430;
 .timescale -12 -12;
L_0000000006561410 .functor BUFZ 16, v000000000663d790_0, C4<0000000000000000>, C4<0000000000000000>, C4<0000000000000000>;
S_00000000065c9ca0 .scope module, "SB_RAM40_4KNRNW" "SB_RAM40_4KNRNW" 2 1998;
 .timescale -12 -12;
    .port_info 0 /OUTPUT 16 "RDATA";
    .port_info 1 /INPUT 1 "RCLKN";
    .port_info 2 /INPUT 1 "RCLKE";
    .port_info 3 /INPUT 1 "RE";
    .port_info 4 /INPUT 11 "RADDR";
    .port_info 5 /INPUT 1 "WCLKN";
    .port_info 6 /INPUT 1 "WCLKE";
    .port_info 7 /INPUT 1 "WE";
    .port_info 8 /INPUT 11 "WADDR";
    .port_info 9 /INPUT 16 "MASK";
    .port_info 10 /INPUT 16 "WDATA";
P_0000000004b52d20 .param/l "INIT_0" 0 2 2014, C4<0000000000000000000000000000000000000000000000000000000000000000000000000000000000000000000000000000000000000000000000000000000000000000000000000000000000000000000000000000000000000000000000000000000000000000000000000000000000000000000000000000000000000000>;
P_0000000004b52d58 .param/l "INIT_1" 0 2 2015, C4<0000000000000000000000000000000000000000000000000000000000000000000000000000000000000000000000000000000000000000000000000000000000000000000000000000000000000000000000000000000000000000000000000000000000000000000000000000000000000000000000000000000000000000>;
P_0000000004b52d90 .param/l "INIT_2" 0 2 2016, C4<0000000000000000000000000000000000000000000000000000000000000000000000000000000000000000000000000000000000000000000000000000000000000000000000000000000000000000000000000000000000000000000000000000000000000000000000000000000000000000000000000000000000000000>;
P_0000000004b52dc8 .param/l "INIT_3" 0 2 2017, C4<0000000000000000000000000000000000000000000000000000000000000000000000000000000000000000000000000000000000000000000000000000000000000000000000000000000000000000000000000000000000000000000000000000000000000000000000000000000000000000000000000000000000000000>;
P_0000000004b52e00 .param/l "INIT_4" 0 2 2018, C4<0000000000000000000000000000000000000000000000000000000000000000000000000000000000000000000000000000000000000000000000000000000000000000000000000000000000000000000000000000000000000000000000000000000000000000000000000000000000000000000000000000000000000000>;
P_0000000004b52e38 .param/l "INIT_5" 0 2 2019, C4<0000000000000000000000000000000000000000000000000000000000000000000000000000000000000000000000000000000000000000000000000000000000000000000000000000000000000000000000000000000000000000000000000000000000000000000000000000000000000000000000000000000000000000>;
P_0000000004b52e70 .param/l "INIT_6" 0 2 2020, C4<0000000000000000000000000000000000000000000000000000000000000000000000000000000000000000000000000000000000000000000000000000000000000000000000000000000000000000000000000000000000000000000000000000000000000000000000000000000000000000000000000000000000000000>;
P_0000000004b52ea8 .param/l "INIT_7" 0 2 2021, C4<0000000000000000000000000000000000000000000000000000000000000000000000000000000000000000000000000000000000000000000000000000000000000000000000000000000000000000000000000000000000000000000000000000000000000000000000000000000000000000000000000000000000000000>;
P_0000000004b52ee0 .param/l "INIT_8" 0 2 2022, C4<0000000000000000000000000000000000000000000000000000000000000000000000000000000000000000000000000000000000000000000000000000000000000000000000000000000000000000000000000000000000000000000000000000000000000000000000000000000000000000000000000000000000000000>;
P_0000000004b52f18 .param/l "INIT_9" 0 2 2023, C4<0000000000000000000000000000000000000000000000000000000000000000000000000000000000000000000000000000000000000000000000000000000000000000000000000000000000000000000000000000000000000000000000000000000000000000000000000000000000000000000000000000000000000000>;
P_0000000004b52f50 .param/l "INIT_A" 0 2 2024, C4<0000000000000000000000000000000000000000000000000000000000000000000000000000000000000000000000000000000000000000000000000000000000000000000000000000000000000000000000000000000000000000000000000000000000000000000000000000000000000000000000000000000000000000>;
P_0000000004b52f88 .param/l "INIT_B" 0 2 2025, C4<0000000000000000000000000000000000000000000000000000000000000000000000000000000000000000000000000000000000000000000000000000000000000000000000000000000000000000000000000000000000000000000000000000000000000000000000000000000000000000000000000000000000000000>;
P_0000000004b52fc0 .param/l "INIT_C" 0 2 2026, C4<0000000000000000000000000000000000000000000000000000000000000000000000000000000000000000000000000000000000000000000000000000000000000000000000000000000000000000000000000000000000000000000000000000000000000000000000000000000000000000000000000000000000000000>;
P_0000000004b52ff8 .param/l "INIT_D" 0 2 2027, C4<0000000000000000000000000000000000000000000000000000000000000000000000000000000000000000000000000000000000000000000000000000000000000000000000000000000000000000000000000000000000000000000000000000000000000000000000000000000000000000000000000000000000000000>;
P_0000000004b53030 .param/l "INIT_E" 0 2 2028, C4<0000000000000000000000000000000000000000000000000000000000000000000000000000000000000000000000000000000000000000000000000000000000000000000000000000000000000000000000000000000000000000000000000000000000000000000000000000000000000000000000000000000000000000>;
P_0000000004b53068 .param/l "INIT_F" 0 2 2029, C4<0000000000000000000000000000000000000000000000000000000000000000000000000000000000000000000000000000000000000000000000000000000000000000000000000000000000000000000000000000000000000000000000000000000000000000000000000000000000000000000000000000000000000000>;
P_0000000004b530a0 .param/str "INIT_FILE" 0 2 2031, "\000";
P_0000000004b530d8 .param/l "READ_MODE" 0 2 2012, +C4<00000000000000000000000000000000>;
P_0000000004b53110 .param/l "WRITE_MODE" 0 2 2011, +C4<00000000000000000000000000000000>;
o000000000660d5e8 .functor BUFZ 1, C4<z>; HiZ drive
L_0000000006562ad0 .functor NOT 1, o000000000660d5e8, C4<0>, C4<0>, C4<0>;
o000000000660d618 .functor BUFZ 1, C4<z>; HiZ drive
L_0000000006562b40 .functor NOT 1, o000000000660d618, C4<0>, C4<0>, C4<0>;
o000000000660d0d8 .functor BUFZ 16, C4<zzzzzzzzzzzzzzzz>; HiZ drive
v000000000663ea50_0 .net "MASK", 15 0, o000000000660d0d8;  0 drivers
o000000000660d108 .functor BUFZ 11, C4<zzzzzzzzzzz>; HiZ drive
v000000000663f8b0_0 .net "RADDR", 10 0, o000000000660d108;  0 drivers
o000000000660d168 .functor BUFZ 1, C4<z>; HiZ drive
v000000000663e370_0 .net "RCLKE", 0 0, o000000000660d168;  0 drivers
v000000000663e4b0_0 .net "RCLKN", 0 0, o000000000660d5e8;  0 drivers
v000000000663eaf0_0 .net "RDATA", 15 0, L_0000000006561f00;  1 drivers
o000000000660d1f8 .functor BUFZ 1, C4<z>; HiZ drive
v000000000663da10_0 .net "RE", 0 0, o000000000660d1f8;  0 drivers
o000000000660d258 .functor BUFZ 11, C4<zzzzzzzzzzz>; HiZ drive
v000000000663f950_0 .net "WADDR", 10 0, o000000000660d258;  0 drivers
o000000000660d2b8 .functor BUFZ 1, C4<z>; HiZ drive
v000000000663ed70_0 .net "WCLKE", 0 0, o000000000660d2b8;  0 drivers
v000000000663ee10_0 .net "WCLKN", 0 0, o000000000660d618;  0 drivers
o000000000660d2e8 .functor BUFZ 16, C4<zzzzzzzzzzzzzzzz>; HiZ drive
v000000000663d510_0 .net "WDATA", 15 0, o000000000660d2e8;  0 drivers
o000000000660d348 .functor BUFZ 1, C4<z>; HiZ drive
v000000000663e550_0 .net "WE", 0 0, o000000000660d348;  0 drivers
S_0000000006653bd0 .scope module, "RAM" "SB_RAM40_4K" 2 2053, 2 1487 0, S_00000000065c9ca0;
 .timescale -12 -12;
    .port_info 0 /OUTPUT 16 "RDATA";
    .port_info 1 /INPUT 1 "RCLK";
    .port_info 2 /INPUT 1 "RCLKE";
    .port_info 3 /INPUT 1 "RE";
    .port_info 4 /INPUT 11 "RADDR";
    .port_info 5 /INPUT 1 "WCLK";
    .port_info 6 /INPUT 1 "WCLKE";
    .port_info 7 /INPUT 1 "WE";
    .port_info 8 /INPUT 11 "WADDR";
    .port_info 9 /INPUT 16 "MASK";
    .port_info 10 /INPUT 16 "WDATA";
P_00000000066553c0 .param/l "INIT_0" 0 2 1507, C4<0000000000000000000000000000000000000000000000000000000000000000000000000000000000000000000000000000000000000000000000000000000000000000000000000000000000000000000000000000000000000000000000000000000000000000000000000000000000000000000000000000000000000000>;
P_00000000066553f8 .param/l "INIT_1" 0 2 1508, C4<0000000000000000000000000000000000000000000000000000000000000000000000000000000000000000000000000000000000000000000000000000000000000000000000000000000000000000000000000000000000000000000000000000000000000000000000000000000000000000000000000000000000000000>;
P_0000000006655430 .param/l "INIT_2" 0 2 1509, C4<0000000000000000000000000000000000000000000000000000000000000000000000000000000000000000000000000000000000000000000000000000000000000000000000000000000000000000000000000000000000000000000000000000000000000000000000000000000000000000000000000000000000000000>;
P_0000000006655468 .param/l "INIT_3" 0 2 1510, C4<0000000000000000000000000000000000000000000000000000000000000000000000000000000000000000000000000000000000000000000000000000000000000000000000000000000000000000000000000000000000000000000000000000000000000000000000000000000000000000000000000000000000000000>;
P_00000000066554a0 .param/l "INIT_4" 0 2 1511, C4<0000000000000000000000000000000000000000000000000000000000000000000000000000000000000000000000000000000000000000000000000000000000000000000000000000000000000000000000000000000000000000000000000000000000000000000000000000000000000000000000000000000000000000>;
P_00000000066554d8 .param/l "INIT_5" 0 2 1512, C4<0000000000000000000000000000000000000000000000000000000000000000000000000000000000000000000000000000000000000000000000000000000000000000000000000000000000000000000000000000000000000000000000000000000000000000000000000000000000000000000000000000000000000000>;
P_0000000006655510 .param/l "INIT_6" 0 2 1513, C4<0000000000000000000000000000000000000000000000000000000000000000000000000000000000000000000000000000000000000000000000000000000000000000000000000000000000000000000000000000000000000000000000000000000000000000000000000000000000000000000000000000000000000000>;
P_0000000006655548 .param/l "INIT_7" 0 2 1514, C4<0000000000000000000000000000000000000000000000000000000000000000000000000000000000000000000000000000000000000000000000000000000000000000000000000000000000000000000000000000000000000000000000000000000000000000000000000000000000000000000000000000000000000000>;
P_0000000006655580 .param/l "INIT_8" 0 2 1515, C4<0000000000000000000000000000000000000000000000000000000000000000000000000000000000000000000000000000000000000000000000000000000000000000000000000000000000000000000000000000000000000000000000000000000000000000000000000000000000000000000000000000000000000000>;
P_00000000066555b8 .param/l "INIT_9" 0 2 1516, C4<0000000000000000000000000000000000000000000000000000000000000000000000000000000000000000000000000000000000000000000000000000000000000000000000000000000000000000000000000000000000000000000000000000000000000000000000000000000000000000000000000000000000000000>;
P_00000000066555f0 .param/l "INIT_A" 0 2 1517, C4<0000000000000000000000000000000000000000000000000000000000000000000000000000000000000000000000000000000000000000000000000000000000000000000000000000000000000000000000000000000000000000000000000000000000000000000000000000000000000000000000000000000000000000>;
P_0000000006655628 .param/l "INIT_B" 0 2 1518, C4<0000000000000000000000000000000000000000000000000000000000000000000000000000000000000000000000000000000000000000000000000000000000000000000000000000000000000000000000000000000000000000000000000000000000000000000000000000000000000000000000000000000000000000>;
P_0000000006655660 .param/l "INIT_C" 0 2 1519, C4<0000000000000000000000000000000000000000000000000000000000000000000000000000000000000000000000000000000000000000000000000000000000000000000000000000000000000000000000000000000000000000000000000000000000000000000000000000000000000000000000000000000000000000>;
P_0000000006655698 .param/l "INIT_D" 0 2 1520, C4<0000000000000000000000000000000000000000000000000000000000000000000000000000000000000000000000000000000000000000000000000000000000000000000000000000000000000000000000000000000000000000000000000000000000000000000000000000000000000000000000000000000000000000>;
P_00000000066556d0 .param/l "INIT_E" 0 2 1521, C4<0000000000000000000000000000000000000000000000000000000000000000000000000000000000000000000000000000000000000000000000000000000000000000000000000000000000000000000000000000000000000000000000000000000000000000000000000000000000000000000000000000000000000000>;
P_0000000006655708 .param/l "INIT_F" 0 2 1522, C4<0000000000000000000000000000000000000000000000000000000000000000000000000000000000000000000000000000000000000000000000000000000000000000000000000000000000000000000000000000000000000000000000000000000000000000000000000000000000000000000000000000000000000000>;
P_0000000006655740 .param/str "INIT_FILE" 0 2 1524, "\000";
P_0000000006655778 .param/l "READ_MODE" 0 2 1505, +C4<00000000000000000000000000000000>;
P_00000000066557b0 .param/l "WRITE_MODE" 0 2 1504, +C4<00000000000000000000000000000000>;
v000000000663e7d0_0 .net "MASK", 15 0, o000000000660d0d8;  alias, 0 drivers
v000000000663e410_0 .net "RADDR", 10 0, o000000000660d108;  alias, 0 drivers
v000000000663e910_0 .net "RCLK", 0 0, L_0000000006562ad0;  1 drivers
v000000000663f6d0_0 .net "RCLKE", 0 0, o000000000660d168;  alias, 0 drivers
v000000000663d6f0_0 .net "RDATA", 15 0, L_0000000006561f00;  alias, 1 drivers
v000000000663f810_0 .var "RDATA_I", 15 0;
v000000000663f130_0 .net "RE", 0 0, o000000000660d1f8;  alias, 0 drivers
L_0000000006660358 .functor BUFT 1, C4<0000000000000000>, C4<0>, C4<0>, C4<0>;
v000000000663d970_0 .net "RMASK_I", 15 0, L_0000000006660358;  1 drivers
v000000000663de70_0 .net "WADDR", 10 0, o000000000660d258;  alias, 0 drivers
v000000000663f310_0 .net "WCLK", 0 0, L_0000000006562b40;  1 drivers
v000000000663f450_0 .net "WCLKE", 0 0, o000000000660d2b8;  alias, 0 drivers
v000000000663e9b0_0 .net "WDATA", 15 0, o000000000660d2e8;  alias, 0 drivers
v000000000663dfb0_0 .net "WDATA_I", 15 0, L_0000000006561870;  1 drivers
v000000000663e190_0 .net "WE", 0 0, o000000000660d348;  alias, 0 drivers
v000000000663e5f0_0 .net "WMASK_I", 15 0, L_00000000065615d0;  1 drivers
v000000000663e2d0_0 .var/i "i", 31 0;
v000000000663f590 .array "memory", 255 0, 15 0;
E_00000000065b9690 .event posedge, v000000000663e910_0;
E_00000000065b9450 .event posedge, v000000000663f310_0;
S_0000000006653400 .scope generate, "genblk1" "genblk1" 2 1534, 2 1534 0, S_0000000006653bd0;
 .timescale -12 -12;
L_00000000065615d0 .functor BUFZ 16, o000000000660d0d8, C4<0000000000000000>, C4<0000000000000000>, C4<0000000000000000>;
S_0000000006654d00 .scope generate, "genblk2" "genblk2" 2 1555, 2 1555 0, S_0000000006653bd0;
 .timescale -12 -12;
S_0000000006654e90 .scope generate, "genblk3" "genblk3" 2 1576, 2 1576 0, S_0000000006653bd0;
 .timescale -12 -12;
L_0000000006561870 .functor BUFZ 16, o000000000660d2e8, C4<0000000000000000>, C4<0000000000000000>, C4<0000000000000000>;
S_0000000006653a40 .scope generate, "genblk4" "genblk4" 2 1595, 2 1595 0, S_0000000006653bd0;
 .timescale -12 -12;
L_0000000006561f00 .functor BUFZ 16, v000000000663f810_0, C4<0000000000000000>, C4<0000000000000000>, C4<0000000000000000>;
S_00000000065cf750 .scope module, "SB_RAM40_4KNW" "SB_RAM40_4KNW" 2 1862;
 .timescale -12 -12;
    .port_info 0 /OUTPUT 16 "RDATA";
    .port_info 1 /INPUT 1 "RCLK";
    .port_info 2 /INPUT 1 "RCLKE";
    .port_info 3 /INPUT 1 "RE";
    .port_info 4 /INPUT 11 "RADDR";
    .port_info 5 /INPUT 1 "WCLKN";
    .port_info 6 /INPUT 1 "WCLKE";
    .port_info 7 /INPUT 1 "WE";
    .port_info 8 /INPUT 11 "WADDR";
    .port_info 9 /INPUT 16 "MASK";
    .port_info 10 /INPUT 16 "WDATA";
P_00000000065cfaf0 .param/l "INIT_0" 0 2 1878, C4<0000000000000000000000000000000000000000000000000000000000000000000000000000000000000000000000000000000000000000000000000000000000000000000000000000000000000000000000000000000000000000000000000000000000000000000000000000000000000000000000000000000000000000>;
P_00000000065cfb28 .param/l "INIT_1" 0 2 1879, C4<0000000000000000000000000000000000000000000000000000000000000000000000000000000000000000000000000000000000000000000000000000000000000000000000000000000000000000000000000000000000000000000000000000000000000000000000000000000000000000000000000000000000000000>;
P_00000000065cfb60 .param/l "INIT_2" 0 2 1880, C4<0000000000000000000000000000000000000000000000000000000000000000000000000000000000000000000000000000000000000000000000000000000000000000000000000000000000000000000000000000000000000000000000000000000000000000000000000000000000000000000000000000000000000000>;
P_00000000065cfb98 .param/l "INIT_3" 0 2 1881, C4<0000000000000000000000000000000000000000000000000000000000000000000000000000000000000000000000000000000000000000000000000000000000000000000000000000000000000000000000000000000000000000000000000000000000000000000000000000000000000000000000000000000000000000>;
P_00000000065cfbd0 .param/l "INIT_4" 0 2 1882, C4<0000000000000000000000000000000000000000000000000000000000000000000000000000000000000000000000000000000000000000000000000000000000000000000000000000000000000000000000000000000000000000000000000000000000000000000000000000000000000000000000000000000000000000>;
P_00000000065cfc08 .param/l "INIT_5" 0 2 1883, C4<0000000000000000000000000000000000000000000000000000000000000000000000000000000000000000000000000000000000000000000000000000000000000000000000000000000000000000000000000000000000000000000000000000000000000000000000000000000000000000000000000000000000000000>;
P_00000000065cfc40 .param/l "INIT_6" 0 2 1884, C4<0000000000000000000000000000000000000000000000000000000000000000000000000000000000000000000000000000000000000000000000000000000000000000000000000000000000000000000000000000000000000000000000000000000000000000000000000000000000000000000000000000000000000000>;
P_00000000065cfc78 .param/l "INIT_7" 0 2 1885, C4<0000000000000000000000000000000000000000000000000000000000000000000000000000000000000000000000000000000000000000000000000000000000000000000000000000000000000000000000000000000000000000000000000000000000000000000000000000000000000000000000000000000000000000>;
P_00000000065cfcb0 .param/l "INIT_8" 0 2 1886, C4<0000000000000000000000000000000000000000000000000000000000000000000000000000000000000000000000000000000000000000000000000000000000000000000000000000000000000000000000000000000000000000000000000000000000000000000000000000000000000000000000000000000000000000>;
P_00000000065cfce8 .param/l "INIT_9" 0 2 1887, C4<0000000000000000000000000000000000000000000000000000000000000000000000000000000000000000000000000000000000000000000000000000000000000000000000000000000000000000000000000000000000000000000000000000000000000000000000000000000000000000000000000000000000000000>;
P_00000000065cfd20 .param/l "INIT_A" 0 2 1888, C4<0000000000000000000000000000000000000000000000000000000000000000000000000000000000000000000000000000000000000000000000000000000000000000000000000000000000000000000000000000000000000000000000000000000000000000000000000000000000000000000000000000000000000000>;
P_00000000065cfd58 .param/l "INIT_B" 0 2 1889, C4<0000000000000000000000000000000000000000000000000000000000000000000000000000000000000000000000000000000000000000000000000000000000000000000000000000000000000000000000000000000000000000000000000000000000000000000000000000000000000000000000000000000000000000>;
P_00000000065cfd90 .param/l "INIT_C" 0 2 1890, C4<0000000000000000000000000000000000000000000000000000000000000000000000000000000000000000000000000000000000000000000000000000000000000000000000000000000000000000000000000000000000000000000000000000000000000000000000000000000000000000000000000000000000000000>;
P_00000000065cfdc8 .param/l "INIT_D" 0 2 1891, C4<0000000000000000000000000000000000000000000000000000000000000000000000000000000000000000000000000000000000000000000000000000000000000000000000000000000000000000000000000000000000000000000000000000000000000000000000000000000000000000000000000000000000000000>;
P_00000000065cfe00 .param/l "INIT_E" 0 2 1892, C4<0000000000000000000000000000000000000000000000000000000000000000000000000000000000000000000000000000000000000000000000000000000000000000000000000000000000000000000000000000000000000000000000000000000000000000000000000000000000000000000000000000000000000000>;
P_00000000065cfe38 .param/l "INIT_F" 0 2 1893, C4<0000000000000000000000000000000000000000000000000000000000000000000000000000000000000000000000000000000000000000000000000000000000000000000000000000000000000000000000000000000000000000000000000000000000000000000000000000000000000000000000000000000000000000>;
P_00000000065cfe70 .param/str "INIT_FILE" 0 2 1895, "\000";
P_00000000065cfea8 .param/l "READ_MODE" 0 2 1876, +C4<00000000000000000000000000000000>;
P_00000000065cfee0 .param/l "WRITE_MODE" 0 2 1875, +C4<00000000000000000000000000000000>;
o000000000660dd68 .functor BUFZ 1, C4<z>; HiZ drive
L_000000000640bc70 .functor NOT 1, o000000000660dd68, C4<0>, C4<0>, C4<0>;
o000000000660d858 .functor BUFZ 16, C4<zzzzzzzzzzzzzzzz>; HiZ drive
v000000000665a240_0 .net "MASK", 15 0, o000000000660d858;  0 drivers
o000000000660d888 .functor BUFZ 11, C4<zzzzzzzzzzz>; HiZ drive
v000000000665b8c0_0 .net "RADDR", 10 0, o000000000660d888;  0 drivers
o000000000660d8b8 .functor BUFZ 1, C4<z>; HiZ drive
v000000000665a7e0_0 .net "RCLK", 0 0, o000000000660d8b8;  0 drivers
o000000000660d8e8 .functor BUFZ 1, C4<z>; HiZ drive
v000000000665a4c0_0 .net "RCLKE", 0 0, o000000000660d8e8;  0 drivers
v000000000665af60_0 .net "RDATA", 15 0, L_0000000006492fe0;  1 drivers
o000000000660d978 .functor BUFZ 1, C4<z>; HiZ drive
v000000000665b1e0_0 .net "RE", 0 0, o000000000660d978;  0 drivers
o000000000660d9d8 .functor BUFZ 11, C4<zzzzzzzzzzz>; HiZ drive
v000000000665b780_0 .net "WADDR", 10 0, o000000000660d9d8;  0 drivers
o000000000660da38 .functor BUFZ 1, C4<z>; HiZ drive
v000000000665b280_0 .net "WCLKE", 0 0, o000000000660da38;  0 drivers
v000000000665c5e0_0 .net "WCLKN", 0 0, o000000000660dd68;  0 drivers
o000000000660da68 .functor BUFZ 16, C4<zzzzzzzzzzzzzzzz>; HiZ drive
v000000000665a060_0 .net "WDATA", 15 0, o000000000660da68;  0 drivers
o000000000660dac8 .functor BUFZ 1, C4<z>; HiZ drive
v000000000665b0a0_0 .net "WE", 0 0, o000000000660dac8;  0 drivers
S_00000000066543a0 .scope module, "RAM" "SB_RAM40_4K" 2 1917, 2 1487 0, S_00000000065cf750;
 .timescale -12 -12;
    .port_info 0 /OUTPUT 16 "RDATA";
    .port_info 1 /INPUT 1 "RCLK";
    .port_info 2 /INPUT 1 "RCLKE";
    .port_info 3 /INPUT 1 "RE";
    .port_info 4 /INPUT 11 "RADDR";
    .port_info 5 /INPUT 1 "WCLK";
    .port_info 6 /INPUT 1 "WCLKE";
    .port_info 7 /INPUT 1 "WE";
    .port_info 8 /INPUT 11 "WADDR";
    .port_info 9 /INPUT 16 "MASK";
    .port_info 10 /INPUT 16 "WDATA";
P_00000000065fe0a0 .param/l "INIT_0" 0 2 1507, C4<0000000000000000000000000000000000000000000000000000000000000000000000000000000000000000000000000000000000000000000000000000000000000000000000000000000000000000000000000000000000000000000000000000000000000000000000000000000000000000000000000000000000000000>;
P_00000000065fe0d8 .param/l "INIT_1" 0 2 1508, C4<0000000000000000000000000000000000000000000000000000000000000000000000000000000000000000000000000000000000000000000000000000000000000000000000000000000000000000000000000000000000000000000000000000000000000000000000000000000000000000000000000000000000000000>;
P_00000000065fe110 .param/l "INIT_2" 0 2 1509, C4<0000000000000000000000000000000000000000000000000000000000000000000000000000000000000000000000000000000000000000000000000000000000000000000000000000000000000000000000000000000000000000000000000000000000000000000000000000000000000000000000000000000000000000>;
P_00000000065fe148 .param/l "INIT_3" 0 2 1510, C4<0000000000000000000000000000000000000000000000000000000000000000000000000000000000000000000000000000000000000000000000000000000000000000000000000000000000000000000000000000000000000000000000000000000000000000000000000000000000000000000000000000000000000000>;
P_00000000065fe180 .param/l "INIT_4" 0 2 1511, C4<0000000000000000000000000000000000000000000000000000000000000000000000000000000000000000000000000000000000000000000000000000000000000000000000000000000000000000000000000000000000000000000000000000000000000000000000000000000000000000000000000000000000000000>;
P_00000000065fe1b8 .param/l "INIT_5" 0 2 1512, C4<0000000000000000000000000000000000000000000000000000000000000000000000000000000000000000000000000000000000000000000000000000000000000000000000000000000000000000000000000000000000000000000000000000000000000000000000000000000000000000000000000000000000000000>;
P_00000000065fe1f0 .param/l "INIT_6" 0 2 1513, C4<0000000000000000000000000000000000000000000000000000000000000000000000000000000000000000000000000000000000000000000000000000000000000000000000000000000000000000000000000000000000000000000000000000000000000000000000000000000000000000000000000000000000000000>;
P_00000000065fe228 .param/l "INIT_7" 0 2 1514, C4<0000000000000000000000000000000000000000000000000000000000000000000000000000000000000000000000000000000000000000000000000000000000000000000000000000000000000000000000000000000000000000000000000000000000000000000000000000000000000000000000000000000000000000>;
P_00000000065fe260 .param/l "INIT_8" 0 2 1515, C4<0000000000000000000000000000000000000000000000000000000000000000000000000000000000000000000000000000000000000000000000000000000000000000000000000000000000000000000000000000000000000000000000000000000000000000000000000000000000000000000000000000000000000000>;
P_00000000065fe298 .param/l "INIT_9" 0 2 1516, C4<0000000000000000000000000000000000000000000000000000000000000000000000000000000000000000000000000000000000000000000000000000000000000000000000000000000000000000000000000000000000000000000000000000000000000000000000000000000000000000000000000000000000000000>;
P_00000000065fe2d0 .param/l "INIT_A" 0 2 1517, C4<0000000000000000000000000000000000000000000000000000000000000000000000000000000000000000000000000000000000000000000000000000000000000000000000000000000000000000000000000000000000000000000000000000000000000000000000000000000000000000000000000000000000000000>;
P_00000000065fe308 .param/l "INIT_B" 0 2 1518, C4<0000000000000000000000000000000000000000000000000000000000000000000000000000000000000000000000000000000000000000000000000000000000000000000000000000000000000000000000000000000000000000000000000000000000000000000000000000000000000000000000000000000000000000>;
P_00000000065fe340 .param/l "INIT_C" 0 2 1519, C4<0000000000000000000000000000000000000000000000000000000000000000000000000000000000000000000000000000000000000000000000000000000000000000000000000000000000000000000000000000000000000000000000000000000000000000000000000000000000000000000000000000000000000000>;
P_00000000065fe378 .param/l "INIT_D" 0 2 1520, C4<0000000000000000000000000000000000000000000000000000000000000000000000000000000000000000000000000000000000000000000000000000000000000000000000000000000000000000000000000000000000000000000000000000000000000000000000000000000000000000000000000000000000000000>;
P_00000000065fe3b0 .param/l "INIT_E" 0 2 1521, C4<0000000000000000000000000000000000000000000000000000000000000000000000000000000000000000000000000000000000000000000000000000000000000000000000000000000000000000000000000000000000000000000000000000000000000000000000000000000000000000000000000000000000000000>;
P_00000000065fe3e8 .param/l "INIT_F" 0 2 1522, C4<0000000000000000000000000000000000000000000000000000000000000000000000000000000000000000000000000000000000000000000000000000000000000000000000000000000000000000000000000000000000000000000000000000000000000000000000000000000000000000000000000000000000000000>;
P_00000000065fe420 .param/str "INIT_FILE" 0 2 1524, "\000";
P_00000000065fe458 .param/l "READ_MODE" 0 2 1505, +C4<00000000000000000000000000000000>;
P_00000000065fe490 .param/l "WRITE_MODE" 0 2 1504, +C4<00000000000000000000000000000000>;
v000000000663eff0_0 .net "MASK", 15 0, o000000000660d858;  alias, 0 drivers
v000000000663fa90_0 .net "RADDR", 10 0, o000000000660d888;  alias, 0 drivers
v000000000663e690_0 .net "RCLK", 0 0, o000000000660d8b8;  alias, 0 drivers
v000000000663eeb0_0 .net "RCLKE", 0 0, o000000000660d8e8;  alias, 0 drivers
v000000000663d470_0 .net "RDATA", 15 0, L_0000000006492fe0;  alias, 1 drivers
v000000000663dab0_0 .var "RDATA_I", 15 0;
v000000000663d5b0_0 .net "RE", 0 0, o000000000660d978;  alias, 0 drivers
L_00000000066603a0 .functor BUFT 1, C4<0000000000000000>, C4<0>, C4<0>, C4<0>;
v000000000663d830_0 .net "RMASK_I", 15 0, L_00000000066603a0;  1 drivers
v000000000665ac40_0 .net "WADDR", 10 0, o000000000660d9d8;  alias, 0 drivers
v000000000665bf00_0 .net "WCLK", 0 0, L_000000000640bc70;  1 drivers
v000000000665baa0_0 .net "WCLKE", 0 0, o000000000660da38;  alias, 0 drivers
v000000000665bfa0_0 .net "WDATA", 15 0, o000000000660da68;  alias, 0 drivers
v000000000665aec0_0 .net "WDATA_I", 15 0, L_0000000006491370;  1 drivers
v000000000665ae20_0 .net "WE", 0 0, o000000000660dac8;  alias, 0 drivers
v000000000665a600_0 .net "WMASK_I", 15 0, L_0000000006491290;  1 drivers
v000000000665b140_0 .var/i "i", 31 0;
v000000000665c2c0 .array "memory", 255 0, 15 0;
E_00000000065b9490 .event posedge, v000000000663e690_0;
E_00000000065b8e90 .event posedge, v000000000665bf00_0;
S_0000000006655020 .scope generate, "genblk1" "genblk1" 2 1534, 2 1534 0, S_00000000066543a0;
 .timescale -12 -12;
L_0000000006491290 .functor BUFZ 16, o000000000660d858, C4<0000000000000000>, C4<0000000000000000>, C4<0000000000000000>;
S_0000000006654210 .scope generate, "genblk2" "genblk2" 2 1555, 2 1555 0, S_00000000066543a0;
 .timescale -12 -12;
S_0000000006654530 .scope generate, "genblk3" "genblk3" 2 1576, 2 1576 0, S_00000000066543a0;
 .timescale -12 -12;
L_0000000006491370 .functor BUFZ 16, o000000000660da68, C4<0000000000000000>, C4<0000000000000000>, C4<0000000000000000>;
S_0000000006653720 .scope generate, "genblk4" "genblk4" 2 1595, 2 1595 0, S_00000000066543a0;
 .timescale -12 -12;
L_0000000006492fe0 .functor BUFZ 16, v000000000663dab0_0, C4<0000000000000000>, C4<0000000000000000>, C4<0000000000000000>;
S_00000000065cf5c0 .scope module, "SB_RGBA_DRV" "SB_RGBA_DRV" 2 2692;
 .timescale -12 -12;
    .port_info 0 /INPUT 1 "CURREN";
    .port_info 1 /INPUT 1 "RGBLEDEN";
    .port_info 2 /INPUT 1 "RGB0PWM";
    .port_info 3 /INPUT 1 "RGB1PWM";
    .port_info 4 /INPUT 1 "RGB2PWM";
    .port_info 5 /OUTPUT 1 "RGB0";
    .port_info 6 /OUTPUT 1 "RGB1";
    .port_info 7 /OUTPUT 1 "RGB2";
P_0000000004b53150 .param/str "CURRENT_MODE" 0 2 2702, "0b0";
P_0000000004b53188 .param/str "RGB0_CURRENT" 0 2 2703, "0b000000";
P_0000000004b531c0 .param/str "RGB1_CURRENT" 0 2 2704, "0b000000";
P_0000000004b531f8 .param/str "RGB2_CURRENT" 0 2 2705, "0b000000";
o000000000660dfa8 .functor BUFZ 1, C4<z>; HiZ drive
v000000000665b3c0_0 .net "CURREN", 0 0, o000000000660dfa8;  0 drivers
o000000000660dfd8 .functor BUFZ 1, C4<z>; HiZ drive
v000000000665c360_0 .net "RGB0", 0 0, o000000000660dfd8;  0 drivers
o000000000660e008 .functor BUFZ 1, C4<z>; HiZ drive
v000000000665b960_0 .net "RGB0PWM", 0 0, o000000000660e008;  0 drivers
o000000000660e038 .functor BUFZ 1, C4<z>; HiZ drive
v000000000665c400_0 .net "RGB1", 0 0, o000000000660e038;  0 drivers
o000000000660e068 .functor BUFZ 1, C4<z>; HiZ drive
v000000000665ba00_0 .net "RGB1PWM", 0 0, o000000000660e068;  0 drivers
o000000000660e098 .functor BUFZ 1, C4<z>; HiZ drive
v000000000665a6a0_0 .net "RGB2", 0 0, o000000000660e098;  0 drivers
o000000000660e0c8 .functor BUFZ 1, C4<z>; HiZ drive
v000000000665ace0_0 .net "RGB2PWM", 0 0, o000000000660e0c8;  0 drivers
o000000000660e0f8 .functor BUFZ 1, C4<z>; HiZ drive
v000000000665b000_0 .net "RGBLEDEN", 0 0, o000000000660e0f8;  0 drivers
S_00000000065cf8e0 .scope module, "SB_RGB_DRV" "SB_RGB_DRV" 2 2716;
 .timescale -12 -12;
    .port_info 0 /INPUT 1 "RGBLEDEN";
    .port_info 1 /INPUT 1 "RGB0PWM";
    .port_info 2 /INPUT 1 "RGB1PWM";
    .port_info 3 /INPUT 1 "RGB2PWM";
    .port_info 4 /INPUT 1 "RGBPU";
    .port_info 5 /OUTPUT 1 "RGB0";
    .port_info 6 /OUTPUT 1 "RGB1";
    .port_info 7 /OUTPUT 1 "RGB2";
P_0000000004bacdb0 .param/str "CURRENT_MODE" 0 2 2726, "0b0";
P_0000000004bacde8 .param/str "RGB0_CURRENT" 0 2 2727, "0b000000";
P_0000000004bace20 .param/str "RGB1_CURRENT" 0 2 2728, "0b000000";
P_0000000004bace58 .param/str "RGB2_CURRENT" 0 2 2729, "0b000000";
o000000000660e2a8 .functor BUFZ 1, C4<z>; HiZ drive
v000000000665a560_0 .net "RGB0", 0 0, o000000000660e2a8;  0 drivers
o000000000660e2d8 .functor BUFZ 1, C4<z>; HiZ drive
v000000000665b820_0 .net "RGB0PWM", 0 0, o000000000660e2d8;  0 drivers
o000000000660e308 .functor BUFZ 1, C4<z>; HiZ drive
v000000000665b6e0_0 .net "RGB1", 0 0, o000000000660e308;  0 drivers
o000000000660e338 .functor BUFZ 1, C4<z>; HiZ drive
v000000000665c040_0 .net "RGB1PWM", 0 0, o000000000660e338;  0 drivers
o000000000660e368 .functor BUFZ 1, C4<z>; HiZ drive
v000000000665bb40_0 .net "RGB2", 0 0, o000000000660e368;  0 drivers
o000000000660e398 .functor BUFZ 1, C4<z>; HiZ drive
v000000000665b320_0 .net "RGB2PWM", 0 0, o000000000660e398;  0 drivers
o000000000660e3c8 .functor BUFZ 1, C4<z>; HiZ drive
v000000000665bbe0_0 .net "RGBLEDEN", 0 0, o000000000660e3c8;  0 drivers
o000000000660e3f8 .functor BUFZ 1, C4<z>; HiZ drive
v000000000665bc80_0 .net "RGBPU", 0 0, o000000000660e3f8;  0 drivers
S_00000000065cdb30 .scope module, "SB_SPI" "SB_SPI" 2 2776;
 .timescale -12 -12;
    .port_info 0 /INPUT 1 "SBCLKI";
    .port_info 1 /INPUT 1 "SBRWI";
    .port_info 2 /INPUT 1 "SBSTBI";
    .port_info 3 /INPUT 1 "SBADRI7";
    .port_info 4 /INPUT 1 "SBADRI6";
    .port_info 5 /INPUT 1 "SBADRI5";
    .port_info 6 /INPUT 1 "SBADRI4";
    .port_info 7 /INPUT 1 "SBADRI3";
    .port_info 8 /INPUT 1 "SBADRI2";
    .port_info 9 /INPUT 1 "SBADRI1";
    .port_info 10 /INPUT 1 "SBADRI0";
    .port_info 11 /INPUT 1 "SBDATI7";
    .port_info 12 /INPUT 1 "SBDATI6";
    .port_info 13 /INPUT 1 "SBDATI5";
    .port_info 14 /INPUT 1 "SBDATI4";
    .port_info 15 /INPUT 1 "SBDATI3";
    .port_info 16 /INPUT 1 "SBDATI2";
    .port_info 17 /INPUT 1 "SBDATI1";
    .port_info 18 /INPUT 1 "SBDATI0";
    .port_info 19 /INPUT 1 "MI";
    .port_info 20 /INPUT 1 "SI";
    .port_info 21 /INPUT 1 "SCKI";
    .port_info 22 /INPUT 1 "SCSNI";
    .port_info 23 /OUTPUT 1 "SBDATO7";
    .port_info 24 /OUTPUT 1 "SBDATO6";
    .port_info 25 /OUTPUT 1 "SBDATO5";
    .port_info 26 /OUTPUT 1 "SBDATO4";
    .port_info 27 /OUTPUT 1 "SBDATO3";
    .port_info 28 /OUTPUT 1 "SBDATO2";
    .port_info 29 /OUTPUT 1 "SBDATO1";
    .port_info 30 /OUTPUT 1 "SBDATO0";
    .port_info 31 /OUTPUT 1 "SBACKO";
    .port_info 32 /OUTPUT 1 "SPIIRQ";
    .port_info 33 /OUTPUT 1 "SPIWKUP";
    .port_info 34 /OUTPUT 1 "SO";
    .port_info 35 /OUTPUT 1 "SOE";
    .port_info 36 /OUTPUT 1 "MO";
    .port_info 37 /OUTPUT 1 "MOE";
    .port_info 38 /OUTPUT 1 "SCKO";
    .port_info 39 /OUTPUT 1 "SCKOE";
    .port_info 40 /OUTPUT 1 "MCSNO3";
    .port_info 41 /OUTPUT 1 "MCSNO2";
    .port_info 42 /OUTPUT 1 "MCSNO1";
    .port_info 43 /OUTPUT 1 "MCSNO0";
    .port_info 44 /OUTPUT 1 "MCSNOE3";
    .port_info 45 /OUTPUT 1 "MCSNOE2";
    .port_info 46 /OUTPUT 1 "MCSNOE1";
    .port_info 47 /OUTPUT 1 "MCSNOE0";
P_00000000065b85d0 .param/str "BUS_ADDR74" 0 2 2826, "0b0000";
o000000000660e5a8 .functor BUFZ 1, C4<z>; HiZ drive
v000000000665c4a0_0 .net "MCSNO0", 0 0, o000000000660e5a8;  0 drivers
o000000000660e5d8 .functor BUFZ 1, C4<z>; HiZ drive
v000000000665ab00_0 .net "MCSNO1", 0 0, o000000000660e5d8;  0 drivers
o000000000660e608 .functor BUFZ 1, C4<z>; HiZ drive
v000000000665a2e0_0 .net "MCSNO2", 0 0, o000000000660e608;  0 drivers
o000000000660e638 .functor BUFZ 1, C4<z>; HiZ drive
v000000000665b460_0 .net "MCSNO3", 0 0, o000000000660e638;  0 drivers
o000000000660e668 .functor BUFZ 1, C4<z>; HiZ drive
v000000000665c7c0_0 .net "MCSNOE0", 0 0, o000000000660e668;  0 drivers
o000000000660e698 .functor BUFZ 1, C4<z>; HiZ drive
v000000000665ad80_0 .net "MCSNOE1", 0 0, o000000000660e698;  0 drivers
o000000000660e6c8 .functor BUFZ 1, C4<z>; HiZ drive
v000000000665a100_0 .net "MCSNOE2", 0 0, o000000000660e6c8;  0 drivers
o000000000660e6f8 .functor BUFZ 1, C4<z>; HiZ drive
v000000000665bd20_0 .net "MCSNOE3", 0 0, o000000000660e6f8;  0 drivers
o000000000660e728 .functor BUFZ 1, C4<z>; HiZ drive
v000000000665bdc0_0 .net "MI", 0 0, o000000000660e728;  0 drivers
o000000000660e758 .functor BUFZ 1, C4<z>; HiZ drive
v000000000665a1a0_0 .net "MO", 0 0, o000000000660e758;  0 drivers
o000000000660e788 .functor BUFZ 1, C4<z>; HiZ drive
v000000000665b500_0 .net "MOE", 0 0, o000000000660e788;  0 drivers
o000000000660e7b8 .functor BUFZ 1, C4<z>; HiZ drive
v000000000665b5a0_0 .net "SBACKO", 0 0, o000000000660e7b8;  0 drivers
o000000000660e7e8 .functor BUFZ 1, C4<z>; HiZ drive
v000000000665b640_0 .net "SBADRI0", 0 0, o000000000660e7e8;  0 drivers
o000000000660e818 .functor BUFZ 1, C4<z>; HiZ drive
v000000000665be60_0 .net "SBADRI1", 0 0, o000000000660e818;  0 drivers
o000000000660e848 .functor BUFZ 1, C4<z>; HiZ drive
v000000000665c0e0_0 .net "SBADRI2", 0 0, o000000000660e848;  0 drivers
o000000000660e878 .functor BUFZ 1, C4<z>; HiZ drive
v000000000665c180_0 .net "SBADRI3", 0 0, o000000000660e878;  0 drivers
o000000000660e8a8 .functor BUFZ 1, C4<z>; HiZ drive
v000000000665a740_0 .net "SBADRI4", 0 0, o000000000660e8a8;  0 drivers
o000000000660e8d8 .functor BUFZ 1, C4<z>; HiZ drive
v000000000665c220_0 .net "SBADRI5", 0 0, o000000000660e8d8;  0 drivers
o000000000660e908 .functor BUFZ 1, C4<z>; HiZ drive
v000000000665c540_0 .net "SBADRI6", 0 0, o000000000660e908;  0 drivers
o000000000660e938 .functor BUFZ 1, C4<z>; HiZ drive
v000000000665a920_0 .net "SBADRI7", 0 0, o000000000660e938;  0 drivers
o000000000660e968 .functor BUFZ 1, C4<z>; HiZ drive
v000000000665aba0_0 .net "SBCLKI", 0 0, o000000000660e968;  0 drivers
o000000000660e998 .functor BUFZ 1, C4<z>; HiZ drive
v000000000665c680_0 .net "SBDATI0", 0 0, o000000000660e998;  0 drivers
o000000000660e9c8 .functor BUFZ 1, C4<z>; HiZ drive
v000000000665c720_0 .net "SBDATI1", 0 0, o000000000660e9c8;  0 drivers
o000000000660e9f8 .functor BUFZ 1, C4<z>; HiZ drive
v000000000665a880_0 .net "SBDATI2", 0 0, o000000000660e9f8;  0 drivers
o000000000660ea28 .functor BUFZ 1, C4<z>; HiZ drive
v000000000665a380_0 .net "SBDATI3", 0 0, o000000000660ea28;  0 drivers
o000000000660ea58 .functor BUFZ 1, C4<z>; HiZ drive
v000000000665a420_0 .net "SBDATI4", 0 0, o000000000660ea58;  0 drivers
o000000000660ea88 .functor BUFZ 1, C4<z>; HiZ drive
v000000000665a9c0_0 .net "SBDATI5", 0 0, o000000000660ea88;  0 drivers
o000000000660eab8 .functor BUFZ 1, C4<z>; HiZ drive
v000000000665aa60_0 .net "SBDATI6", 0 0, o000000000660eab8;  0 drivers
o000000000660eae8 .functor BUFZ 1, C4<z>; HiZ drive
v000000000665e480_0 .net "SBDATI7", 0 0, o000000000660eae8;  0 drivers
o000000000660eb18 .functor BUFZ 1, C4<z>; HiZ drive
v000000000665de40_0 .net "SBDATO0", 0 0, o000000000660eb18;  0 drivers
o000000000660eb48 .functor BUFZ 1, C4<z>; HiZ drive
v000000000665ee80_0 .net "SBDATO1", 0 0, o000000000660eb48;  0 drivers
o000000000660eb78 .functor BUFZ 1, C4<z>; HiZ drive
v000000000665ec00_0 .net "SBDATO2", 0 0, o000000000660eb78;  0 drivers
o000000000660eba8 .functor BUFZ 1, C4<z>; HiZ drive
v000000000665e520_0 .net "SBDATO3", 0 0, o000000000660eba8;  0 drivers
o000000000660ebd8 .functor BUFZ 1, C4<z>; HiZ drive
v000000000665d1c0_0 .net "SBDATO4", 0 0, o000000000660ebd8;  0 drivers
o000000000660ec08 .functor BUFZ 1, C4<z>; HiZ drive
v000000000665cae0_0 .net "SBDATO5", 0 0, o000000000660ec08;  0 drivers
o000000000660ec38 .functor BUFZ 1, C4<z>; HiZ drive
v000000000665eb60_0 .net "SBDATO6", 0 0, o000000000660ec38;  0 drivers
o000000000660ec68 .functor BUFZ 1, C4<z>; HiZ drive
v000000000665cb80_0 .net "SBDATO7", 0 0, o000000000660ec68;  0 drivers
o000000000660ec98 .functor BUFZ 1, C4<z>; HiZ drive
v000000000665d4e0_0 .net "SBRWI", 0 0, o000000000660ec98;  0 drivers
o000000000660ecc8 .functor BUFZ 1, C4<z>; HiZ drive
v000000000665d580_0 .net "SBSTBI", 0 0, o000000000660ecc8;  0 drivers
o000000000660ecf8 .functor BUFZ 1, C4<z>; HiZ drive
v000000000665c900_0 .net "SCKI", 0 0, o000000000660ecf8;  0 drivers
o000000000660ed28 .functor BUFZ 1, C4<z>; HiZ drive
v000000000665dee0_0 .net "SCKO", 0 0, o000000000660ed28;  0 drivers
o000000000660ed58 .functor BUFZ 1, C4<z>; HiZ drive
v000000000665e2a0_0 .net "SCKOE", 0 0, o000000000660ed58;  0 drivers
o000000000660ed88 .functor BUFZ 1, C4<z>; HiZ drive
v000000000665e660_0 .net "SCSNI", 0 0, o000000000660ed88;  0 drivers
o000000000660edb8 .functor BUFZ 1, C4<z>; HiZ drive
v000000000665ed40_0 .net "SI", 0 0, o000000000660edb8;  0 drivers
o000000000660ede8 .functor BUFZ 1, C4<z>; HiZ drive
v000000000665cfe0_0 .net "SO", 0 0, o000000000660ede8;  0 drivers
o000000000660ee18 .functor BUFZ 1, C4<z>; HiZ drive
v000000000665e200_0 .net "SOE", 0 0, o000000000660ee18;  0 drivers
o000000000660ee48 .functor BUFZ 1, C4<z>; HiZ drive
v000000000665d9e0_0 .net "SPIIRQ", 0 0, o000000000660ee48;  0 drivers
o000000000660ee78 .functor BUFZ 1, C4<z>; HiZ drive
v000000000665e340_0 .net "SPIWKUP", 0 0, o000000000660ee78;  0 drivers
S_00000000065ce170 .scope module, "SB_SPRAM256KA" "SB_SPRAM256KA" 2 2600;
 .timescale -12 -12;
    .port_info 0 /INPUT 14 "ADDRESS";
    .port_info 1 /INPUT 16 "DATAIN";
    .port_info 2 /INPUT 4 "MASKWREN";
    .port_info 3 /INPUT 1 "WREN";
    .port_info 4 /INPUT 1 "CHIPSELECT";
    .port_info 5 /INPUT 1 "CLOCK";
    .port_info 6 /INPUT 1 "STANDBY";
    .port_info 7 /INPUT 1 "SLEEP";
    .port_info 8 /INPUT 1 "POWEROFF";
    .port_info 9 /OUTPUT 16 "DATAOUT";
o000000000660f8f8 .functor BUFZ 1, C4<z>; HiZ drive
L_000000000640b3b0 .functor OR 1, o000000000660f8f8, L_00000000066b7f70, C4<0>, C4<0>;
o000000000660f7a8 .functor BUFZ 14, C4<zzzzzzzzzzzzzz>; HiZ drive
v000000000665efc0_0 .net "ADDRESS", 13 0, o000000000660f7a8;  0 drivers
o000000000660f7d8 .functor BUFZ 1, C4<z>; HiZ drive
v000000000665d260_0 .net "CHIPSELECT", 0 0, o000000000660f7d8;  0 drivers
o000000000660f808 .functor BUFZ 1, C4<z>; HiZ drive
v000000000665ede0_0 .net "CLOCK", 0 0, o000000000660f808;  0 drivers
o000000000660f838 .functor BUFZ 16, C4<zzzzzzzzzzzzzzzz>; HiZ drive
v000000000665d940_0 .net "DATAIN", 15 0, o000000000660f838;  0 drivers
v000000000665dbc0_0 .var "DATAOUT", 15 0;
o000000000660f898 .functor BUFZ 4, C4<zzzz>; HiZ drive
v000000000665cf40_0 .net "MASKWREN", 3 0, o000000000660f898;  0 drivers
o000000000660f8c8 .functor BUFZ 1, C4<z>; HiZ drive
v000000000665d620_0 .net "POWEROFF", 0 0, o000000000660f8c8;  0 drivers
v000000000665d300_0 .net "SLEEP", 0 0, o000000000660f8f8;  0 drivers
o000000000660f928 .functor BUFZ 1, C4<z>; HiZ drive
v000000000665ef20_0 .net "STANDBY", 0 0, o000000000660f928;  0 drivers
o000000000660f958 .functor BUFZ 1, C4<z>; HiZ drive
v000000000665e840_0 .net "WREN", 0 0, o000000000660f958;  0 drivers
v000000000665c860_0 .net *"_ivl_1", 0 0, L_00000000066b7f70;  1 drivers
v000000000665e8e0_0 .var/i "i", 31 0;
v000000000665e3e0 .array "mem", 16383 0, 15 0;
v000000000665e7a0_0 .net "off", 0 0, L_000000000640b3b0;  1 drivers
E_00000000065b9310 .event posedge, v000000000665e7a0_0, v000000000665ede0_0;
E_00000000065b9350 .event negedge, v000000000665d620_0;
L_00000000066b7f70 .reduce/nor o000000000660f8c8;
S_00000000065cef80 .scope module, "SB_WARMBOOT" "SB_WARMBOOT" 2 2593;
 .timescale -12 -12;
    .port_info 0 /INPUT 1 "BOOT";
    .port_info 1 /INPUT 1 "S1";
    .port_info 2 /INPUT 1 "S0";
o000000000660fbf8 .functor BUFZ 1, C4<z>; HiZ drive
v000000000665dd00_0 .net "BOOT", 0 0, o000000000660fbf8;  0 drivers
o000000000660fc28 .functor BUFZ 1, C4<z>; HiZ drive
v000000000665e5c0_0 .net "S0", 0 0, o000000000660fc28;  0 drivers
o000000000660fc58 .functor BUFZ 1, C4<z>; HiZ drive
v000000000665db20_0 .net "S1", 0 0, o000000000660fc58;  0 drivers
S_00000000065cf2a0 .scope module, "memory_tb" "memory_tb" 3 5;
 .timescale -9 -11;
P_00000000065b8350 .param/l "DURATION" 1 3 21, +C4<00000000000000000010011100010000>;
v000000000665dc60_0 .var "clk", 0 0;
v000000000665d6c0_0 .var/i "i", 31 0;
v000000000665eca0_0 .var "r_addr", 3 0;
v000000000665dda0_0 .net "r_data", 7 0, v000000000665d440_0;  1 drivers
v000000000665df80_0 .var "r_en", 0 0;
v000000000665e980_0 .var "w_addr", 3 0;
v000000000665d760_0 .var "w_data", 7 0;
v000000000665cc20_0 .var "w_en", 0 0;
S_0000000006653ef0 .scope module, "uut" "memory" 3 30, 4 2 0, S_00000000065cf2a0;
 .timescale -12 -12;
    .port_info 0 /INPUT 1 "clk";
    .port_info 1 /INPUT 1 "w_en";
    .port_info 2 /INPUT 1 "r_en";
    .port_info 3 /INPUT 4 "w_addr";
    .port_info 4 /INPUT 4 "r_addr";
    .port_info 5 /INPUT 8 "w_data";
    .port_info 6 /OUTPUT 8 "r_data";
P_00000000065b8e10 .param/str "INIT_FILE" 0 4 5, "mem_init.txt";
v000000000665d080_0 .net "clk", 0 0, v000000000665dc60_0;  1 drivers
v000000000665ccc0 .array "mem", 15 0, 7 0;
v000000000665e700_0 .net "r_addr", 3 0, v000000000665eca0_0;  1 drivers
v000000000665d440_0 .var "r_data", 7 0;
v000000000665d8a0_0 .net "r_en", 0 0, v000000000665df80_0;  1 drivers
v000000000665c9a0_0 .net "w_addr", 3 0, v000000000665e980_0;  1 drivers
v000000000665ca40_0 .net "w_data", 7 0, v000000000665d760_0;  1 drivers
v000000000665da80_0 .net "w_en", 0 0, v000000000665cc20_0;  1 drivers
E_00000000065b8fd0 .event posedge, v000000000665d080_0;
    .scope S_0000000006466270;
T_2 ;
    %pushi/vec4 0, 0, 1;
    %store/vec4 v00000000065f3d30_0, 0, 1;
    %pushi/vec4 0, 0, 1;
    %store/vec4 v00000000065f44b0_0, 0, 1;
    %end;
    .thread T_2;
    .scope S_0000000006466270;
T_3 ;
    %wait E_00000000065b8bd0;
    %load/vec4 v00000000065937d0_0;
    %flag_set/vec4 8;
    %jmp/0xz  T_3.0, 8;
    %load/vec4 v000000000657c9d0_0;
    %flag_set/vec4 8;
    %jmp/0 T_3.2, 8;
    %pushi/vec4 0, 0, 1;
    %jmp/1 T_3.3, 8;
T_3.2 ; End of true expr.
    %load/vec4 v00000000065f42d0_0;
    %jmp/0 T_3.3, 8;
 ; End of false expr.
    %blend;
T_3.3;
    %assign/vec4 v00000000065f3d30_0, 0;
T_3.0 ;
    %jmp T_3;
    .thread T_3;
    .scope S_0000000006466270;
T_4 ;
    %wait E_00000000065b8010;
    %load/vec4 v000000000657c9d0_0;
    %flag_set/vec4 8;
    %jmp/0xz  T_4.0, 8;
    %pushi/vec4 0, 0, 1;
    %assign/vec4 v00000000065f44b0_0, 0;
    %jmp T_4.1;
T_4.0 ;
    %load/vec4 v00000000065937d0_0;
    %flag_set/vec4 8;
    %jmp/0xz  T_4.2, 8;
    %load/vec4 v00000000065f42d0_0;
    %assign/vec4 v00000000065f44b0_0, 0;
T_4.2 ;
T_4.1 ;
    %jmp T_4;
    .thread T_4;
    .scope S_00000000065cdcc0;
T_5 ;
    %pushi/vec4 0, 0, 32;
    %store/vec4 v00000000065f3a10_0, 0, 32;
T_5.0 ; Top of for-loop 
    %load/vec4 v00000000065f3a10_0;
    %cmpi/s 16, 0, 32;
    %jmp/0xz T_5.1, 5;
    %pushi/vec4 0, 0, 256;
    %load/vec4 v00000000065f3a10_0;
    %muli 16, 0, 32;
    %part/s 16;
    %pushi/vec4 0, 0, 32;
    %load/vec4 v00000000065f3a10_0;
    %add;
    %ix/vec4/s 4;
    %store/vec4a v00000000065f4910, 4, 0;
    %pushi/vec4 0, 0, 256;
    %load/vec4 v00000000065f3a10_0;
    %muli 16, 0, 32;
    %part/s 16;
    %pushi/vec4 16, 0, 32;
    %load/vec4 v00000000065f3a10_0;
    %add;
    %ix/vec4/s 4;
    %store/vec4a v00000000065f4910, 4, 0;
    %pushi/vec4 0, 0, 256;
    %load/vec4 v00000000065f3a10_0;
    %muli 16, 0, 32;
    %part/s 16;
    %pushi/vec4 32, 0, 32;
    %load/vec4 v00000000065f3a10_0;
    %add;
    %ix/vec4/s 4;
    %store/vec4a v00000000065f4910, 4, 0;
    %pushi/vec4 0, 0, 256;
    %load/vec4 v00000000065f3a10_0;
    %muli 16, 0, 32;
    %part/s 16;
    %pushi/vec4 48, 0, 32;
    %load/vec4 v00000000065f3a10_0;
    %add;
    %ix/vec4/s 4;
    %store/vec4a v00000000065f4910, 4, 0;
    %pushi/vec4 0, 0, 256;
    %load/vec4 v00000000065f3a10_0;
    %muli 16, 0, 32;
    %part/s 16;
    %pushi/vec4 64, 0, 32;
    %load/vec4 v00000000065f3a10_0;
    %add;
    %ix/vec4/s 4;
    %store/vec4a v00000000065f4910, 4, 0;
    %pushi/vec4 0, 0, 256;
    %load/vec4 v00000000065f3a10_0;
    %muli 16, 0, 32;
    %part/s 16;
    %pushi/vec4 80, 0, 32;
    %load/vec4 v00000000065f3a10_0;
    %add;
    %ix/vec4/s 4;
    %store/vec4a v00000000065f4910, 4, 0;
    %pushi/vec4 0, 0, 256;
    %load/vec4 v00000000065f3a10_0;
    %muli 16, 0, 32;
    %part/s 16;
    %pushi/vec4 96, 0, 32;
    %load/vec4 v00000000065f3a10_0;
    %add;
    %ix/vec4/s 4;
    %store/vec4a v00000000065f4910, 4, 0;
    %pushi/vec4 0, 0, 256;
    %load/vec4 v00000000065f3a10_0;
    %muli 16, 0, 32;
    %part/s 16;
    %pushi/vec4 112, 0, 32;
    %load/vec4 v00000000065f3a10_0;
    %add;
    %ix/vec4/s 4;
    %store/vec4a v00000000065f4910, 4, 0;
    %pushi/vec4 0, 0, 256;
    %load/vec4 v00000000065f3a10_0;
    %muli 16, 0, 32;
    %part/s 16;
    %pushi/vec4 128, 0, 32;
    %load/vec4 v00000000065f3a10_0;
    %add;
    %ix/vec4/s 4;
    %store/vec4a v00000000065f4910, 4, 0;
    %pushi/vec4 0, 0, 256;
    %load/vec4 v00000000065f3a10_0;
    %muli 16, 0, 32;
    %part/s 16;
    %pushi/vec4 144, 0, 32;
    %load/vec4 v00000000065f3a10_0;
    %add;
    %ix/vec4/s 4;
    %store/vec4a v00000000065f4910, 4, 0;
    %pushi/vec4 0, 0, 256;
    %load/vec4 v00000000065f3a10_0;
    %muli 16, 0, 32;
    %part/s 16;
    %pushi/vec4 160, 0, 32;
    %load/vec4 v00000000065f3a10_0;
    %add;
    %ix/vec4/s 4;
    %store/vec4a v00000000065f4910, 4, 0;
    %pushi/vec4 0, 0, 256;
    %load/vec4 v00000000065f3a10_0;
    %muli 16, 0, 32;
    %part/s 16;
    %pushi/vec4 176, 0, 32;
    %load/vec4 v00000000065f3a10_0;
    %add;
    %ix/vec4/s 4;
    %store/vec4a v00000000065f4910, 4, 0;
    %pushi/vec4 0, 0, 256;
    %load/vec4 v00000000065f3a10_0;
    %muli 16, 0, 32;
    %part/s 16;
    %pushi/vec4 192, 0, 32;
    %load/vec4 v00000000065f3a10_0;
    %add;
    %ix/vec4/s 4;
    %store/vec4a v00000000065f4910, 4, 0;
    %pushi/vec4 0, 0, 256;
    %load/vec4 v00000000065f3a10_0;
    %muli 16, 0, 32;
    %part/s 16;
    %pushi/vec4 208, 0, 32;
    %load/vec4 v00000000065f3a10_0;
    %add;
    %ix/vec4/s 4;
    %store/vec4a v00000000065f4910, 4, 0;
    %pushi/vec4 0, 0, 256;
    %load/vec4 v00000000065f3a10_0;
    %muli 16, 0, 32;
    %part/s 16;
    %pushi/vec4 224, 0, 32;
    %load/vec4 v00000000065f3a10_0;
    %add;
    %ix/vec4/s 4;
    %store/vec4a v00000000065f4910, 4, 0;
    %pushi/vec4 0, 0, 256;
    %load/vec4 v00000000065f3a10_0;
    %muli 16, 0, 32;
    %part/s 16;
    %pushi/vec4 240, 0, 32;
    %load/vec4 v00000000065f3a10_0;
    %add;
    %ix/vec4/s 4;
    %store/vec4a v00000000065f4910, 4, 0;
T_5.2 ; for-loop step statement
    %load/vec4 v00000000065f3a10_0;
    %addi 1, 0, 32;
    %store/vec4 v00000000065f3a10_0, 0, 32;
    %jmp T_5.0;
T_5.1 ; for-loop exit label
    %end;
    .thread T_5;
    .scope S_00000000065cdcc0;
T_6 ;
    %wait E_00000000065b7ed0;
    %load/vec4 v00000000065f4af0_0;
    %flag_set/vec4 9;
    %flag_get/vec4 9;
    %jmp/0 T_6.2, 9;
    %load/vec4 v00000000065f3970_0;
    %and;
T_6.2;
    %flag_set/vec4 8;
    %jmp/0xz  T_6.0, 8;
    %load/vec4 v00000000065f3510_0;
    %parti/s 1, 0, 2;
    %nor/r;
    %flag_set/vec4 8;
    %jmp/0xz  T_6.3, 8;
    %load/vec4 v00000000065f4870_0;
    %parti/s 1, 0, 2;
    %load/vec4 v00000000065f3b50_0;
    %parti/s 8, 0, 2;
    %pad/u 10;
    %ix/vec4 3;
    %ix/load 4, 0, 0; Constant delay
    %assign/vec4/a/d v00000000065f4910, 0, 4;
T_6.3 ;
    %load/vec4 v00000000065f3510_0;
    %parti/s 1, 1, 2;
    %nor/r;
    %flag_set/vec4 8;
    %jmp/0xz  T_6.5, 8;
    %load/vec4 v00000000065f4870_0;
    %parti/s 1, 1, 2;
    %load/vec4 v00000000065f3b50_0;
    %parti/s 8, 0, 2;
    %pad/u 10;
    %ix/vec4 3;
    %ix/load 4, 1, 0; part off
    %ix/load 5, 0, 0; Constant delay
    %assign/vec4/a/d v00000000065f4910, 4, 5;
T_6.5 ;
    %load/vec4 v00000000065f3510_0;
    %parti/s 1, 2, 3;
    %nor/r;
    %flag_set/vec4 8;
    %jmp/0xz  T_6.7, 8;
    %load/vec4 v00000000065f4870_0;
    %parti/s 1, 2, 3;
    %load/vec4 v00000000065f3b50_0;
    %parti/s 8, 0, 2;
    %pad/u 10;
    %ix/vec4 3;
    %ix/load 4, 2, 0; part off
    %ix/load 5, 0, 0; Constant delay
    %assign/vec4/a/d v00000000065f4910, 4, 5;
T_6.7 ;
    %load/vec4 v00000000065f3510_0;
    %parti/s 1, 3, 3;
    %nor/r;
    %flag_set/vec4 8;
    %jmp/0xz  T_6.9, 8;
    %load/vec4 v00000000065f4870_0;
    %parti/s 1, 3, 3;
    %load/vec4 v00000000065f3b50_0;
    %parti/s 8, 0, 2;
    %pad/u 10;
    %ix/vec4 3;
    %ix/load 4, 3, 0; part off
    %ix/load 5, 0, 0; Constant delay
    %assign/vec4/a/d v00000000065f4910, 4, 5;
T_6.9 ;
    %load/vec4 v00000000065f3510_0;
    %parti/s 1, 4, 4;
    %nor/r;
    %flag_set/vec4 8;
    %jmp/0xz  T_6.11, 8;
    %load/vec4 v00000000065f4870_0;
    %parti/s 1, 4, 4;
    %load/vec4 v00000000065f3b50_0;
    %parti/s 8, 0, 2;
    %pad/u 10;
    %ix/vec4 3;
    %ix/load 4, 4, 0; part off
    %ix/load 5, 0, 0; Constant delay
    %assign/vec4/a/d v00000000065f4910, 4, 5;
T_6.11 ;
    %load/vec4 v00000000065f3510_0;
    %parti/s 1, 5, 4;
    %nor/r;
    %flag_set/vec4 8;
    %jmp/0xz  T_6.13, 8;
    %load/vec4 v00000000065f4870_0;
    %parti/s 1, 5, 4;
    %load/vec4 v00000000065f3b50_0;
    %parti/s 8, 0, 2;
    %pad/u 10;
    %ix/vec4 3;
    %ix/load 4, 5, 0; part off
    %ix/load 5, 0, 0; Constant delay
    %assign/vec4/a/d v00000000065f4910, 4, 5;
T_6.13 ;
    %load/vec4 v00000000065f3510_0;
    %parti/s 1, 6, 4;
    %nor/r;
    %flag_set/vec4 8;
    %jmp/0xz  T_6.15, 8;
    %load/vec4 v00000000065f4870_0;
    %parti/s 1, 6, 4;
    %load/vec4 v00000000065f3b50_0;
    %parti/s 8, 0, 2;
    %pad/u 10;
    %ix/vec4 3;
    %ix/load 4, 6, 0; part off
    %ix/load 5, 0, 0; Constant delay
    %assign/vec4/a/d v00000000065f4910, 4, 5;
T_6.15 ;
    %load/vec4 v00000000065f3510_0;
    %parti/s 1, 7, 4;
    %nor/r;
    %flag_set/vec4 8;
    %jmp/0xz  T_6.17, 8;
    %load/vec4 v00000000065f4870_0;
    %parti/s 1, 7, 4;
    %load/vec4 v00000000065f3b50_0;
    %parti/s 8, 0, 2;
    %pad/u 10;
    %ix/vec4 3;
    %ix/load 4, 7, 0; part off
    %ix/load 5, 0, 0; Constant delay
    %assign/vec4/a/d v00000000065f4910, 4, 5;
T_6.17 ;
    %load/vec4 v00000000065f3510_0;
    %parti/s 1, 8, 5;
    %nor/r;
    %flag_set/vec4 8;
    %jmp/0xz  T_6.19, 8;
    %load/vec4 v00000000065f4870_0;
    %parti/s 1, 8, 5;
    %load/vec4 v00000000065f3b50_0;
    %parti/s 8, 0, 2;
    %pad/u 10;
    %ix/vec4 3;
    %ix/load 4, 8, 0; part off
    %ix/load 5, 0, 0; Constant delay
    %assign/vec4/a/d v00000000065f4910, 4, 5;
T_6.19 ;
    %load/vec4 v00000000065f3510_0;
    %parti/s 1, 9, 5;
    %nor/r;
    %flag_set/vec4 8;
    %jmp/0xz  T_6.21, 8;
    %load/vec4 v00000000065f4870_0;
    %parti/s 1, 9, 5;
    %load/vec4 v00000000065f3b50_0;
    %parti/s 8, 0, 2;
    %pad/u 10;
    %ix/vec4 3;
    %ix/load 4, 9, 0; part off
    %ix/load 5, 0, 0; Constant delay
    %assign/vec4/a/d v00000000065f4910, 4, 5;
T_6.21 ;
    %load/vec4 v00000000065f3510_0;
    %parti/s 1, 10, 5;
    %nor/r;
    %flag_set/vec4 8;
    %jmp/0xz  T_6.23, 8;
    %load/vec4 v00000000065f4870_0;
    %parti/s 1, 10, 5;
    %load/vec4 v00000000065f3b50_0;
    %parti/s 8, 0, 2;
    %pad/u 10;
    %ix/vec4 3;
    %ix/load 4, 10, 0; part off
    %ix/load 5, 0, 0; Constant delay
    %assign/vec4/a/d v00000000065f4910, 4, 5;
T_6.23 ;
    %load/vec4 v00000000065f3510_0;
    %parti/s 1, 11, 5;
    %nor/r;
    %flag_set/vec4 8;
    %jmp/0xz  T_6.25, 8;
    %load/vec4 v00000000065f4870_0;
    %parti/s 1, 11, 5;
    %load/vec4 v00000000065f3b50_0;
    %parti/s 8, 0, 2;
    %pad/u 10;
    %ix/vec4 3;
    %ix/load 4, 11, 0; part off
    %ix/load 5, 0, 0; Constant delay
    %assign/vec4/a/d v00000000065f4910, 4, 5;
T_6.25 ;
    %load/vec4 v00000000065f3510_0;
    %parti/s 1, 12, 5;
    %nor/r;
    %flag_set/vec4 8;
    %jmp/0xz  T_6.27, 8;
    %load/vec4 v00000000065f4870_0;
    %parti/s 1, 12, 5;
    %load/vec4 v00000000065f3b50_0;
    %parti/s 8, 0, 2;
    %pad/u 10;
    %ix/vec4 3;
    %ix/load 4, 12, 0; part off
    %ix/load 5, 0, 0; Constant delay
    %assign/vec4/a/d v00000000065f4910, 4, 5;
T_6.27 ;
    %load/vec4 v00000000065f3510_0;
    %parti/s 1, 13, 5;
    %nor/r;
    %flag_set/vec4 8;
    %jmp/0xz  T_6.29, 8;
    %load/vec4 v00000000065f4870_0;
    %parti/s 1, 13, 5;
    %load/vec4 v00000000065f3b50_0;
    %parti/s 8, 0, 2;
    %pad/u 10;
    %ix/vec4 3;
    %ix/load 4, 13, 0; part off
    %ix/load 5, 0, 0; Constant delay
    %assign/vec4/a/d v00000000065f4910, 4, 5;
T_6.29 ;
    %load/vec4 v00000000065f3510_0;
    %parti/s 1, 14, 5;
    %nor/r;
    %flag_set/vec4 8;
    %jmp/0xz  T_6.31, 8;
    %load/vec4 v00000000065f4870_0;
    %parti/s 1, 14, 5;
    %load/vec4 v00000000065f3b50_0;
    %parti/s 8, 0, 2;
    %pad/u 10;
    %ix/vec4 3;
    %ix/load 4, 14, 0; part off
    %ix/load 5, 0, 0; Constant delay
    %assign/vec4/a/d v00000000065f4910, 4, 5;
T_6.31 ;
    %load/vec4 v00000000065f3510_0;
    %parti/s 1, 15, 5;
    %nor/r;
    %flag_set/vec4 8;
    %jmp/0xz  T_6.33, 8;
    %load/vec4 v00000000065f4870_0;
    %parti/s 1, 15, 5;
    %load/vec4 v00000000065f3b50_0;
    %parti/s 8, 0, 2;
    %pad/u 10;
    %ix/vec4 3;
    %ix/load 4, 15, 0; part off
    %ix/load 5, 0, 0; Constant delay
    %assign/vec4/a/d v00000000065f4910, 4, 5;
T_6.33 ;
T_6.0 ;
    %jmp T_6;
    .thread T_6;
    .scope S_00000000065cdcc0;
T_7 ;
    %wait E_00000000065b8910;
    %load/vec4 v00000000065f4a50_0;
    %flag_set/vec4 9;
    %flag_get/vec4 9;
    %jmp/0 T_7.2, 9;
    %load/vec4 v00000000065f40f0_0;
    %and;
T_7.2;
    %flag_set/vec4 8;
    %jmp/0xz  T_7.0, 8;
    %load/vec4 v00000000065f45f0_0;
    %parti/s 8, 0, 2;
    %pad/u 10;
    %ix/vec4 4;
    %load/vec4a v00000000065f4910, 4;
    %load/vec4 v00000000065f4eb0_0;
    %inv;
    %and;
    %assign/vec4 v00000000065f3bf0_0, 0;
T_7.0 ;
    %jmp T_7;
    .thread T_7;
    .scope S_0000000004b93020;
T_8 ;
    %pushi/vec4 0, 0, 1;
    %store/vec4 v00000000065fa740_0, 0, 1;
    %end;
    .thread T_8;
    .scope S_0000000004b93020;
T_9 ;
    %wait E_00000000065b8ad0;
    %load/vec4 v00000000065fa100_0;
    %assign/vec4 v00000000065fa740_0, 0;
    %jmp T_9;
    .thread T_9;
    .scope S_0000000004b931b0;
T_10 ;
    %pushi/vec4 0, 0, 1;
    %store/vec4 v00000000065fa880_0, 0, 1;
    %end;
    .thread T_10;
    .scope S_0000000004b931b0;
T_11 ;
    %wait E_00000000065b7d90;
    %load/vec4 v00000000065fa4c0_0;
    %flag_set/vec4 8;
    %jmp/0xz  T_11.0, 8;
    %load/vec4 v00000000065fa240_0;
    %assign/vec4 v00000000065fa880_0, 0;
T_11.0 ;
    %jmp T_11;
    .thread T_11;
    .scope S_0000000004b93340;
T_12 ;
    %pushi/vec4 0, 0, 1;
    %store/vec4 v00000000065fa9c0_0, 0, 1;
    %end;
    .thread T_12;
    .scope S_0000000004b93340;
T_13 ;
    %wait E_00000000065b80d0;
    %load/vec4 v00000000065faa60_0;
    %flag_set/vec4 8;
    %jmp/0xz  T_13.0, 8;
    %pushi/vec4 0, 0, 1;
    %assign/vec4 v00000000065fa9c0_0, 0;
    %jmp T_13.1;
T_13.0 ;
    %load/vec4 v00000000065fb280_0;
    %flag_set/vec4 8;
    %jmp/0xz  T_13.2, 8;
    %load/vec4 v00000000065fb140_0;
    %assign/vec4 v00000000065fa9c0_0, 0;
T_13.2 ;
T_13.1 ;
    %jmp T_13;
    .thread T_13;
    .scope S_0000000004b97930;
T_14 ;
    %pushi/vec4 0, 0, 1;
    %store/vec4 v00000000065f9ca0_0, 0, 1;
    %end;
    .thread T_14;
    .scope S_0000000004b97930;
T_15 ;
    %wait E_00000000065b8110;
    %load/vec4 v00000000065f9de0_0;
    %flag_set/vec4 8;
    %jmp/0xz  T_15.0, 8;
    %pushi/vec4 1, 0, 1;
    %assign/vec4 v00000000065f9ca0_0, 0;
    %jmp T_15.1;
T_15.0 ;
    %load/vec4 v00000000065fac40_0;
    %flag_set/vec4 8;
    %jmp/0xz  T_15.2, 8;
    %load/vec4 v00000000065fab00_0;
    %assign/vec4 v00000000065f9ca0_0, 0;
T_15.2 ;
T_15.1 ;
    %jmp T_15;
    .thread T_15;
    .scope S_0000000004b97ac0;
T_16 ;
    %pushi/vec4 0, 0, 1;
    %store/vec4 v00000000066312c0_0, 0, 1;
    %end;
    .thread T_16;
    .scope S_0000000004b97ac0;
T_17 ;
    %wait E_00000000065b88d0;
    %load/vec4 v0000000006633700_0;
    %flag_set/vec4 8;
    %jmp/0xz  T_17.0, 8;
    %load/vec4 v0000000006631720_0;
    %flag_set/vec4 8;
    %jmp/0xz  T_17.2, 8;
    %pushi/vec4 0, 0, 1;
    %assign/vec4 v00000000066312c0_0, 0;
    %jmp T_17.3;
T_17.2 ;
    %load/vec4 v0000000006632620_0;
    %assign/vec4 v00000000066312c0_0, 0;
T_17.3 ;
T_17.0 ;
    %jmp T_17;
    .thread T_17;
    .scope S_0000000004b97c50;
T_18 ;
    %pushi/vec4 0, 0, 1;
    %store/vec4 v0000000006632b20_0, 0, 1;
    %end;
    .thread T_18;
    .scope S_0000000004b97c50;
T_19 ;
    %wait E_00000000065b8c90;
    %load/vec4 v00000000066328a0_0;
    %flag_set/vec4 8;
    %jmp/0xz  T_19.0, 8;
    %load/vec4 v0000000006631900_0;
    %flag_set/vec4 8;
    %jmp/0xz  T_19.2, 8;
    %pushi/vec4 1, 0, 1;
    %assign/vec4 v0000000006632b20_0, 0;
    %jmp T_19.3;
T_19.2 ;
    %load/vec4 v00000000066314a0_0;
    %assign/vec4 v0000000006632b20_0, 0;
T_19.3 ;
T_19.0 ;
    %jmp T_19;
    .thread T_19;
    .scope S_0000000004ba1fa0;
T_20 ;
    %pushi/vec4 0, 0, 1;
    %store/vec4 v0000000006631ae0_0, 0, 1;
    %end;
    .thread T_20;
    .scope S_0000000004ba1fa0;
T_21 ;
    %wait E_00000000065b8550;
    %load/vec4 v0000000006631540_0;
    %assign/vec4 v0000000006631ae0_0, 0;
    %jmp T_21;
    .thread T_21;
    .scope S_0000000004ba2130;
T_22 ;
    %pushi/vec4 0, 0, 1;
    %store/vec4 v00000000066319a0_0, 0, 1;
    %end;
    .thread T_22;
    .scope S_0000000004ba2130;
T_23 ;
    %wait E_00000000065b8b10;
    %load/vec4 v0000000006633160_0;
    %flag_set/vec4 8;
    %jmp/0xz  T_23.0, 8;
    %load/vec4 v0000000006631c20_0;
    %assign/vec4 v00000000066319a0_0, 0;
T_23.0 ;
    %jmp T_23;
    .thread T_23;
    .scope S_0000000004ba22c0;
T_24 ;
    %pushi/vec4 0, 0, 1;
    %store/vec4 v00000000066321c0_0, 0, 1;
    %end;
    .thread T_24;
    .scope S_0000000004ba22c0;
T_25 ;
    %wait E_00000000065b7e10;
    %load/vec4 v0000000006633480_0;
    %flag_set/vec4 8;
    %jmp/0xz  T_25.0, 8;
    %pushi/vec4 0, 0, 1;
    %assign/vec4 v00000000066321c0_0, 0;
    %jmp T_25.1;
T_25.0 ;
    %load/vec4 v00000000066323a0_0;
    %flag_set/vec4 8;
    %jmp/0xz  T_25.2, 8;
    %load/vec4 v0000000006631360_0;
    %assign/vec4 v00000000066321c0_0, 0;
T_25.2 ;
T_25.1 ;
    %jmp T_25;
    .thread T_25;
    .scope S_00000000065c9140;
T_26 ;
    %pushi/vec4 0, 0, 1;
    %store/vec4 v0000000006631cc0_0, 0, 1;
    %end;
    .thread T_26;
    .scope S_00000000065c9140;
T_27 ;
    %wait E_00000000065b8150;
    %load/vec4 v0000000006631400_0;
    %flag_set/vec4 8;
    %jmp/0xz  T_27.0, 8;
    %pushi/vec4 1, 0, 1;
    %assign/vec4 v0000000006631cc0_0, 0;
    %jmp T_27.1;
T_27.0 ;
    %load/vec4 v0000000006632d00_0;
    %flag_set/vec4 8;
    %jmp/0xz  T_27.2, 8;
    %load/vec4 v0000000006632760_0;
    %assign/vec4 v0000000006631cc0_0, 0;
T_27.2 ;
T_27.1 ;
    %jmp T_27;
    .thread T_27;
    .scope S_00000000065c9910;
T_28 ;
    %pushi/vec4 0, 0, 1;
    %store/vec4 v0000000006632f80_0, 0, 1;
    %end;
    .thread T_28;
    .scope S_00000000065c9910;
T_29 ;
    %wait E_00000000065b8d10;
    %load/vec4 v0000000006632120_0;
    %flag_set/vec4 8;
    %jmp/0xz  T_29.0, 8;
    %load/vec4 v00000000066330c0_0;
    %flag_set/vec4 8;
    %jmp/0xz  T_29.2, 8;
    %pushi/vec4 0, 0, 1;
    %assign/vec4 v0000000006632f80_0, 0;
    %jmp T_29.3;
T_29.2 ;
    %load/vec4 v0000000006633020_0;
    %assign/vec4 v0000000006632f80_0, 0;
T_29.3 ;
T_29.0 ;
    %jmp T_29;
    .thread T_29;
    .scope S_00000000065c92d0;
T_30 ;
    %pushi/vec4 0, 0, 1;
    %store/vec4 v0000000006630fa0_0, 0, 1;
    %end;
    .thread T_30;
    .scope S_00000000065c92d0;
T_31 ;
    %wait E_00000000065b7e90;
    %load/vec4 v00000000066317c0_0;
    %flag_set/vec4 8;
    %jmp/0xz  T_31.0, 8;
    %load/vec4 v0000000006631d60_0;
    %flag_set/vec4 8;
    %jmp/0xz  T_31.2, 8;
    %pushi/vec4 1, 0, 1;
    %assign/vec4 v0000000006630fa0_0, 0;
    %jmp T_31.3;
T_31.2 ;
    %load/vec4 v00000000066315e0_0;
    %assign/vec4 v0000000006630fa0_0, 0;
T_31.3 ;
T_31.0 ;
    %jmp T_31;
    .thread T_31;
    .scope S_00000000065c8fb0;
T_32 ;
    %pushi/vec4 0, 0, 1;
    %store/vec4 v0000000006632800_0, 0, 1;
    %end;
    .thread T_32;
    .scope S_00000000065c8fb0;
T_33 ;
    %wait E_00000000065b7f10;
    %load/vec4 v0000000006632260_0;
    %flag_set/vec4 8;
    %jmp/0xz  T_33.0, 8;
    %pushi/vec4 0, 0, 1;
    %assign/vec4 v0000000006632800_0, 0;
    %jmp T_33.1;
T_33.0 ;
    %load/vec4 v00000000066332a0_0;
    %assign/vec4 v0000000006632800_0, 0;
T_33.1 ;
    %jmp T_33;
    .thread T_33;
    .scope S_00000000065c9460;
T_34 ;
    %pushi/vec4 0, 0, 1;
    %store/vec4 v00000000066329e0_0, 0, 1;
    %end;
    .thread T_34;
    .scope S_00000000065c9460;
T_35 ;
    %wait E_00000000065b7f50;
    %load/vec4 v0000000006631ea0_0;
    %flag_set/vec4 8;
    %jmp/0xz  T_35.0, 8;
    %pushi/vec4 1, 0, 1;
    %assign/vec4 v00000000066329e0_0, 0;
    %jmp T_35.1;
T_35.0 ;
    %load/vec4 v00000000066335c0_0;
    %assign/vec4 v00000000066329e0_0, 0;
T_35.1 ;
    %jmp T_35;
    .thread T_35;
    .scope S_00000000065c8b00;
T_36 ;
    %pushi/vec4 0, 0, 1;
    %store/vec4 v0000000006632a80_0, 0, 1;
    %end;
    .thread T_36;
    .scope S_00000000065c8b00;
T_37 ;
    %wait E_00000000065b7f90;
    %load/vec4 v00000000066310e0_0;
    %flag_set/vec4 8;
    %jmp/0xz  T_37.0, 8;
    %pushi/vec4 0, 0, 1;
    %assign/vec4 v0000000006632a80_0, 0;
    %jmp T_37.1;
T_37.0 ;
    %load/vec4 v0000000006633520_0;
    %assign/vec4 v0000000006632a80_0, 0;
T_37.1 ;
    %jmp T_37;
    .thread T_37;
    .scope S_00000000065c95f0;
T_38 ;
    %pushi/vec4 0, 0, 1;
    %store/vec4 v00000000066333e0_0, 0, 1;
    %end;
    .thread T_38;
    .scope S_00000000065c95f0;
T_39 ;
    %wait E_00000000065b8490;
    %load/vec4 v0000000006631fe0_0;
    %flag_set/vec4 8;
    %jmp/0xz  T_39.0, 8;
    %pushi/vec4 1, 0, 1;
    %assign/vec4 v00000000066333e0_0, 0;
    %jmp T_39.1;
T_39.0 ;
    %load/vec4 v0000000006633340_0;
    %assign/vec4 v00000000066333e0_0, 0;
T_39.1 ;
    %jmp T_39;
    .thread T_39;
    .scope S_00000000065c9780;
T_40 ;
    %pushi/vec4 0, 0, 1;
    %store/vec4 v0000000006632bc0_0, 0, 1;
    %end;
    .thread T_40;
    .scope S_00000000065c9780;
T_41 ;
    %wait E_00000000065b8190;
    %load/vec4 v0000000006632580_0;
    %flag_set/vec4 8;
    %jmp/0xz  T_41.0, 8;
    %pushi/vec4 0, 0, 1;
    %assign/vec4 v0000000006632bc0_0, 0;
    %jmp T_41.1;
T_41.0 ;
    %load/vec4 v0000000006633660_0;
    %assign/vec4 v0000000006632bc0_0, 0;
T_41.1 ;
    %jmp T_41;
    .thread T_41;
    .scope S_00000000065c8c90;
T_42 ;
    %pushi/vec4 0, 0, 1;
    %store/vec4 v0000000006632e40_0, 0, 1;
    %end;
    .thread T_42;
    .scope S_00000000065c8c90;
T_43 ;
    %wait E_00000000065b8410;
    %load/vec4 v0000000006632ee0_0;
    %flag_set/vec4 8;
    %jmp/0xz  T_43.0, 8;
    %pushi/vec4 1, 0, 1;
    %assign/vec4 v0000000006632e40_0, 0;
    %jmp T_43.1;
T_43.0 ;
    %load/vec4 v0000000006632080_0;
    %assign/vec4 v0000000006632e40_0, 0;
T_43.1 ;
    %jmp T_43;
    .thread T_43;
    .scope S_00000000065c8e20;
T_44 ;
    %pushi/vec4 0, 0, 1;
    %store/vec4 v0000000006631220_0, 0, 1;
    %end;
    .thread T_44;
    .scope S_00000000065c8e20;
T_45 ;
    %wait E_00000000065b8290;
    %load/vec4 v00000000066324e0_0;
    %flag_set/vec4 8;
    %jmp/0xz  T_45.0, 8;
    %pushi/vec4 0, 0, 1;
    %assign/vec4 v0000000006631220_0, 0;
    %jmp T_45.1;
T_45.0 ;
    %load/vec4 v0000000006631180_0;
    %assign/vec4 v0000000006631220_0, 0;
T_45.1 ;
    %jmp T_45;
    .thread T_45;
    .scope S_00000000065ca920;
T_46 ;
    %pushi/vec4 0, 0, 1;
    %store/vec4 v00000000066341a0_0, 0, 1;
    %end;
    .thread T_46;
    .scope S_00000000065ca920;
T_47 ;
    %wait E_00000000065b8810;
    %load/vec4 v0000000006633fc0_0;
    %flag_set/vec4 8;
    %jmp/0xz  T_47.0, 8;
    %pushi/vec4 1, 0, 1;
    %assign/vec4 v00000000066341a0_0, 0;
    %jmp T_47.1;
T_47.0 ;
    %load/vec4 v0000000006633a20_0;
    %assign/vec4 v00000000066341a0_0, 0;
T_47.1 ;
    %jmp T_47;
    .thread T_47;
    .scope S_00000000065ce620;
T_48 ;
    %wait E_00000000065b8850;
    %load/vec4 v0000000006634420_0;
    %assign/vec4 v0000000006634380_0, 0;
    %jmp T_48;
    .thread T_48;
    .scope S_00000000065ce620;
T_49 ;
    %wait E_00000000065b8850;
    %load/vec4 v0000000006634420_0;
    %flag_set/vec4 8;
    %jmp/0xz  T_49.0, 8;
    %load/vec4 v00000000066342e0_0;
    %assign/vec4 v0000000006634e20_0, 0;
T_49.0 ;
    %jmp T_49;
    .thread T_49;
    .scope S_00000000065ce620;
T_50 ;
    %wait E_00000000065b8710;
    %load/vec4 v0000000006634380_0;
    %flag_set/vec4 8;
    %jmp/0xz  T_50.0, 8;
    %load/vec4 v00000000066342e0_0;
    %assign/vec4 v0000000006634740_0, 0;
T_50.0 ;
    %jmp T_50;
    .thread T_50;
    .scope S_00000000065ce620;
T_51 ;
    %wait E_00000000065b8610;
    %load/vec4 v0000000006634420_0;
    %assign/vec4 v0000000006634560_0, 0;
    %jmp T_51;
    .thread T_51;
    .scope S_00000000065ce620;
T_52 ;
    %wait E_00000000065b8610;
    %load/vec4 v0000000006634420_0;
    %flag_set/vec4 8;
    %jmp/0xz  T_52.0, 8;
    %load/vec4 v0000000006634b00_0;
    %assign/vec4 v00000000066338e0_0, 0;
T_52.0 ;
    %jmp T_52;
    .thread T_52;
    .scope S_00000000065ce620;
T_53 ;
    %wait E_00000000065b86d0;
    %load/vec4 v0000000006634560_0;
    %flag_set/vec4 8;
    %jmp/0xz  T_53.0, 8;
    %load/vec4 v0000000006634060_0;
    %assign/vec4 v0000000006634d80_0, 0;
T_53.0 ;
    %jmp T_53;
    .thread T_53;
    .scope S_00000000065ce620;
T_54 ;
    %wait E_00000000065b8610;
    %load/vec4 v0000000006634420_0;
    %flag_set/vec4 8;
    %jmp/0xz  T_54.0, 8;
    %load/vec4 v0000000006633e80_0;
    %assign/vec4 v00000000066349c0_0, 0;
T_54.0 ;
    %jmp T_54;
    .thread T_54;
    .scope S_00000000065ce7b0;
T_55 ;
    %wait E_00000000065b8590;
    %load/vec4 v0000000006634e20_0;
    %store/vec4 v00000000066346a0_0, 0, 1;
    %load/vec4 v0000000006634740_0;
    %store/vec4 v0000000006633ac0_0, 0, 1;
    %jmp T_55;
    .thread T_55, $push;
    .scope S_00000000065ce7b0;
T_56 ;
    %wait E_00000000065b82d0;
    %load/vec4 v0000000006634240_0;
    %assign/vec4 v0000000006633980_0, 0;
    %jmp T_56;
    .thread T_56, $push;
    .scope S_00000000065ce7b0;
T_57 ;
    %wait E_00000000065b84d0;
    %load/vec4 v0000000006633980_0;
    %assign/vec4 v0000000006633b60_0, 0;
    %jmp T_57;
    .thread T_57, $push;
    .scope S_00000000065ce7b0;
T_58 ;
    %wait E_00000000065b8390;
    %load/vec4 v0000000006633b60_0;
    %pushi/vec4 0, 0, 1;
    %xor;
    %flag_set/vec4 8;
    %jmp/1 T_58.2, 8;
    %pushi/vec4 0, 0, 1;
    %flag_set/vec4 9;
    %flag_or 8, 9;
T_58.2;
    %jmp/0 T_58.0, 8;
    %load/vec4 v00000000066338e0_0;
    %jmp/1 T_58.1, 8;
T_58.0 ; End of true expr.
    %load/vec4 v0000000006634d80_0;
    %jmp/0 T_58.1, 8;
 ; End of false expr.
    %blend;
T_58.1;
    %store/vec4 v0000000006634920_0, 0, 1;
    %jmp T_58;
    .thread T_58, $push;
    .scope S_00000000065ce940;
T_59 ;
    %wait E_00000000065b8f10;
    %load/vec4 v0000000006636b70_0;
    %flag_set/vec4 8;
    %jmp/0xz  T_59.0, 8;
    %load/vec4 v0000000006638470_0;
    %assign/vec4 v00000000066386f0_0, 0;
T_59.0 ;
    %jmp T_59;
    .thread T_59;
    .scope S_00000000065ce940;
T_60 ;
    %wait E_00000000065b93d0;
    %load/vec4 v0000000006636b70_0;
    %flag_set/vec4 8;
    %jmp/0xz  T_60.0, 8;
    %load/vec4 v0000000006638470_0;
    %assign/vec4 v0000000006638ab0_0, 0;
T_60.0 ;
    %jmp T_60;
    .thread T_60;
    .scope S_00000000065ce940;
T_61 ;
    %wait E_00000000065b9c50;
    %load/vec4 v0000000006636b70_0;
    %flag_set/vec4 8;
    %jmp/0xz  T_61.0, 8;
    %load/vec4 v0000000006635db0_0;
    %assign/vec4 v0000000006637f70_0, 0;
T_61.0 ;
    %jmp T_61;
    .thread T_61;
    .scope S_00000000065ce940;
T_62 ;
    %wait E_00000000065b8d50;
    %load/vec4 v0000000006636b70_0;
    %flag_set/vec4 8;
    %jmp/0xz  T_62.0, 8;
    %load/vec4 v0000000006636210_0;
    %assign/vec4 v0000000006637d90_0, 0;
T_62.0 ;
    %jmp T_62;
    .thread T_62;
    .scope S_00000000065ce940;
T_63 ;
    %wait E_00000000065b9c50;
    %load/vec4 v0000000006636b70_0;
    %flag_set/vec4 8;
    %jmp/0xz  T_63.0, 8;
    %load/vec4 v0000000006638c90_0;
    %assign/vec4 v0000000006638970_0, 0;
T_63.0 ;
    %jmp T_63;
    .thread T_63;
    .scope S_00000000065ca150;
T_64 ;
    %wait E_00000000065b9210;
    %load/vec4 v00000000066386f0_0;
    %store/vec4 v0000000006638d30_0, 0, 1;
    %load/vec4 v0000000006638ab0_0;
    %store/vec4 v0000000006638dd0_0, 0, 1;
    %jmp T_64;
    .thread T_64, $push;
    .scope S_00000000065ca150;
T_65 ;
    %wait E_00000000065b9910;
    %load/vec4 v0000000006636490_0;
    %assign/vec4 v0000000006639230_0, 0;
    %jmp T_65;
    .thread T_65, $push;
    .scope S_00000000065ca150;
T_66 ;
    %wait E_00000000065b96d0;
    %load/vec4 v0000000006639230_0;
    %assign/vec4 v0000000006638e70_0, 0;
    %jmp T_66;
    .thread T_66, $push;
    .scope S_00000000065ca150;
T_67 ;
    %wait E_00000000065b8890;
    %load/vec4 v0000000006638e70_0;
    %pushi/vec4 0, 0, 1;
    %xor;
    %flag_set/vec4 8;
    %jmp/1 T_67.2, 8;
    %pushi/vec4 0, 0, 1;
    %flag_set/vec4 9;
    %flag_or 8, 9;
T_67.2;
    %jmp/0 T_67.0, 8;
    %load/vec4 v0000000006637f70_0;
    %jmp/1 T_67.1, 8;
T_67.0 ; End of true expr.
    %load/vec4 v0000000006637d90_0;
    %jmp/0 T_67.1, 8;
 ; End of false expr.
    %blend;
T_67.1;
    %store/vec4 v0000000006637e30_0, 0, 1;
    %jmp T_67;
    .thread T_67, $push;
    .scope S_00000000065cead0;
T_68 ;
    %wait E_00000000065b9890;
    %load/vec4 v0000000006638b50_0;
    %flag_set/vec4 8;
    %jmp/0xz  T_68.0, 8;
    %load/vec4 v0000000006638bf0_0;
    %assign/vec4 v0000000006637cf0_0, 0;
T_68.0 ;
    %jmp T_68;
    .thread T_68;
    .scope S_00000000065cead0;
T_69 ;
    %wait E_00000000065b9110;
    %load/vec4 v0000000006638b50_0;
    %flag_set/vec4 8;
    %jmp/0xz  T_69.0, 8;
    %load/vec4 v0000000006638bf0_0;
    %assign/vec4 v00000000066380b0_0, 0;
T_69.0 ;
    %jmp T_69;
    .thread T_69;
    .scope S_00000000065cead0;
T_70 ;
    %wait E_00000000065b9410;
    %load/vec4 v0000000006638b50_0;
    %flag_set/vec4 8;
    %jmp/0xz  T_70.0, 8;
    %load/vec4 v0000000006638330_0;
    %assign/vec4 v0000000006638150_0, 0;
T_70.0 ;
    %jmp T_70;
    .thread T_70;
    .scope S_00000000065cead0;
T_71 ;
    %wait E_00000000065b9610;
    %load/vec4 v0000000006638b50_0;
    %flag_set/vec4 8;
    %jmp/0xz  T_71.0, 8;
    %load/vec4 v0000000006637c50_0;
    %assign/vec4 v0000000006638510_0, 0;
T_71.0 ;
    %jmp T_71;
    .thread T_71;
    .scope S_00000000065cead0;
T_72 ;
    %wait E_00000000065b9410;
    %load/vec4 v0000000006638b50_0;
    %flag_set/vec4 8;
    %jmp/0xz  T_72.0, 8;
    %load/vec4 v0000000006638790_0;
    %assign/vec4 v00000000066385b0_0, 0;
T_72.0 ;
    %jmp T_72;
    .thread T_72;
    .scope S_00000000065ca600;
T_73 ;
    %wait E_00000000065b8e50;
    %load/vec4 v0000000006637cf0_0;
    %store/vec4 v0000000006638830_0, 0, 1;
    %load/vec4 v00000000066380b0_0;
    %store/vec4 v00000000066390f0_0, 0, 1;
    %jmp T_73;
    .thread T_73, $push;
    .scope S_00000000065ca600;
T_74 ;
    %wait E_00000000065b9190;
    %load/vec4 v0000000006637ed0_0;
    %assign/vec4 v00000000066381f0_0, 0;
    %jmp T_74;
    .thread T_74, $push;
    .scope S_00000000065ca600;
T_75 ;
    %wait E_00000000065b9b90;
    %load/vec4 v00000000066381f0_0;
    %assign/vec4 v0000000006638290_0, 0;
    %jmp T_75;
    .thread T_75, $push;
    .scope S_00000000065ca600;
T_76 ;
    %wait E_00000000065b9010;
    %load/vec4 v0000000006638290_0;
    %pushi/vec4 0, 0, 1;
    %xor;
    %flag_set/vec4 8;
    %jmp/1 T_76.2, 8;
    %pushi/vec4 0, 0, 1;
    %flag_set/vec4 9;
    %flag_or 8, 9;
T_76.2;
    %jmp/0 T_76.0, 8;
    %load/vec4 v0000000006638150_0;
    %jmp/1 T_76.1, 8;
T_76.0 ; End of true expr.
    %load/vec4 v0000000006638510_0;
    %jmp/0 T_76.1, 8;
 ; End of false expr.
    %blend;
T_76.1;
    %store/vec4 v0000000006638a10_0, 0, 1;
    %jmp T_76;
    .thread T_76, $push;
    .scope S_00000000065cadd0;
T_77 ;
    %wait E_00000000065b8d90;
    %load/vec4 v0000000006639a00_0;
    %flag_set/vec4 8;
    %jmp/0xz  T_77.0, 8;
    %pushi/vec4 0, 0, 16;
    %assign/vec4 v0000000006643a50_0, 0;
    %pushi/vec4 0, 0, 16;
    %assign/vec4 v0000000006641430_0, 0;
    %jmp T_77.1;
T_77.0 ;
    %load/vec4 v000000000663b800_0;
    %flag_set/vec4 8;
    %jmp/0xz  T_77.2, 8;
    %load/vec4 v0000000006639b40_0;
    %nor/r;
    %flag_set/vec4 8;
    %jmp/0xz  T_77.4, 8;
    %load/vec4 v000000000663b620_0;
    %assign/vec4 v0000000006643a50_0, 0;
T_77.4 ;
    %load/vec4 v000000000663b3a0_0;
    %nor/r;
    %flag_set/vec4 8;
    %jmp/0xz  T_77.6, 8;
    %load/vec4 v000000000663b260_0;
    %assign/vec4 v0000000006641430_0, 0;
T_77.6 ;
T_77.2 ;
T_77.1 ;
    %jmp T_77;
    .thread T_77;
    .scope S_00000000065cadd0;
T_78 ;
    %wait E_00000000065b9050;
    %load/vec4 v0000000006639820_0;
    %flag_set/vec4 8;
    %jmp/0xz  T_78.0, 8;
    %pushi/vec4 0, 0, 16;
    %assign/vec4 v0000000006643f50_0, 0;
    %pushi/vec4 0, 0, 16;
    %assign/vec4 v0000000006642830_0, 0;
    %jmp T_78.1;
T_78.0 ;
    %load/vec4 v000000000663b800_0;
    %flag_set/vec4 8;
    %jmp/0xz  T_78.2, 8;
    %load/vec4 v000000000663b580_0;
    %nor/r;
    %flag_set/vec4 8;
    %jmp/0xz  T_78.4, 8;
    %load/vec4 v000000000663b760_0;
    %assign/vec4 v0000000006643f50_0, 0;
T_78.4 ;
    %load/vec4 v000000000663a040_0;
    %nor/r;
    %flag_set/vec4 8;
    %jmp/0xz  T_78.6, 8;
    %load/vec4 v0000000006639460_0;
    %assign/vec4 v0000000006642830_0, 0;
T_78.6 ;
T_78.2 ;
T_78.1 ;
    %jmp T_78;
    .thread T_78;
    .scope S_00000000065cadd0;
T_79 ;
    %wait E_00000000065b8d90;
    %load/vec4 v0000000006639a00_0;
    %flag_set/vec4 8;
    %jmp/0xz  T_79.0, 8;
    %pushi/vec4 0, 0, 16;
    %assign/vec4 v0000000006644450_0, 0;
    %pushi/vec4 0, 0, 16;
    %assign/vec4 v0000000006644130_0, 0;
    %jmp T_79.1;
T_79.0 ;
    %load/vec4 v000000000663b800_0;
    %flag_set/vec4 8;
    %jmp/0xz  T_79.2, 8;
    %load/vec4 v0000000006641250_0;
    %assign/vec4 v0000000006644450_0, 0;
    %load/vec4 v000000000663ff90_0;
    %assign/vec4 v0000000006644130_0, 0;
T_79.2 ;
T_79.1 ;
    %jmp T_79;
    .thread T_79;
    .scope S_00000000065cadd0;
T_80 ;
    %wait E_00000000065b9050;
    %load/vec4 v0000000006639820_0;
    %flag_set/vec4 8;
    %jmp/0xz  T_80.0, 8;
    %pushi/vec4 0, 0, 16;
    %assign/vec4 v0000000006643370_0, 0;
    %pushi/vec4 0, 0, 16;
    %assign/vec4 v0000000006643c30_0, 0;
    %jmp T_80.1;
T_80.0 ;
    %load/vec4 v000000000663b800_0;
    %flag_set/vec4 8;
    %jmp/0xz  T_80.2, 8;
    %load/vec4 v000000000663fdb0_0;
    %assign/vec4 v0000000006643370_0, 0;
    %load/vec4 v00000000066405d0_0;
    %assign/vec4 v0000000006643c30_0, 0;
T_80.2 ;
T_80.1 ;
    %jmp T_80;
    .thread T_80;
    .scope S_00000000065cadd0;
T_81 ;
    %wait E_00000000065b9050;
    %load/vec4 v0000000006639820_0;
    %flag_set/vec4 8;
    %jmp/0xz  T_81.0, 8;
    %pushi/vec4 0, 0, 32;
    %assign/vec4 v0000000006644770_0, 0;
    %jmp T_81.1;
T_81.0 ;
    %load/vec4 v000000000663b800_0;
    %flag_set/vec4 8;
    %jmp/0xz  T_81.2, 8;
    %load/vec4 v0000000006640850_0;
    %assign/vec4 v0000000006644770_0, 0;
T_81.2 ;
T_81.1 ;
    %jmp T_81;
    .thread T_81;
    .scope S_00000000065cadd0;
T_82 ;
    %wait E_00000000065b8f90;
    %load/vec4 v000000000663cca0_0;
    %flag_set/vec4 8;
    %jmp/0xz  T_82.0, 8;
    %pushi/vec4 0, 0, 16;
    %assign/vec4 v0000000006643230_0, 0;
    %jmp T_82.1;
T_82.0 ;
    %load/vec4 v000000000663b800_0;
    %flag_set/vec4 8;
    %jmp/0xz  T_82.2, 8;
    %load/vec4 v000000000663c5c0_0;
    %nor/r;
    %flag_set/vec4 8;
    %jmp/0xz  T_82.4, 8;
    %load/vec4 v0000000006640990_0;
    %assign/vec4 v0000000006643230_0, 0;
T_82.4 ;
T_82.2 ;
T_82.1 ;
    %jmp T_82;
    .thread T_82;
    .scope S_00000000065cadd0;
T_83 ;
    %wait E_00000000065b9750;
    %load/vec4 v000000000663bda0_0;
    %flag_set/vec4 8;
    %jmp/0xz  T_83.0, 8;
    %pushi/vec4 0, 0, 16;
    %assign/vec4 v0000000006644270_0, 0;
    %jmp T_83.1;
T_83.0 ;
    %load/vec4 v000000000663b800_0;
    %flag_set/vec4 8;
    %jmp/0xz  T_83.2, 8;
    %load/vec4 v000000000663c340_0;
    %nor/r;
    %flag_set/vec4 8;
    %jmp/0xz  T_83.4, 8;
    %load/vec4 v000000000663fbd0_0;
    %assign/vec4 v0000000006644270_0, 0;
T_83.4 ;
T_83.2 ;
T_83.1 ;
    %jmp T_83;
    .thread T_83;
    .scope S_00000000065cf430;
T_84 ;
    %pushi/vec4 0, 0, 32;
    %store/vec4 v000000000663dd30_0, 0, 32;
T_84.0 ; Top of for-loop 
    %load/vec4 v000000000663dd30_0;
    %cmpi/s 16, 0, 32;
    %jmp/0xz T_84.1, 5;
    %pushi/vec4 0, 0, 256;
    %load/vec4 v000000000663dd30_0;
    %muli 16, 0, 32;
    %part/s 16;
    %pushi/vec4 0, 0, 32;
    %load/vec4 v000000000663dd30_0;
    %add;
    %ix/vec4/s 4;
    %store/vec4a v000000000663f9f0, 4, 0;
    %pushi/vec4 0, 0, 256;
    %load/vec4 v000000000663dd30_0;
    %muli 16, 0, 32;
    %part/s 16;
    %pushi/vec4 16, 0, 32;
    %load/vec4 v000000000663dd30_0;
    %add;
    %ix/vec4/s 4;
    %store/vec4a v000000000663f9f0, 4, 0;
    %pushi/vec4 0, 0, 256;
    %load/vec4 v000000000663dd30_0;
    %muli 16, 0, 32;
    %part/s 16;
    %pushi/vec4 32, 0, 32;
    %load/vec4 v000000000663dd30_0;
    %add;
    %ix/vec4/s 4;
    %store/vec4a v000000000663f9f0, 4, 0;
    %pushi/vec4 0, 0, 256;
    %load/vec4 v000000000663dd30_0;
    %muli 16, 0, 32;
    %part/s 16;
    %pushi/vec4 48, 0, 32;
    %load/vec4 v000000000663dd30_0;
    %add;
    %ix/vec4/s 4;
    %store/vec4a v000000000663f9f0, 4, 0;
    %pushi/vec4 0, 0, 256;
    %load/vec4 v000000000663dd30_0;
    %muli 16, 0, 32;
    %part/s 16;
    %pushi/vec4 64, 0, 32;
    %load/vec4 v000000000663dd30_0;
    %add;
    %ix/vec4/s 4;
    %store/vec4a v000000000663f9f0, 4, 0;
    %pushi/vec4 0, 0, 256;
    %load/vec4 v000000000663dd30_0;
    %muli 16, 0, 32;
    %part/s 16;
    %pushi/vec4 80, 0, 32;
    %load/vec4 v000000000663dd30_0;
    %add;
    %ix/vec4/s 4;
    %store/vec4a v000000000663f9f0, 4, 0;
    %pushi/vec4 0, 0, 256;
    %load/vec4 v000000000663dd30_0;
    %muli 16, 0, 32;
    %part/s 16;
    %pushi/vec4 96, 0, 32;
    %load/vec4 v000000000663dd30_0;
    %add;
    %ix/vec4/s 4;
    %store/vec4a v000000000663f9f0, 4, 0;
    %pushi/vec4 0, 0, 256;
    %load/vec4 v000000000663dd30_0;
    %muli 16, 0, 32;
    %part/s 16;
    %pushi/vec4 112, 0, 32;
    %load/vec4 v000000000663dd30_0;
    %add;
    %ix/vec4/s 4;
    %store/vec4a v000000000663f9f0, 4, 0;
    %pushi/vec4 0, 0, 256;
    %load/vec4 v000000000663dd30_0;
    %muli 16, 0, 32;
    %part/s 16;
    %pushi/vec4 128, 0, 32;
    %load/vec4 v000000000663dd30_0;
    %add;
    %ix/vec4/s 4;
    %store/vec4a v000000000663f9f0, 4, 0;
    %pushi/vec4 0, 0, 256;
    %load/vec4 v000000000663dd30_0;
    %muli 16, 0, 32;
    %part/s 16;
    %pushi/vec4 144, 0, 32;
    %load/vec4 v000000000663dd30_0;
    %add;
    %ix/vec4/s 4;
    %store/vec4a v000000000663f9f0, 4, 0;
    %pushi/vec4 0, 0, 256;
    %load/vec4 v000000000663dd30_0;
    %muli 16, 0, 32;
    %part/s 16;
    %pushi/vec4 160, 0, 32;
    %load/vec4 v000000000663dd30_0;
    %add;
    %ix/vec4/s 4;
    %store/vec4a v000000000663f9f0, 4, 0;
    %pushi/vec4 0, 0, 256;
    %load/vec4 v000000000663dd30_0;
    %muli 16, 0, 32;
    %part/s 16;
    %pushi/vec4 176, 0, 32;
    %load/vec4 v000000000663dd30_0;
    %add;
    %ix/vec4/s 4;
    %store/vec4a v000000000663f9f0, 4, 0;
    %pushi/vec4 0, 0, 256;
    %load/vec4 v000000000663dd30_0;
    %muli 16, 0, 32;
    %part/s 16;
    %pushi/vec4 192, 0, 32;
    %load/vec4 v000000000663dd30_0;
    %add;
    %ix/vec4/s 4;
    %store/vec4a v000000000663f9f0, 4, 0;
    %pushi/vec4 0, 0, 256;
    %load/vec4 v000000000663dd30_0;
    %muli 16, 0, 32;
    %part/s 16;
    %pushi/vec4 208, 0, 32;
    %load/vec4 v000000000663dd30_0;
    %add;
    %ix/vec4/s 4;
    %store/vec4a v000000000663f9f0, 4, 0;
    %pushi/vec4 0, 0, 256;
    %load/vec4 v000000000663dd30_0;
    %muli 16, 0, 32;
    %part/s 16;
    %pushi/vec4 224, 0, 32;
    %load/vec4 v000000000663dd30_0;
    %add;
    %ix/vec4/s 4;
    %store/vec4a v000000000663f9f0, 4, 0;
    %pushi/vec4 0, 0, 256;
    %load/vec4 v000000000663dd30_0;
    %muli 16, 0, 32;
    %part/s 16;
    %pushi/vec4 240, 0, 32;
    %load/vec4 v000000000663dd30_0;
    %add;
    %ix/vec4/s 4;
    %store/vec4a v000000000663f9f0, 4, 0;
T_84.2 ; for-loop step statement
    %load/vec4 v000000000663dd30_0;
    %addi 1, 0, 32;
    %store/vec4 v000000000663dd30_0, 0, 32;
    %jmp T_84.0;
T_84.1 ; for-loop exit label
    %end;
    .thread T_84;
    .scope S_00000000065cf430;
T_85 ;
    %wait E_00000000065b9850;
    %load/vec4 v000000000663e870_0;
    %flag_set/vec4 9;
    %flag_get/vec4 9;
    %jmp/0 T_85.2, 9;
    %load/vec4 v000000000663eb90_0;
    %and;
T_85.2;
    %flag_set/vec4 8;
    %jmp/0xz  T_85.0, 8;
    %load/vec4 v000000000663f090_0;
    %parti/s 1, 0, 2;
    %nor/r;
    %flag_set/vec4 8;
    %jmp/0xz  T_85.3, 8;
    %load/vec4 v000000000663ecd0_0;
    %parti/s 1, 0, 2;
    %load/vec4 v000000000663dc90_0;
    %parti/s 8, 0, 2;
    %pad/u 10;
    %ix/vec4 3;
    %ix/load 4, 0, 0; Constant delay
    %assign/vec4/a/d v000000000663f9f0, 0, 4;
T_85.3 ;
    %load/vec4 v000000000663f090_0;
    %parti/s 1, 1, 2;
    %nor/r;
    %flag_set/vec4 8;
    %jmp/0xz  T_85.5, 8;
    %load/vec4 v000000000663ecd0_0;
    %parti/s 1, 1, 2;
    %load/vec4 v000000000663dc90_0;
    %parti/s 8, 0, 2;
    %pad/u 10;
    %ix/vec4 3;
    %ix/load 4, 1, 0; part off
    %ix/load 5, 0, 0; Constant delay
    %assign/vec4/a/d v000000000663f9f0, 4, 5;
T_85.5 ;
    %load/vec4 v000000000663f090_0;
    %parti/s 1, 2, 3;
    %nor/r;
    %flag_set/vec4 8;
    %jmp/0xz  T_85.7, 8;
    %load/vec4 v000000000663ecd0_0;
    %parti/s 1, 2, 3;
    %load/vec4 v000000000663dc90_0;
    %parti/s 8, 0, 2;
    %pad/u 10;
    %ix/vec4 3;
    %ix/load 4, 2, 0; part off
    %ix/load 5, 0, 0; Constant delay
    %assign/vec4/a/d v000000000663f9f0, 4, 5;
T_85.7 ;
    %load/vec4 v000000000663f090_0;
    %parti/s 1, 3, 3;
    %nor/r;
    %flag_set/vec4 8;
    %jmp/0xz  T_85.9, 8;
    %load/vec4 v000000000663ecd0_0;
    %parti/s 1, 3, 3;
    %load/vec4 v000000000663dc90_0;
    %parti/s 8, 0, 2;
    %pad/u 10;
    %ix/vec4 3;
    %ix/load 4, 3, 0; part off
    %ix/load 5, 0, 0; Constant delay
    %assign/vec4/a/d v000000000663f9f0, 4, 5;
T_85.9 ;
    %load/vec4 v000000000663f090_0;
    %parti/s 1, 4, 4;
    %nor/r;
    %flag_set/vec4 8;
    %jmp/0xz  T_85.11, 8;
    %load/vec4 v000000000663ecd0_0;
    %parti/s 1, 4, 4;
    %load/vec4 v000000000663dc90_0;
    %parti/s 8, 0, 2;
    %pad/u 10;
    %ix/vec4 3;
    %ix/load 4, 4, 0; part off
    %ix/load 5, 0, 0; Constant delay
    %assign/vec4/a/d v000000000663f9f0, 4, 5;
T_85.11 ;
    %load/vec4 v000000000663f090_0;
    %parti/s 1, 5, 4;
    %nor/r;
    %flag_set/vec4 8;
    %jmp/0xz  T_85.13, 8;
    %load/vec4 v000000000663ecd0_0;
    %parti/s 1, 5, 4;
    %load/vec4 v000000000663dc90_0;
    %parti/s 8, 0, 2;
    %pad/u 10;
    %ix/vec4 3;
    %ix/load 4, 5, 0; part off
    %ix/load 5, 0, 0; Constant delay
    %assign/vec4/a/d v000000000663f9f0, 4, 5;
T_85.13 ;
    %load/vec4 v000000000663f090_0;
    %parti/s 1, 6, 4;
    %nor/r;
    %flag_set/vec4 8;
    %jmp/0xz  T_85.15, 8;
    %load/vec4 v000000000663ecd0_0;
    %parti/s 1, 6, 4;
    %load/vec4 v000000000663dc90_0;
    %parti/s 8, 0, 2;
    %pad/u 10;
    %ix/vec4 3;
    %ix/load 4, 6, 0; part off
    %ix/load 5, 0, 0; Constant delay
    %assign/vec4/a/d v000000000663f9f0, 4, 5;
T_85.15 ;
    %load/vec4 v000000000663f090_0;
    %parti/s 1, 7, 4;
    %nor/r;
    %flag_set/vec4 8;
    %jmp/0xz  T_85.17, 8;
    %load/vec4 v000000000663ecd0_0;
    %parti/s 1, 7, 4;
    %load/vec4 v000000000663dc90_0;
    %parti/s 8, 0, 2;
    %pad/u 10;
    %ix/vec4 3;
    %ix/load 4, 7, 0; part off
    %ix/load 5, 0, 0; Constant delay
    %assign/vec4/a/d v000000000663f9f0, 4, 5;
T_85.17 ;
    %load/vec4 v000000000663f090_0;
    %parti/s 1, 8, 5;
    %nor/r;
    %flag_set/vec4 8;
    %jmp/0xz  T_85.19, 8;
    %load/vec4 v000000000663ecd0_0;
    %parti/s 1, 8, 5;
    %load/vec4 v000000000663dc90_0;
    %parti/s 8, 0, 2;
    %pad/u 10;
    %ix/vec4 3;
    %ix/load 4, 8, 0; part off
    %ix/load 5, 0, 0; Constant delay
    %assign/vec4/a/d v000000000663f9f0, 4, 5;
T_85.19 ;
    %load/vec4 v000000000663f090_0;
    %parti/s 1, 9, 5;
    %nor/r;
    %flag_set/vec4 8;
    %jmp/0xz  T_85.21, 8;
    %load/vec4 v000000000663ecd0_0;
    %parti/s 1, 9, 5;
    %load/vec4 v000000000663dc90_0;
    %parti/s 8, 0, 2;
    %pad/u 10;
    %ix/vec4 3;
    %ix/load 4, 9, 0; part off
    %ix/load 5, 0, 0; Constant delay
    %assign/vec4/a/d v000000000663f9f0, 4, 5;
T_85.21 ;
    %load/vec4 v000000000663f090_0;
    %parti/s 1, 10, 5;
    %nor/r;
    %flag_set/vec4 8;
    %jmp/0xz  T_85.23, 8;
    %load/vec4 v000000000663ecd0_0;
    %parti/s 1, 10, 5;
    %load/vec4 v000000000663dc90_0;
    %parti/s 8, 0, 2;
    %pad/u 10;
    %ix/vec4 3;
    %ix/load 4, 10, 0; part off
    %ix/load 5, 0, 0; Constant delay
    %assign/vec4/a/d v000000000663f9f0, 4, 5;
T_85.23 ;
    %load/vec4 v000000000663f090_0;
    %parti/s 1, 11, 5;
    %nor/r;
    %flag_set/vec4 8;
    %jmp/0xz  T_85.25, 8;
    %load/vec4 v000000000663ecd0_0;
    %parti/s 1, 11, 5;
    %load/vec4 v000000000663dc90_0;
    %parti/s 8, 0, 2;
    %pad/u 10;
    %ix/vec4 3;
    %ix/load 4, 11, 0; part off
    %ix/load 5, 0, 0; Constant delay
    %assign/vec4/a/d v000000000663f9f0, 4, 5;
T_85.25 ;
    %load/vec4 v000000000663f090_0;
    %parti/s 1, 12, 5;
    %nor/r;
    %flag_set/vec4 8;
    %jmp/0xz  T_85.27, 8;
    %load/vec4 v000000000663ecd0_0;
    %parti/s 1, 12, 5;
    %load/vec4 v000000000663dc90_0;
    %parti/s 8, 0, 2;
    %pad/u 10;
    %ix/vec4 3;
    %ix/load 4, 12, 0; part off
    %ix/load 5, 0, 0; Constant delay
    %assign/vec4/a/d v000000000663f9f0, 4, 5;
T_85.27 ;
    %load/vec4 v000000000663f090_0;
    %parti/s 1, 13, 5;
    %nor/r;
    %flag_set/vec4 8;
    %jmp/0xz  T_85.29, 8;
    %load/vec4 v000000000663ecd0_0;
    %parti/s 1, 13, 5;
    %load/vec4 v000000000663dc90_0;
    %parti/s 8, 0, 2;
    %pad/u 10;
    %ix/vec4 3;
    %ix/load 4, 13, 0; part off
    %ix/load 5, 0, 0; Constant delay
    %assign/vec4/a/d v000000000663f9f0, 4, 5;
T_85.29 ;
    %load/vec4 v000000000663f090_0;
    %parti/s 1, 14, 5;
    %nor/r;
    %flag_set/vec4 8;
    %jmp/0xz  T_85.31, 8;
    %load/vec4 v000000000663ecd0_0;
    %parti/s 1, 14, 5;
    %load/vec4 v000000000663dc90_0;
    %parti/s 8, 0, 2;
    %pad/u 10;
    %ix/vec4 3;
    %ix/load 4, 14, 0; part off
    %ix/load 5, 0, 0; Constant delay
    %assign/vec4/a/d v000000000663f9f0, 4, 5;
T_85.31 ;
    %load/vec4 v000000000663f090_0;
    %parti/s 1, 15, 5;
    %nor/r;
    %flag_set/vec4 8;
    %jmp/0xz  T_85.33, 8;
    %load/vec4 v000000000663ecd0_0;
    %parti/s 1, 15, 5;
    %load/vec4 v000000000663dc90_0;
    %parti/s 8, 0, 2;
    %pad/u 10;
    %ix/vec4 3;
    %ix/load 4, 15, 0; part off
    %ix/load 5, 0, 0; Constant delay
    %assign/vec4/a/d v000000000663f9f0, 4, 5;
T_85.33 ;
T_85.0 ;
    %jmp T_85;
    .thread T_85;
    .scope S_00000000065cf430;
T_86 ;
    %wait E_00000000065b8f50;
    %load/vec4 v000000000663d8d0_0;
    %flag_set/vec4 9;
    %flag_get/vec4 9;
    %jmp/0 T_86.2, 9;
    %load/vec4 v000000000663d3d0_0;
    %and;
T_86.2;
    %flag_set/vec4 8;
    %jmp/0xz  T_86.0, 8;
    %load/vec4 v000000000663f4f0_0;
    %parti/s 8, 0, 2;
    %pad/u 10;
    %ix/vec4 4;
    %load/vec4a v000000000663f9f0, 4;
    %load/vec4 v000000000663e050_0;
    %inv;
    %and;
    %assign/vec4 v000000000663d790_0, 0;
T_86.0 ;
    %jmp T_86;
    .thread T_86;
    .scope S_0000000006653bd0;
T_87 ;
    %pushi/vec4 0, 0, 32;
    %store/vec4 v000000000663e2d0_0, 0, 32;
T_87.0 ; Top of for-loop 
    %load/vec4 v000000000663e2d0_0;
    %cmpi/s 16, 0, 32;
    %jmp/0xz T_87.1, 5;
    %pushi/vec4 0, 0, 256;
    %load/vec4 v000000000663e2d0_0;
    %muli 16, 0, 32;
    %part/s 16;
    %pushi/vec4 0, 0, 32;
    %load/vec4 v000000000663e2d0_0;
    %add;
    %ix/vec4/s 4;
    %store/vec4a v000000000663f590, 4, 0;
    %pushi/vec4 0, 0, 256;
    %load/vec4 v000000000663e2d0_0;
    %muli 16, 0, 32;
    %part/s 16;
    %pushi/vec4 16, 0, 32;
    %load/vec4 v000000000663e2d0_0;
    %add;
    %ix/vec4/s 4;
    %store/vec4a v000000000663f590, 4, 0;
    %pushi/vec4 0, 0, 256;
    %load/vec4 v000000000663e2d0_0;
    %muli 16, 0, 32;
    %part/s 16;
    %pushi/vec4 32, 0, 32;
    %load/vec4 v000000000663e2d0_0;
    %add;
    %ix/vec4/s 4;
    %store/vec4a v000000000663f590, 4, 0;
    %pushi/vec4 0, 0, 256;
    %load/vec4 v000000000663e2d0_0;
    %muli 16, 0, 32;
    %part/s 16;
    %pushi/vec4 48, 0, 32;
    %load/vec4 v000000000663e2d0_0;
    %add;
    %ix/vec4/s 4;
    %store/vec4a v000000000663f590, 4, 0;
    %pushi/vec4 0, 0, 256;
    %load/vec4 v000000000663e2d0_0;
    %muli 16, 0, 32;
    %part/s 16;
    %pushi/vec4 64, 0, 32;
    %load/vec4 v000000000663e2d0_0;
    %add;
    %ix/vec4/s 4;
    %store/vec4a v000000000663f590, 4, 0;
    %pushi/vec4 0, 0, 256;
    %load/vec4 v000000000663e2d0_0;
    %muli 16, 0, 32;
    %part/s 16;
    %pushi/vec4 80, 0, 32;
    %load/vec4 v000000000663e2d0_0;
    %add;
    %ix/vec4/s 4;
    %store/vec4a v000000000663f590, 4, 0;
    %pushi/vec4 0, 0, 256;
    %load/vec4 v000000000663e2d0_0;
    %muli 16, 0, 32;
    %part/s 16;
    %pushi/vec4 96, 0, 32;
    %load/vec4 v000000000663e2d0_0;
    %add;
    %ix/vec4/s 4;
    %store/vec4a v000000000663f590, 4, 0;
    %pushi/vec4 0, 0, 256;
    %load/vec4 v000000000663e2d0_0;
    %muli 16, 0, 32;
    %part/s 16;
    %pushi/vec4 112, 0, 32;
    %load/vec4 v000000000663e2d0_0;
    %add;
    %ix/vec4/s 4;
    %store/vec4a v000000000663f590, 4, 0;
    %pushi/vec4 0, 0, 256;
    %load/vec4 v000000000663e2d0_0;
    %muli 16, 0, 32;
    %part/s 16;
    %pushi/vec4 128, 0, 32;
    %load/vec4 v000000000663e2d0_0;
    %add;
    %ix/vec4/s 4;
    %store/vec4a v000000000663f590, 4, 0;
    %pushi/vec4 0, 0, 256;
    %load/vec4 v000000000663e2d0_0;
    %muli 16, 0, 32;
    %part/s 16;
    %pushi/vec4 144, 0, 32;
    %load/vec4 v000000000663e2d0_0;
    %add;
    %ix/vec4/s 4;
    %store/vec4a v000000000663f590, 4, 0;
    %pushi/vec4 0, 0, 256;
    %load/vec4 v000000000663e2d0_0;
    %muli 16, 0, 32;
    %part/s 16;
    %pushi/vec4 160, 0, 32;
    %load/vec4 v000000000663e2d0_0;
    %add;
    %ix/vec4/s 4;
    %store/vec4a v000000000663f590, 4, 0;
    %pushi/vec4 0, 0, 256;
    %load/vec4 v000000000663e2d0_0;
    %muli 16, 0, 32;
    %part/s 16;
    %pushi/vec4 176, 0, 32;
    %load/vec4 v000000000663e2d0_0;
    %add;
    %ix/vec4/s 4;
    %store/vec4a v000000000663f590, 4, 0;
    %pushi/vec4 0, 0, 256;
    %load/vec4 v000000000663e2d0_0;
    %muli 16, 0, 32;
    %part/s 16;
    %pushi/vec4 192, 0, 32;
    %load/vec4 v000000000663e2d0_0;
    %add;
    %ix/vec4/s 4;
    %store/vec4a v000000000663f590, 4, 0;
    %pushi/vec4 0, 0, 256;
    %load/vec4 v000000000663e2d0_0;
    %muli 16, 0, 32;
    %part/s 16;
    %pushi/vec4 208, 0, 32;
    %load/vec4 v000000000663e2d0_0;
    %add;
    %ix/vec4/s 4;
    %store/vec4a v000000000663f590, 4, 0;
    %pushi/vec4 0, 0, 256;
    %load/vec4 v000000000663e2d0_0;
    %muli 16, 0, 32;
    %part/s 16;
    %pushi/vec4 224, 0, 32;
    %load/vec4 v000000000663e2d0_0;
    %add;
    %ix/vec4/s 4;
    %store/vec4a v000000000663f590, 4, 0;
    %pushi/vec4 0, 0, 256;
    %load/vec4 v000000000663e2d0_0;
    %muli 16, 0, 32;
    %part/s 16;
    %pushi/vec4 240, 0, 32;
    %load/vec4 v000000000663e2d0_0;
    %add;
    %ix/vec4/s 4;
    %store/vec4a v000000000663f590, 4, 0;
T_87.2 ; for-loop step statement
    %load/vec4 v000000000663e2d0_0;
    %addi 1, 0, 32;
    %store/vec4 v000000000663e2d0_0, 0, 32;
    %jmp T_87.0;
T_87.1 ; for-loop exit label
    %end;
    .thread T_87;
    .scope S_0000000006653bd0;
T_88 ;
    %wait E_00000000065b9450;
    %load/vec4 v000000000663e190_0;
    %flag_set/vec4 9;
    %flag_get/vec4 9;
    %jmp/0 T_88.2, 9;
    %load/vec4 v000000000663f450_0;
    %and;
T_88.2;
    %flag_set/vec4 8;
    %jmp/0xz  T_88.0, 8;
    %load/vec4 v000000000663e5f0_0;
    %parti/s 1, 0, 2;
    %nor/r;
    %flag_set/vec4 8;
    %jmp/0xz  T_88.3, 8;
    %load/vec4 v000000000663dfb0_0;
    %parti/s 1, 0, 2;
    %load/vec4 v000000000663de70_0;
    %parti/s 8, 0, 2;
    %pad/u 10;
    %ix/vec4 3;
    %ix/load 4, 0, 0; Constant delay
    %assign/vec4/a/d v000000000663f590, 0, 4;
T_88.3 ;
    %load/vec4 v000000000663e5f0_0;
    %parti/s 1, 1, 2;
    %nor/r;
    %flag_set/vec4 8;
    %jmp/0xz  T_88.5, 8;
    %load/vec4 v000000000663dfb0_0;
    %parti/s 1, 1, 2;
    %load/vec4 v000000000663de70_0;
    %parti/s 8, 0, 2;
    %pad/u 10;
    %ix/vec4 3;
    %ix/load 4, 1, 0; part off
    %ix/load 5, 0, 0; Constant delay
    %assign/vec4/a/d v000000000663f590, 4, 5;
T_88.5 ;
    %load/vec4 v000000000663e5f0_0;
    %parti/s 1, 2, 3;
    %nor/r;
    %flag_set/vec4 8;
    %jmp/0xz  T_88.7, 8;
    %load/vec4 v000000000663dfb0_0;
    %parti/s 1, 2, 3;
    %load/vec4 v000000000663de70_0;
    %parti/s 8, 0, 2;
    %pad/u 10;
    %ix/vec4 3;
    %ix/load 4, 2, 0; part off
    %ix/load 5, 0, 0; Constant delay
    %assign/vec4/a/d v000000000663f590, 4, 5;
T_88.7 ;
    %load/vec4 v000000000663e5f0_0;
    %parti/s 1, 3, 3;
    %nor/r;
    %flag_set/vec4 8;
    %jmp/0xz  T_88.9, 8;
    %load/vec4 v000000000663dfb0_0;
    %parti/s 1, 3, 3;
    %load/vec4 v000000000663de70_0;
    %parti/s 8, 0, 2;
    %pad/u 10;
    %ix/vec4 3;
    %ix/load 4, 3, 0; part off
    %ix/load 5, 0, 0; Constant delay
    %assign/vec4/a/d v000000000663f590, 4, 5;
T_88.9 ;
    %load/vec4 v000000000663e5f0_0;
    %parti/s 1, 4, 4;
    %nor/r;
    %flag_set/vec4 8;
    %jmp/0xz  T_88.11, 8;
    %load/vec4 v000000000663dfb0_0;
    %parti/s 1, 4, 4;
    %load/vec4 v000000000663de70_0;
    %parti/s 8, 0, 2;
    %pad/u 10;
    %ix/vec4 3;
    %ix/load 4, 4, 0; part off
    %ix/load 5, 0, 0; Constant delay
    %assign/vec4/a/d v000000000663f590, 4, 5;
T_88.11 ;
    %load/vec4 v000000000663e5f0_0;
    %parti/s 1, 5, 4;
    %nor/r;
    %flag_set/vec4 8;
    %jmp/0xz  T_88.13, 8;
    %load/vec4 v000000000663dfb0_0;
    %parti/s 1, 5, 4;
    %load/vec4 v000000000663de70_0;
    %parti/s 8, 0, 2;
    %pad/u 10;
    %ix/vec4 3;
    %ix/load 4, 5, 0; part off
    %ix/load 5, 0, 0; Constant delay
    %assign/vec4/a/d v000000000663f590, 4, 5;
T_88.13 ;
    %load/vec4 v000000000663e5f0_0;
    %parti/s 1, 6, 4;
    %nor/r;
    %flag_set/vec4 8;
    %jmp/0xz  T_88.15, 8;
    %load/vec4 v000000000663dfb0_0;
    %parti/s 1, 6, 4;
    %load/vec4 v000000000663de70_0;
    %parti/s 8, 0, 2;
    %pad/u 10;
    %ix/vec4 3;
    %ix/load 4, 6, 0; part off
    %ix/load 5, 0, 0; Constant delay
    %assign/vec4/a/d v000000000663f590, 4, 5;
T_88.15 ;
    %load/vec4 v000000000663e5f0_0;
    %parti/s 1, 7, 4;
    %nor/r;
    %flag_set/vec4 8;
    %jmp/0xz  T_88.17, 8;
    %load/vec4 v000000000663dfb0_0;
    %parti/s 1, 7, 4;
    %load/vec4 v000000000663de70_0;
    %parti/s 8, 0, 2;
    %pad/u 10;
    %ix/vec4 3;
    %ix/load 4, 7, 0; part off
    %ix/load 5, 0, 0; Constant delay
    %assign/vec4/a/d v000000000663f590, 4, 5;
T_88.17 ;
    %load/vec4 v000000000663e5f0_0;
    %parti/s 1, 8, 5;
    %nor/r;
    %flag_set/vec4 8;
    %jmp/0xz  T_88.19, 8;
    %load/vec4 v000000000663dfb0_0;
    %parti/s 1, 8, 5;
    %load/vec4 v000000000663de70_0;
    %parti/s 8, 0, 2;
    %pad/u 10;
    %ix/vec4 3;
    %ix/load 4, 8, 0; part off
    %ix/load 5, 0, 0; Constant delay
    %assign/vec4/a/d v000000000663f590, 4, 5;
T_88.19 ;
    %load/vec4 v000000000663e5f0_0;
    %parti/s 1, 9, 5;
    %nor/r;
    %flag_set/vec4 8;
    %jmp/0xz  T_88.21, 8;
    %load/vec4 v000000000663dfb0_0;
    %parti/s 1, 9, 5;
    %load/vec4 v000000000663de70_0;
    %parti/s 8, 0, 2;
    %pad/u 10;
    %ix/vec4 3;
    %ix/load 4, 9, 0; part off
    %ix/load 5, 0, 0; Constant delay
    %assign/vec4/a/d v000000000663f590, 4, 5;
T_88.21 ;
    %load/vec4 v000000000663e5f0_0;
    %parti/s 1, 10, 5;
    %nor/r;
    %flag_set/vec4 8;
    %jmp/0xz  T_88.23, 8;
    %load/vec4 v000000000663dfb0_0;
    %parti/s 1, 10, 5;
    %load/vec4 v000000000663de70_0;
    %parti/s 8, 0, 2;
    %pad/u 10;
    %ix/vec4 3;
    %ix/load 4, 10, 0; part off
    %ix/load 5, 0, 0; Constant delay
    %assign/vec4/a/d v000000000663f590, 4, 5;
T_88.23 ;
    %load/vec4 v000000000663e5f0_0;
    %parti/s 1, 11, 5;
    %nor/r;
    %flag_set/vec4 8;
    %jmp/0xz  T_88.25, 8;
    %load/vec4 v000000000663dfb0_0;
    %parti/s 1, 11, 5;
    %load/vec4 v000000000663de70_0;
    %parti/s 8, 0, 2;
    %pad/u 10;
    %ix/vec4 3;
    %ix/load 4, 11, 0; part off
    %ix/load 5, 0, 0; Constant delay
    %assign/vec4/a/d v000000000663f590, 4, 5;
T_88.25 ;
    %load/vec4 v000000000663e5f0_0;
    %parti/s 1, 12, 5;
    %nor/r;
    %flag_set/vec4 8;
    %jmp/0xz  T_88.27, 8;
    %load/vec4 v000000000663dfb0_0;
    %parti/s 1, 12, 5;
    %load/vec4 v000000000663de70_0;
    %parti/s 8, 0, 2;
    %pad/u 10;
    %ix/vec4 3;
    %ix/load 4, 12, 0; part off
    %ix/load 5, 0, 0; Constant delay
    %assign/vec4/a/d v000000000663f590, 4, 5;
T_88.27 ;
    %load/vec4 v000000000663e5f0_0;
    %parti/s 1, 13, 5;
    %nor/r;
    %flag_set/vec4 8;
    %jmp/0xz  T_88.29, 8;
    %load/vec4 v000000000663dfb0_0;
    %parti/s 1, 13, 5;
    %load/vec4 v000000000663de70_0;
    %parti/s 8, 0, 2;
    %pad/u 10;
    %ix/vec4 3;
    %ix/load 4, 13, 0; part off
    %ix/load 5, 0, 0; Constant delay
    %assign/vec4/a/d v000000000663f590, 4, 5;
T_88.29 ;
    %load/vec4 v000000000663e5f0_0;
    %parti/s 1, 14, 5;
    %nor/r;
    %flag_set/vec4 8;
    %jmp/0xz  T_88.31, 8;
    %load/vec4 v000000000663dfb0_0;
    %parti/s 1, 14, 5;
    %load/vec4 v000000000663de70_0;
    %parti/s 8, 0, 2;
    %pad/u 10;
    %ix/vec4 3;
    %ix/load 4, 14, 0; part off
    %ix/load 5, 0, 0; Constant delay
    %assign/vec4/a/d v000000000663f590, 4, 5;
T_88.31 ;
    %load/vec4 v000000000663e5f0_0;
    %parti/s 1, 15, 5;
    %nor/r;
    %flag_set/vec4 8;
    %jmp/0xz  T_88.33, 8;
    %load/vec4 v000000000663dfb0_0;
    %parti/s 1, 15, 5;
    %load/vec4 v000000000663de70_0;
    %parti/s 8, 0, 2;
    %pad/u 10;
    %ix/vec4 3;
    %ix/load 4, 15, 0; part off
    %ix/load 5, 0, 0; Constant delay
    %assign/vec4/a/d v000000000663f590, 4, 5;
T_88.33 ;
T_88.0 ;
    %jmp T_88;
    .thread T_88;
    .scope S_0000000006653bd0;
T_89 ;
    %wait E_00000000065b9690;
    %load/vec4 v000000000663f130_0;
    %flag_set/vec4 9;
    %flag_get/vec4 9;
    %jmp/0 T_89.2, 9;
    %load/vec4 v000000000663f6d0_0;
    %and;
T_89.2;
    %flag_set/vec4 8;
    %jmp/0xz  T_89.0, 8;
    %load/vec4 v000000000663e410_0;
    %parti/s 8, 0, 2;
    %pad/u 10;
    %ix/vec4 4;
    %load/vec4a v000000000663f590, 4;
    %load/vec4 v000000000663d970_0;
    %inv;
    %and;
    %assign/vec4 v000000000663f810_0, 0;
T_89.0 ;
    %jmp T_89;
    .thread T_89;
    .scope S_00000000066543a0;
T_90 ;
    %pushi/vec4 0, 0, 32;
    %store/vec4 v000000000665b140_0, 0, 32;
T_90.0 ; Top of for-loop 
    %load/vec4 v000000000665b140_0;
    %cmpi/s 16, 0, 32;
    %jmp/0xz T_90.1, 5;
    %pushi/vec4 0, 0, 256;
    %load/vec4 v000000000665b140_0;
    %muli 16, 0, 32;
    %part/s 16;
    %pushi/vec4 0, 0, 32;
    %load/vec4 v000000000665b140_0;
    %add;
    %ix/vec4/s 4;
    %store/vec4a v000000000665c2c0, 4, 0;
    %pushi/vec4 0, 0, 256;
    %load/vec4 v000000000665b140_0;
    %muli 16, 0, 32;
    %part/s 16;
    %pushi/vec4 16, 0, 32;
    %load/vec4 v000000000665b140_0;
    %add;
    %ix/vec4/s 4;
    %store/vec4a v000000000665c2c0, 4, 0;
    %pushi/vec4 0, 0, 256;
    %load/vec4 v000000000665b140_0;
    %muli 16, 0, 32;
    %part/s 16;
    %pushi/vec4 32, 0, 32;
    %load/vec4 v000000000665b140_0;
    %add;
    %ix/vec4/s 4;
    %store/vec4a v000000000665c2c0, 4, 0;
    %pushi/vec4 0, 0, 256;
    %load/vec4 v000000000665b140_0;
    %muli 16, 0, 32;
    %part/s 16;
    %pushi/vec4 48, 0, 32;
    %load/vec4 v000000000665b140_0;
    %add;
    %ix/vec4/s 4;
    %store/vec4a v000000000665c2c0, 4, 0;
    %pushi/vec4 0, 0, 256;
    %load/vec4 v000000000665b140_0;
    %muli 16, 0, 32;
    %part/s 16;
    %pushi/vec4 64, 0, 32;
    %load/vec4 v000000000665b140_0;
    %add;
    %ix/vec4/s 4;
    %store/vec4a v000000000665c2c0, 4, 0;
    %pushi/vec4 0, 0, 256;
    %load/vec4 v000000000665b140_0;
    %muli 16, 0, 32;
    %part/s 16;
    %pushi/vec4 80, 0, 32;
    %load/vec4 v000000000665b140_0;
    %add;
    %ix/vec4/s 4;
    %store/vec4a v000000000665c2c0, 4, 0;
    %pushi/vec4 0, 0, 256;
    %load/vec4 v000000000665b140_0;
    %muli 16, 0, 32;
    %part/s 16;
    %pushi/vec4 96, 0, 32;
    %load/vec4 v000000000665b140_0;
    %add;
    %ix/vec4/s 4;
    %store/vec4a v000000000665c2c0, 4, 0;
    %pushi/vec4 0, 0, 256;
    %load/vec4 v000000000665b140_0;
    %muli 16, 0, 32;
    %part/s 16;
    %pushi/vec4 112, 0, 32;
    %load/vec4 v000000000665b140_0;
    %add;
    %ix/vec4/s 4;
    %store/vec4a v000000000665c2c0, 4, 0;
    %pushi/vec4 0, 0, 256;
    %load/vec4 v000000000665b140_0;
    %muli 16, 0, 32;
    %part/s 16;
    %pushi/vec4 128, 0, 32;
    %load/vec4 v000000000665b140_0;
    %add;
    %ix/vec4/s 4;
    %store/vec4a v000000000665c2c0, 4, 0;
    %pushi/vec4 0, 0, 256;
    %load/vec4 v000000000665b140_0;
    %muli 16, 0, 32;
    %part/s 16;
    %pushi/vec4 144, 0, 32;
    %load/vec4 v000000000665b140_0;
    %add;
    %ix/vec4/s 4;
    %store/vec4a v000000000665c2c0, 4, 0;
    %pushi/vec4 0, 0, 256;
    %load/vec4 v000000000665b140_0;
    %muli 16, 0, 32;
    %part/s 16;
    %pushi/vec4 160, 0, 32;
    %load/vec4 v000000000665b140_0;
    %add;
    %ix/vec4/s 4;
    %store/vec4a v000000000665c2c0, 4, 0;
    %pushi/vec4 0, 0, 256;
    %load/vec4 v000000000665b140_0;
    %muli 16, 0, 32;
    %part/s 16;
    %pushi/vec4 176, 0, 32;
    %load/vec4 v000000000665b140_0;
    %add;
    %ix/vec4/s 4;
    %store/vec4a v000000000665c2c0, 4, 0;
    %pushi/vec4 0, 0, 256;
    %load/vec4 v000000000665b140_0;
    %muli 16, 0, 32;
    %part/s 16;
    %pushi/vec4 192, 0, 32;
    %load/vec4 v000000000665b140_0;
    %add;
    %ix/vec4/s 4;
    %store/vec4a v000000000665c2c0, 4, 0;
    %pushi/vec4 0, 0, 256;
    %load/vec4 v000000000665b140_0;
    %muli 16, 0, 32;
    %part/s 16;
    %pushi/vec4 208, 0, 32;
    %load/vec4 v000000000665b140_0;
    %add;
    %ix/vec4/s 4;
    %store/vec4a v000000000665c2c0, 4, 0;
    %pushi/vec4 0, 0, 256;
    %load/vec4 v000000000665b140_0;
    %muli 16, 0, 32;
    %part/s 16;
    %pushi/vec4 224, 0, 32;
    %load/vec4 v000000000665b140_0;
    %add;
    %ix/vec4/s 4;
    %store/vec4a v000000000665c2c0, 4, 0;
    %pushi/vec4 0, 0, 256;
    %load/vec4 v000000000665b140_0;
    %muli 16, 0, 32;
    %part/s 16;
    %pushi/vec4 240, 0, 32;
    %load/vec4 v000000000665b140_0;
    %add;
    %ix/vec4/s 4;
    %store/vec4a v000000000665c2c0, 4, 0;
T_90.2 ; for-loop step statement
    %load/vec4 v000000000665b140_0;
    %addi 1, 0, 32;
    %store/vec4 v000000000665b140_0, 0, 32;
    %jmp T_90.0;
T_90.1 ; for-loop exit label
    %end;
    .thread T_90;
    .scope S_00000000066543a0;
T_91 ;
    %wait E_00000000065b8e90;
    %load/vec4 v000000000665ae20_0;
    %flag_set/vec4 9;
    %flag_get/vec4 9;
    %jmp/0 T_91.2, 9;
    %load/vec4 v000000000665baa0_0;
    %and;
T_91.2;
    %flag_set/vec4 8;
    %jmp/0xz  T_91.0, 8;
    %load/vec4 v000000000665a600_0;
    %parti/s 1, 0, 2;
    %nor/r;
    %flag_set/vec4 8;
    %jmp/0xz  T_91.3, 8;
    %load/vec4 v000000000665aec0_0;
    %parti/s 1, 0, 2;
    %load/vec4 v000000000665ac40_0;
    %parti/s 8, 0, 2;
    %pad/u 10;
    %ix/vec4 3;
    %ix/load 4, 0, 0; Constant delay
    %assign/vec4/a/d v000000000665c2c0, 0, 4;
T_91.3 ;
    %load/vec4 v000000000665a600_0;
    %parti/s 1, 1, 2;
    %nor/r;
    %flag_set/vec4 8;
    %jmp/0xz  T_91.5, 8;
    %load/vec4 v000000000665aec0_0;
    %parti/s 1, 1, 2;
    %load/vec4 v000000000665ac40_0;
    %parti/s 8, 0, 2;
    %pad/u 10;
    %ix/vec4 3;
    %ix/load 4, 1, 0; part off
    %ix/load 5, 0, 0; Constant delay
    %assign/vec4/a/d v000000000665c2c0, 4, 5;
T_91.5 ;
    %load/vec4 v000000000665a600_0;
    %parti/s 1, 2, 3;
    %nor/r;
    %flag_set/vec4 8;
    %jmp/0xz  T_91.7, 8;
    %load/vec4 v000000000665aec0_0;
    %parti/s 1, 2, 3;
    %load/vec4 v000000000665ac40_0;
    %parti/s 8, 0, 2;
    %pad/u 10;
    %ix/vec4 3;
    %ix/load 4, 2, 0; part off
    %ix/load 5, 0, 0; Constant delay
    %assign/vec4/a/d v000000000665c2c0, 4, 5;
T_91.7 ;
    %load/vec4 v000000000665a600_0;
    %parti/s 1, 3, 3;
    %nor/r;
    %flag_set/vec4 8;
    %jmp/0xz  T_91.9, 8;
    %load/vec4 v000000000665aec0_0;
    %parti/s 1, 3, 3;
    %load/vec4 v000000000665ac40_0;
    %parti/s 8, 0, 2;
    %pad/u 10;
    %ix/vec4 3;
    %ix/load 4, 3, 0; part off
    %ix/load 5, 0, 0; Constant delay
    %assign/vec4/a/d v000000000665c2c0, 4, 5;
T_91.9 ;
    %load/vec4 v000000000665a600_0;
    %parti/s 1, 4, 4;
    %nor/r;
    %flag_set/vec4 8;
    %jmp/0xz  T_91.11, 8;
    %load/vec4 v000000000665aec0_0;
    %parti/s 1, 4, 4;
    %load/vec4 v000000000665ac40_0;
    %parti/s 8, 0, 2;
    %pad/u 10;
    %ix/vec4 3;
    %ix/load 4, 4, 0; part off
    %ix/load 5, 0, 0; Constant delay
    %assign/vec4/a/d v000000000665c2c0, 4, 5;
T_91.11 ;
    %load/vec4 v000000000665a600_0;
    %parti/s 1, 5, 4;
    %nor/r;
    %flag_set/vec4 8;
    %jmp/0xz  T_91.13, 8;
    %load/vec4 v000000000665aec0_0;
    %parti/s 1, 5, 4;
    %load/vec4 v000000000665ac40_0;
    %parti/s 8, 0, 2;
    %pad/u 10;
    %ix/vec4 3;
    %ix/load 4, 5, 0; part off
    %ix/load 5, 0, 0; Constant delay
    %assign/vec4/a/d v000000000665c2c0, 4, 5;
T_91.13 ;
    %load/vec4 v000000000665a600_0;
    %parti/s 1, 6, 4;
    %nor/r;
    %flag_set/vec4 8;
    %jmp/0xz  T_91.15, 8;
    %load/vec4 v000000000665aec0_0;
    %parti/s 1, 6, 4;
    %load/vec4 v000000000665ac40_0;
    %parti/s 8, 0, 2;
    %pad/u 10;
    %ix/vec4 3;
    %ix/load 4, 6, 0; part off
    %ix/load 5, 0, 0; Constant delay
    %assign/vec4/a/d v000000000665c2c0, 4, 5;
T_91.15 ;
    %load/vec4 v000000000665a600_0;
    %parti/s 1, 7, 4;
    %nor/r;
    %flag_set/vec4 8;
    %jmp/0xz  T_91.17, 8;
    %load/vec4 v000000000665aec0_0;
    %parti/s 1, 7, 4;
    %load/vec4 v000000000665ac40_0;
    %parti/s 8, 0, 2;
    %pad/u 10;
    %ix/vec4 3;
    %ix/load 4, 7, 0; part off
    %ix/load 5, 0, 0; Constant delay
    %assign/vec4/a/d v000000000665c2c0, 4, 5;
T_91.17 ;
    %load/vec4 v000000000665a600_0;
    %parti/s 1, 8, 5;
    %nor/r;
    %flag_set/vec4 8;
    %jmp/0xz  T_91.19, 8;
    %load/vec4 v000000000665aec0_0;
    %parti/s 1, 8, 5;
    %load/vec4 v000000000665ac40_0;
    %parti/s 8, 0, 2;
    %pad/u 10;
    %ix/vec4 3;
    %ix/load 4, 8, 0; part off
    %ix/load 5, 0, 0; Constant delay
    %assign/vec4/a/d v000000000665c2c0, 4, 5;
T_91.19 ;
    %load/vec4 v000000000665a600_0;
    %parti/s 1, 9, 5;
    %nor/r;
    %flag_set/vec4 8;
    %jmp/0xz  T_91.21, 8;
    %load/vec4 v000000000665aec0_0;
    %parti/s 1, 9, 5;
    %load/vec4 v000000000665ac40_0;
    %parti/s 8, 0, 2;
    %pad/u 10;
    %ix/vec4 3;
    %ix/load 4, 9, 0; part off
    %ix/load 5, 0, 0; Constant delay
    %assign/vec4/a/d v000000000665c2c0, 4, 5;
T_91.21 ;
    %load/vec4 v000000000665a600_0;
    %parti/s 1, 10, 5;
    %nor/r;
    %flag_set/vec4 8;
    %jmp/0xz  T_91.23, 8;
    %load/vec4 v000000000665aec0_0;
    %parti/s 1, 10, 5;
    %load/vec4 v000000000665ac40_0;
    %parti/s 8, 0, 2;
    %pad/u 10;
    %ix/vec4 3;
    %ix/load 4, 10, 0; part off
    %ix/load 5, 0, 0; Constant delay
    %assign/vec4/a/d v000000000665c2c0, 4, 5;
T_91.23 ;
    %load/vec4 v000000000665a600_0;
    %parti/s 1, 11, 5;
    %nor/r;
    %flag_set/vec4 8;
    %jmp/0xz  T_91.25, 8;
    %load/vec4 v000000000665aec0_0;
    %parti/s 1, 11, 5;
    %load/vec4 v000000000665ac40_0;
    %parti/s 8, 0, 2;
    %pad/u 10;
    %ix/vec4 3;
    %ix/load 4, 11, 0; part off
    %ix/load 5, 0, 0; Constant delay
    %assign/vec4/a/d v000000000665c2c0, 4, 5;
T_91.25 ;
    %load/vec4 v000000000665a600_0;
    %parti/s 1, 12, 5;
    %nor/r;
    %flag_set/vec4 8;
    %jmp/0xz  T_91.27, 8;
    %load/vec4 v000000000665aec0_0;
    %parti/s 1, 12, 5;
    %load/vec4 v000000000665ac40_0;
    %parti/s 8, 0, 2;
    %pad/u 10;
    %ix/vec4 3;
    %ix/load 4, 12, 0; part off
    %ix/load 5, 0, 0; Constant delay
    %assign/vec4/a/d v000000000665c2c0, 4, 5;
T_91.27 ;
    %load/vec4 v000000000665a600_0;
    %parti/s 1, 13, 5;
    %nor/r;
    %flag_set/vec4 8;
    %jmp/0xz  T_91.29, 8;
    %load/vec4 v000000000665aec0_0;
    %parti/s 1, 13, 5;
    %load/vec4 v000000000665ac40_0;
    %parti/s 8, 0, 2;
    %pad/u 10;
    %ix/vec4 3;
    %ix/load 4, 13, 0; part off
    %ix/load 5, 0, 0; Constant delay
    %assign/vec4/a/d v000000000665c2c0, 4, 5;
T_91.29 ;
    %load/vec4 v000000000665a600_0;
    %parti/s 1, 14, 5;
    %nor/r;
    %flag_set/vec4 8;
    %jmp/0xz  T_91.31, 8;
    %load/vec4 v000000000665aec0_0;
    %parti/s 1, 14, 5;
    %load/vec4 v000000000665ac40_0;
    %parti/s 8, 0, 2;
    %pad/u 10;
    %ix/vec4 3;
    %ix/load 4, 14, 0; part off
    %ix/load 5, 0, 0; Constant delay
    %assign/vec4/a/d v000000000665c2c0, 4, 5;
T_91.31 ;
    %load/vec4 v000000000665a600_0;
    %parti/s 1, 15, 5;
    %nor/r;
    %flag_set/vec4 8;
    %jmp/0xz  T_91.33, 8;
    %load/vec4 v000000000665aec0_0;
    %parti/s 1, 15, 5;
    %load/vec4 v000000000665ac40_0;
    %parti/s 8, 0, 2;
    %pad/u 10;
    %ix/vec4 3;
    %ix/load 4, 15, 0; part off
    %ix/load 5, 0, 0; Constant delay
    %assign/vec4/a/d v000000000665c2c0, 4, 5;
T_91.33 ;
T_91.0 ;
    %jmp T_91;
    .thread T_91;
    .scope S_00000000066543a0;
T_92 ;
    %wait E_00000000065b9490;
    %load/vec4 v000000000663d5b0_0;
    %flag_set/vec4 9;
    %flag_get/vec4 9;
    %jmp/0 T_92.2, 9;
    %load/vec4 v000000000663eeb0_0;
    %and;
T_92.2;
    %flag_set/vec4 8;
    %jmp/0xz  T_92.0, 8;
    %load/vec4 v000000000663fa90_0;
    %parti/s 8, 0, 2;
    %pad/u 10;
    %ix/vec4 4;
    %load/vec4a v000000000665c2c0, 4;
    %load/vec4 v000000000663d830_0;
    %inv;
    %and;
    %assign/vec4 v000000000663dab0_0, 0;
T_92.0 ;
    %jmp T_92;
    .thread T_92;
    .scope S_00000000065ce170;
T_93 ;
    %wait E_00000000065b9350;
    %pushi/vec4 0, 0, 32;
    %store/vec4 v000000000665e8e0_0, 0, 32;
T_93.0 ; Top of for-loop 
    %load/vec4 v000000000665e8e0_0;
    %cmpi/s 16383, 0, 32;
    %flag_or 5, 4;
    %jmp/0xz T_93.1, 5;
    %pushi/vec4 65535, 65535, 16;
    %ix/getv/s 4, v000000000665e8e0_0;
    %store/vec4a v000000000665e3e0, 4, 0;
T_93.2 ; for-loop step statement
    %load/vec4 v000000000665e8e0_0;
    %addi 1, 0, 32;
    %store/vec4 v000000000665e8e0_0, 0, 32;
    %jmp T_93.0;
T_93.1 ; for-loop exit label
    %jmp T_93;
    .thread T_93;
    .scope S_00000000065ce170;
T_94 ;
    %wait E_00000000065b9310;
    %load/vec4 v000000000665e7a0_0;
    %flag_set/vec4 8;
    %jmp/0xz  T_94.0, 8;
    %pushi/vec4 0, 0, 16;
    %assign/vec4 v000000000665dbc0_0, 0;
    %jmp T_94.1;
T_94.0 ;
    %load/vec4 v000000000665ef20_0;
    %flag_set/vec4 8;
    %jmp/0xz  T_94.2, 8;
    %pushi/vec4 65535, 65535, 16;
    %assign/vec4 v000000000665dbc0_0, 0;
    %jmp T_94.3;
T_94.2 ;
    %load/vec4 v000000000665d260_0;
    %flag_set/vec4 8;
    %jmp/0xz  T_94.4, 8;
    %load/vec4 v000000000665e840_0;
    %nor/r;
    %flag_set/vec4 8;
    %jmp/0xz  T_94.6, 8;
    %load/vec4 v000000000665efc0_0;
    %pad/u 16;
    %ix/vec4 4;
    %load/vec4a v000000000665e3e0, 4;
    %assign/vec4 v000000000665dbc0_0, 0;
    %jmp T_94.7;
T_94.6 ;
    %load/vec4 v000000000665cf40_0;
    %parti/s 1, 0, 2;
    %flag_set/vec4 8;
    %jmp/0xz  T_94.8, 8;
    %load/vec4 v000000000665d940_0;
    %parti/s 4, 0, 2;
    %load/vec4 v000000000665efc0_0;
    %pad/u 16;
    %ix/vec4 3;
    %ix/load 4, 0, 0; Constant delay
    %assign/vec4/a/d v000000000665e3e0, 0, 4;
T_94.8 ;
    %load/vec4 v000000000665cf40_0;
    %parti/s 1, 1, 2;
    %flag_set/vec4 8;
    %jmp/0xz  T_94.10, 8;
    %load/vec4 v000000000665d940_0;
    %parti/s 4, 4, 4;
    %load/vec4 v000000000665efc0_0;
    %pad/u 16;
    %ix/vec4 3;
    %ix/load 4, 4, 0; part off
    %ix/load 5, 0, 0; Constant delay
    %assign/vec4/a/d v000000000665e3e0, 4, 5;
T_94.10 ;
    %load/vec4 v000000000665cf40_0;
    %parti/s 1, 2, 3;
    %flag_set/vec4 8;
    %jmp/0xz  T_94.12, 8;
    %load/vec4 v000000000665d940_0;
    %parti/s 4, 8, 5;
    %load/vec4 v000000000665efc0_0;
    %pad/u 16;
    %ix/vec4 3;
    %ix/load 4, 8, 0; part off
    %ix/load 5, 0, 0; Constant delay
    %assign/vec4/a/d v000000000665e3e0, 4, 5;
T_94.12 ;
    %load/vec4 v000000000665cf40_0;
    %parti/s 1, 3, 3;
    %flag_set/vec4 8;
    %jmp/0xz  T_94.14, 8;
    %load/vec4 v000000000665d940_0;
    %parti/s 4, 12, 5;
    %load/vec4 v000000000665efc0_0;
    %pad/u 16;
    %ix/vec4 3;
    %ix/load 4, 12, 0; part off
    %ix/load 5, 0, 0; Constant delay
    %assign/vec4/a/d v000000000665e3e0, 4, 5;
T_94.14 ;
    %pushi/vec4 65535, 65535, 16;
    %assign/vec4 v000000000665dbc0_0, 0;
T_94.7 ;
T_94.4 ;
T_94.3 ;
T_94.1 ;
    %jmp T_94;
    .thread T_94;
    .scope S_0000000006653ef0;
T_95 ;
    %wait E_00000000065b8fd0;
    %load/vec4 v000000000665da80_0;
    %cmpi/e 1, 0, 1;
    %jmp/0xz  T_95.0, 4;
    %load/vec4 v000000000665ca40_0;
    %load/vec4 v000000000665c9a0_0;
    %pad/u 6;
    %ix/vec4 3;
    %ix/load 4, 0, 0; Constant delay
    %assign/vec4/a/d v000000000665ccc0, 0, 4;
T_95.0 ;
    %load/vec4 v000000000665d8a0_0;
    %cmpi/e 1, 0, 1;
    %jmp/0xz  T_95.2, 4;
    %load/vec4 v000000000665e700_0;
    %pad/u 6;
    %ix/vec4 4;
    %load/vec4a v000000000665ccc0, 4;
    %assign/vec4 v000000000665d440_0, 0;
T_95.2 ;
    %jmp T_95;
    .thread T_95;
    .scope S_0000000006653ef0;
T_96 ;
    %vpi_call 4 39 "$readmemh", P_00000000065b8e10, v000000000665ccc0 {0 0 0};
    %end;
    .thread T_96;
    .scope S_00000000065cf2a0;
T_97 ;
    %pushi/vec4 0, 0, 1;
    %store/vec4 v000000000665dc60_0, 0, 1;
    %pushi/vec4 0, 0, 1;
    %store/vec4 v000000000665cc20_0, 0, 1;
    %pushi/vec4 0, 0, 1;
    %store/vec4 v000000000665df80_0, 0, 1;
    %end;
    .thread T_97;
    .scope S_00000000065cf2a0;
T_98 ;
    %delay 41670, 0;
    %load/vec4 v000000000665dc60_0;
    %inv;
    %store/vec4 v000000000665dc60_0, 0, 1;
    %jmp T_98;
    .thread T_98;
    .scope S_00000000065cf2a0;
T_99 ;
    %pushi/vec4 0, 0, 32;
    %store/vec4 v000000000665d6c0_0, 0, 32;
T_99.0 ; Top of for-loop 
    %load/vec4 v000000000665d6c0_0;
    %cmpi/s 16, 0, 32;
    %jmp/0xz T_99.1, 5;
    %delay 83340, 0;
    %load/vec4 v000000000665d6c0_0;
    %pad/s 4;
    %store/vec4 v000000000665eca0_0, 0, 4;
    %pushi/vec4 1, 0, 1;
    %store/vec4 v000000000665df80_0, 0, 1;
    %delay 83340, 0;
    %pushi/vec4 0, 0, 4;
    %store/vec4 v000000000665eca0_0, 0, 4;
    %pushi/vec4 0, 0, 1;
    %store/vec4 v000000000665df80_0, 0, 1;
T_99.2 ; for-loop step statement
    %load/vec4 v000000000665d6c0_0;
    %addi 1, 0, 32;
    %store/vec4 v000000000665d6c0_0, 0, 32;
    %jmp T_99.0;
T_99.1 ; for-loop exit label
    %delay 83340, 0;
    %pushi/vec4 15, 0, 4;
    %store/vec4 v000000000665e980_0, 0, 4;
    %pushi/vec4 165, 0, 8;
    %store/vec4 v000000000665d760_0, 0, 8;
    %pushi/vec4 1, 0, 1;
    %store/vec4 v000000000665cc20_0, 0, 1;
    %delay 83340, 0;
    %pushi/vec4 0, 0, 4;
    %store/vec4 v000000000665e980_0, 0, 4;
    %pushi/vec4 0, 0, 8;
    %store/vec4 v000000000665d760_0, 0, 8;
    %pushi/vec4 0, 0, 1;
    %store/vec4 v000000000665cc20_0, 0, 1;
    %pushi/vec4 15, 0, 4;
    %store/vec4 v000000000665eca0_0, 0, 4;
    %pushi/vec4 1, 0, 1;
    %store/vec4 v000000000665df80_0, 0, 1;
    %delay 83340, 0;
    %pushi/vec4 0, 0, 4;
    %store/vec4 v000000000665eca0_0, 0, 4;
    %pushi/vec4 0, 0, 1;
    %store/vec4 v000000000665df80_0, 0, 1;
    %end;
    .thread T_99;
    .scope S_00000000065cf2a0;
T_100 ;
    %vpi_call 3 73 "$dumpfile", "memory-ram_tb.vcd" {0 0 0};
    %vpi_call 3 74 "$dumpvars", 32'sb00000000000000000000000000000000, S_00000000065cf2a0 {0 0 0};
    %delay 10000000, 0;
    %vpi_call 3 80 "$display", "Finished!" {0 0 0};
    %vpi_call 3 81 "$finish" {0 0 0};
    %end;
    .thread T_100;
# The file index is used to find the file name in the following table.
:file_names 5;
    "N/A";
    "<interactive>";
    "C:\Users\pc\.apio\packages\tools-oss-cad-suite\share\yosys/ice40/cells_sim.v";
    "memory-ram_tb.v";
    "memory-ram.v";
