#! 
:ivl_version "13.0 (devel)" "(s20221226-321-gd22bb3d25)";
:ivl_delay_selection "TYPICAL";
:vpi_time_precision - 12;
:vpi_module "C:\Users\pc\APIO~1\packages\TOOLS-~2\lib\ivl\system.vpi";
:vpi_module "C:\Users\pc\APIO~1\packages\TOOLS-~2\lib\ivl\vhdl_sys.vpi";
:vpi_module "C:\Users\pc\APIO~1\packages\TOOLS-~2\lib\ivl\vhdl_textio.vpi";
:vpi_module "C:\Users\pc\APIO~1\packages\TOOLS-~2\lib\ivl\v2005_math.vpi";
:vpi_module "C:\Users\pc\APIO~1\packages\TOOLS-~2\lib\ivl\va_math.vpi";
S_0000000006688090 .scope module, "ICESTORM_LC" "ICESTORM_LC" 2 2136;
 .timescale -12 -12;
    .port_info 0 /INPUT 1 "I0";
    .port_info 1 /INPUT 1 "I1";
    .port_info 2 /INPUT 1 "I2";
    .port_info 3 /INPUT 1 "I3";
    .port_info 4 /INPUT 1 "CIN";
    .port_info 5 /INPUT 1 "CLK";
    .port_info 6 /INPUT 1 "CEN";
    .port_info 7 /INPUT 1 "SR";
    .port_info 8 /OUTPUT 1 "LO";
    .port_info 9 /OUTPUT 1 "O";
    .port_info 10 /OUTPUT 1 "COUT";
P_00000000064e6270 .param/l "ASYNC_SR" 0 2 2148, C4<0>;
P_00000000064e62a8 .param/l "CARRY_ENABLE" 0 2 2145, C4<0>;
P_00000000064e62e0 .param/l "CIN_CONST" 0 2 2150, C4<0>;
P_00000000064e6318 .param/l "CIN_SET" 0 2 2151, C4<0>;
P_00000000064e6350 .param/l "DFF_ENABLE" 0 2 2146, C4<0>;
P_00000000064e6388 .param/l "LUT_INIT" 0 2 2142, C4<0000000000000000>;
P_00000000064e63c0 .param/l "NEG_CLK" 0 2 2144, C4<0>;
P_00000000064e63f8 .param/l "SET_NORESET" 0 2 2147, C4<0>;
o0000000006691048 .functor BUFZ 1, C4<z>; HiZ drive
L_0000000006676c40 .functor BUFZ 1, o0000000006691048, C4<0>, C4<0>, C4<0>;
L_0000000006677340 .functor BUFZ 1, L_0000000006761280, C4<0>, C4<0>, C4<0>;
o0000000006691078 .functor BUFZ 1, C4<z>; HiZ drive
L_00000000067117a0 .functor BUFT 1, C4<0>, C4<0>, C4<0>, C4<0>;
L_0000000006676e70 .functor XOR 1, o0000000006691078, L_00000000067117a0, C4<0>, C4<0>;
L_0000000006677570 .functor BUFZ 1, L_0000000006761280, C4<0>, C4<0>, C4<0>;
o0000000006690fe8 .functor BUFZ 1, C4<z>; HiZ drive
v000000000667b600_0 .net "CEN", 0 0, o0000000006690fe8;  0 drivers
v0000000006679f80_0 .net "CEN_pu", 0 0, L_0000000006761000;  1 drivers
v000000000667b6a0_0 .net "CIN", 0 0, o0000000006691048;  0 drivers
v000000000667a700_0 .net "CLK", 0 0, o0000000006691078;  0 drivers
L_00000000067116c8 .functor BUFT 1, C4<x>, C4<0>, C4<0>, C4<0>;
v000000000667b7e0_0 .net "COUT", 0 0, L_00000000067116c8;  1 drivers
o00000000066910d8 .functor BUFZ 1, C4<z>; HiZ drive
v000000000667b060_0 .net "I0", 0 0, o00000000066910d8;  0 drivers
v000000000667ba60_0 .net "I0_pd", 0 0, L_00000000067095e0;  1 drivers
o0000000006691138 .functor BUFZ 1, C4<z>; HiZ drive
v000000000667bce0_0 .net "I1", 0 0, o0000000006691138;  0 drivers
v000000000667a340_0 .net "I1_pd", 0 0, L_0000000006708000;  1 drivers
o0000000006691198 .functor BUFZ 1, C4<z>; HiZ drive
v000000000667a020_0 .net "I2", 0 0, o0000000006691198;  0 drivers
v000000000667a980_0 .net "I2_pd", 0 0, L_0000000006707ce0;  1 drivers
o00000000066911f8 .functor BUFZ 1, C4<z>; HiZ drive
v000000000667b880_0 .net "I3", 0 0, o00000000066911f8;  0 drivers
v000000000667b420_0 .net "I3_pd", 0 0, L_0000000006707e20;  1 drivers
v000000000667bba0_0 .net "LO", 0 0, L_0000000006677340;  1 drivers
v000000000667ad40_0 .net "O", 0 0, L_0000000006677570;  1 drivers
o00000000066912b8 .functor BUFZ 1, C4<z>; HiZ drive
v000000000667b920_0 .net "SR", 0 0, o00000000066912b8;  0 drivers
v000000000667a0c0_0 .net "SR_pd", 0 0, L_00000000067080a0;  1 drivers
o0000000006691318 .functor BUFZ 1, C4<z>; HiZ drive
; Elide local net with no drivers, v000000000667a160_0 name=_ivl_0
v000000000667b9c0_0 .net *"_ivl_10", 0 0, L_0000000006709680;  1 drivers
L_0000000006711560 .functor BUFT 1, C4<0>, C4<0>, C4<0>, C4<0>;
v000000000667bb00_0 .net/2u *"_ivl_12", 0 0, L_0000000006711560;  1 drivers
o00000000066913a8 .functor BUFZ 1, C4<z>; HiZ drive
; Elide local net with no drivers, v000000000667b100_0 name=_ivl_16
v000000000667ac00_0 .net *"_ivl_18", 0 0, L_00000000067074c0;  1 drivers
v0000000006679e40_0 .net *"_ivl_2", 0 0, L_0000000006709400;  1 drivers
L_00000000067115a8 .functor BUFT 1, C4<0>, C4<0>, C4<0>, C4<0>;
v000000000667a200_0 .net/2u *"_ivl_20", 0 0, L_00000000067115a8;  1 drivers
o0000000006691468 .functor BUFZ 1, C4<z>; HiZ drive
; Elide local net with no drivers, v000000000667ade0_0 name=_ivl_24
v000000000667aa20_0 .net *"_ivl_26", 0 0, L_0000000006707d80;  1 drivers
L_00000000067115f0 .functor BUFT 1, C4<0>, C4<0>, C4<0>, C4<0>;
v000000000667a7a0_0 .net/2u *"_ivl_28", 0 0, L_00000000067115f0;  1 drivers
o00000000066914f8 .functor BUFZ 1, C4<z>; HiZ drive
; Elide local net with no drivers, v000000000667b1a0_0 name=_ivl_32
v000000000667a840_0 .net *"_ivl_34", 0 0, L_0000000006707f60;  1 drivers
L_0000000006711638 .functor BUFT 1, C4<0>, C4<0>, C4<0>, C4<0>;
v000000000667a2a0_0 .net/2u *"_ivl_36", 0 0, L_0000000006711638;  1 drivers
L_0000000006711518 .functor BUFT 1, C4<0>, C4<0>, C4<0>, C4<0>;
v000000000667a3e0_0 .net/2u *"_ivl_4", 0 0, L_0000000006711518;  1 drivers
o00000000066915b8 .functor BUFZ 1, C4<z>; HiZ drive
; Elide local net with no drivers, v000000000667a480_0 name=_ivl_40
v000000000667b2e0_0 .net *"_ivl_42", 0 0, L_0000000006760f60;  1 drivers
L_0000000006711680 .functor BUFT 1, C4<1>, C4<0>, C4<0>, C4<0>;
v000000000667aac0_0 .net/2u *"_ivl_44", 0 0, L_0000000006711680;  1 drivers
L_0000000006711710 .functor BUFT 1, C4<00000000>, C4<0>, C4<0>, C4<0>;
v000000000667a520_0 .net/2u *"_ivl_52", 7 0, L_0000000006711710;  1 drivers
L_0000000006711758 .functor BUFT 1, C4<00000000>, C4<0>, C4<0>, C4<0>;
v000000000667ab60_0 .net/2u *"_ivl_54", 7 0, L_0000000006711758;  1 drivers
v000000000667a5c0_0 .net *"_ivl_59", 3 0, L_0000000006761320;  1 drivers
v000000000667af20_0 .net *"_ivl_61", 3 0, L_00000000067610a0;  1 drivers
v000000000667afc0_0 .net *"_ivl_65", 1 0, L_0000000006761140;  1 drivers
v000000000667a8e0_0 .net *"_ivl_67", 1 0, L_0000000006760e20;  1 drivers
v000000000667b240_0 .net *"_ivl_71", 0 0, L_0000000006761460;  1 drivers
v000000000667b380_0 .net *"_ivl_73", 0 0, L_0000000006760d80;  1 drivers
v000000000661ad30_0 .net/2u *"_ivl_78", 0 0, L_00000000067117a0;  1 drivers
o00000000066917f8 .functor BUFZ 1, C4<z>; HiZ drive
; Elide local net with no drivers, v0000000006619070_0 name=_ivl_8
v00000000066191b0_0 .net "lut_o", 0 0, L_0000000006761280;  1 drivers
v00000000066194d0_0 .net "lut_s1", 1 0, L_00000000067611e0;  1 drivers
v0000000006619610_0 .net "lut_s2", 3 0, L_00000000067613c0;  1 drivers
v0000000006619930_0 .net "lut_s3", 7 0, L_0000000006760ec0;  1 drivers
v0000000006619b10_0 .net "mux_cin", 0 0, L_0000000006676c40;  1 drivers
v0000000006619c50_0 .var "o_reg", 0 0;
v0000000006634b90_0 .var "o_reg_async", 0 0;
v0000000006634730_0 .net "polarized_clk", 0 0, L_0000000006676e70;  1 drivers
E_0000000006653bf0 .event posedge, v000000000667a0c0_0, v0000000006634730_0;
E_00000000066531b0 .event posedge, v0000000006634730_0;
L_0000000006709400 .cmp/eeq 1, o00000000066910d8, o0000000006691318;
L_00000000067095e0 .functor MUXZ 1, o00000000066910d8, L_0000000006711518, L_0000000006709400, C4<>;
L_0000000006709680 .cmp/eeq 1, o0000000006691138, o00000000066917f8;
L_0000000006708000 .functor MUXZ 1, o0000000006691138, L_0000000006711560, L_0000000006709680, C4<>;
L_00000000067074c0 .cmp/eeq 1, o0000000006691198, o00000000066913a8;
L_0000000006707ce0 .functor MUXZ 1, o0000000006691198, L_00000000067115a8, L_00000000067074c0, C4<>;
L_0000000006707d80 .cmp/eeq 1, o00000000066911f8, o0000000006691468;
L_0000000006707e20 .functor MUXZ 1, o00000000066911f8, L_00000000067115f0, L_0000000006707d80, C4<>;
L_0000000006707f60 .cmp/eeq 1, o00000000066912b8, o00000000066914f8;
L_00000000067080a0 .functor MUXZ 1, o00000000066912b8, L_0000000006711638, L_0000000006707f60, C4<>;
L_0000000006760f60 .cmp/eeq 1, o0000000006690fe8, o00000000066915b8;
L_0000000006761000 .functor MUXZ 1, o0000000006690fe8, L_0000000006711680, L_0000000006760f60, C4<>;
L_0000000006760ec0 .functor MUXZ 8, L_0000000006711758, L_0000000006711710, L_0000000006707e20, C4<>;
L_0000000006761320 .part L_0000000006760ec0, 4, 4;
L_00000000067610a0 .part L_0000000006760ec0, 0, 4;
L_00000000067613c0 .functor MUXZ 4, L_00000000067610a0, L_0000000006761320, L_0000000006707ce0, C4<>;
L_0000000006761140 .part L_00000000067613c0, 2, 2;
L_0000000006760e20 .part L_00000000067613c0, 0, 2;
L_00000000067611e0 .functor MUXZ 2, L_0000000006760e20, L_0000000006761140, L_0000000006708000, C4<>;
L_0000000006761460 .part L_00000000067611e0, 1, 1;
L_0000000006760d80 .part L_00000000067611e0, 0, 1;
L_0000000006761280 .functor MUXZ 1, L_0000000006760d80, L_0000000006761460, L_00000000067095e0, C4<>;
S_0000000004c6ecf0 .scope module, "ICESTORM_RAM" "ICESTORM_RAM" 2 3167;
 .timescale -12 -12;
    .port_info 0 /OUTPUT 1 "RDATA_15";
    .port_info 1 /OUTPUT 1 "RDATA_14";
    .port_info 2 /OUTPUT 1 "RDATA_13";
    .port_info 3 /OUTPUT 1 "RDATA_12";
    .port_info 4 /OUTPUT 1 "RDATA_11";
    .port_info 5 /OUTPUT 1 "RDATA_10";
    .port_info 6 /OUTPUT 1 "RDATA_9";
    .port_info 7 /OUTPUT 1 "RDATA_8";
    .port_info 8 /OUTPUT 1 "RDATA_7";
    .port_info 9 /OUTPUT 1 "RDATA_6";
    .port_info 10 /OUTPUT 1 "RDATA_5";
    .port_info 11 /OUTPUT 1 "RDATA_4";
    .port_info 12 /OUTPUT 1 "RDATA_3";
    .port_info 13 /OUTPUT 1 "RDATA_2";
    .port_info 14 /OUTPUT 1 "RDATA_1";
    .port_info 15 /OUTPUT 1 "RDATA_0";
    .port_info 16 /INPUT 1 "RCLK";
    .port_info 17 /INPUT 1 "RCLKE";
    .port_info 18 /INPUT 1 "RE";
    .port_info 19 /INPUT 1 "RADDR_10";
    .port_info 20 /INPUT 1 "RADDR_9";
    .port_info 21 /INPUT 1 "RADDR_8";
    .port_info 22 /INPUT 1 "RADDR_7";
    .port_info 23 /INPUT 1 "RADDR_6";
    .port_info 24 /INPUT 1 "RADDR_5";
    .port_info 25 /INPUT 1 "RADDR_4";
    .port_info 26 /INPUT 1 "RADDR_3";
    .port_info 27 /INPUT 1 "RADDR_2";
    .port_info 28 /INPUT 1 "RADDR_1";
    .port_info 29 /INPUT 1 "RADDR_0";
    .port_info 30 /INPUT 1 "WCLK";
    .port_info 31 /INPUT 1 "WCLKE";
    .port_info 32 /INPUT 1 "WE";
    .port_info 33 /INPUT 1 "WADDR_10";
    .port_info 34 /INPUT 1 "WADDR_9";
    .port_info 35 /INPUT 1 "WADDR_8";
    .port_info 36 /INPUT 1 "WADDR_7";
    .port_info 37 /INPUT 1 "WADDR_6";
    .port_info 38 /INPUT 1 "WADDR_5";
    .port_info 39 /INPUT 1 "WADDR_4";
    .port_info 40 /INPUT 1 "WADDR_3";
    .port_info 41 /INPUT 1 "WADDR_2";
    .port_info 42 /INPUT 1 "WADDR_1";
    .port_info 43 /INPUT 1 "WADDR_0";
    .port_info 44 /INPUT 1 "MASK_15";
    .port_info 45 /INPUT 1 "MASK_14";
    .port_info 46 /INPUT 1 "MASK_13";
    .port_info 47 /INPUT 1 "MASK_12";
    .port_info 48 /INPUT 1 "MASK_11";
    .port_info 49 /INPUT 1 "MASK_10";
    .port_info 50 /INPUT 1 "MASK_9";
    .port_info 51 /INPUT 1 "MASK_8";
    .port_info 52 /INPUT 1 "MASK_7";
    .port_info 53 /INPUT 1 "MASK_6";
    .port_info 54 /INPUT 1 "MASK_5";
    .port_info 55 /INPUT 1 "MASK_4";
    .port_info 56 /INPUT 1 "MASK_3";
    .port_info 57 /INPUT 1 "MASK_2";
    .port_info 58 /INPUT 1 "MASK_1";
    .port_info 59 /INPUT 1 "MASK_0";
    .port_info 60 /INPUT 1 "WDATA_15";
    .port_info 61 /INPUT 1 "WDATA_14";
    .port_info 62 /INPUT 1 "WDATA_13";
    .port_info 63 /INPUT 1 "WDATA_12";
    .port_info 64 /INPUT 1 "WDATA_11";
    .port_info 65 /INPUT 1 "WDATA_10";
    .port_info 66 /INPUT 1 "WDATA_9";
    .port_info 67 /INPUT 1 "WDATA_8";
    .port_info 68 /INPUT 1 "WDATA_7";
    .port_info 69 /INPUT 1 "WDATA_6";
    .port_info 70 /INPUT 1 "WDATA_5";
    .port_info 71 /INPUT 1 "WDATA_4";
    .port_info 72 /INPUT 1 "WDATA_3";
    .port_info 73 /INPUT 1 "WDATA_2";
    .port_info 74 /INPUT 1 "WDATA_1";
    .port_info 75 /INPUT 1 "WDATA_0";
P_0000000004bc86c0 .param/l "INIT_0" 0 2 3182, C4<0000000000000000000000000000000000000000000000000000000000000000000000000000000000000000000000000000000000000000000000000000000000000000000000000000000000000000000000000000000000000000000000000000000000000000000000000000000000000000000000000000000000000000>;
P_0000000004bc86f8 .param/l "INIT_1" 0 2 3183, C4<0000000000000000000000000000000000000000000000000000000000000000000000000000000000000000000000000000000000000000000000000000000000000000000000000000000000000000000000000000000000000000000000000000000000000000000000000000000000000000000000000000000000000000>;
P_0000000004bc8730 .param/l "INIT_2" 0 2 3184, C4<0000000000000000000000000000000000000000000000000000000000000000000000000000000000000000000000000000000000000000000000000000000000000000000000000000000000000000000000000000000000000000000000000000000000000000000000000000000000000000000000000000000000000000>;
P_0000000004bc8768 .param/l "INIT_3" 0 2 3185, C4<0000000000000000000000000000000000000000000000000000000000000000000000000000000000000000000000000000000000000000000000000000000000000000000000000000000000000000000000000000000000000000000000000000000000000000000000000000000000000000000000000000000000000000>;
P_0000000004bc87a0 .param/l "INIT_4" 0 2 3186, C4<0000000000000000000000000000000000000000000000000000000000000000000000000000000000000000000000000000000000000000000000000000000000000000000000000000000000000000000000000000000000000000000000000000000000000000000000000000000000000000000000000000000000000000>;
P_0000000004bc87d8 .param/l "INIT_5" 0 2 3187, C4<0000000000000000000000000000000000000000000000000000000000000000000000000000000000000000000000000000000000000000000000000000000000000000000000000000000000000000000000000000000000000000000000000000000000000000000000000000000000000000000000000000000000000000>;
P_0000000004bc8810 .param/l "INIT_6" 0 2 3188, C4<0000000000000000000000000000000000000000000000000000000000000000000000000000000000000000000000000000000000000000000000000000000000000000000000000000000000000000000000000000000000000000000000000000000000000000000000000000000000000000000000000000000000000000>;
P_0000000004bc8848 .param/l "INIT_7" 0 2 3189, C4<0000000000000000000000000000000000000000000000000000000000000000000000000000000000000000000000000000000000000000000000000000000000000000000000000000000000000000000000000000000000000000000000000000000000000000000000000000000000000000000000000000000000000000>;
P_0000000004bc8880 .param/l "INIT_8" 0 2 3190, C4<0000000000000000000000000000000000000000000000000000000000000000000000000000000000000000000000000000000000000000000000000000000000000000000000000000000000000000000000000000000000000000000000000000000000000000000000000000000000000000000000000000000000000000>;
P_0000000004bc88b8 .param/l "INIT_9" 0 2 3191, C4<0000000000000000000000000000000000000000000000000000000000000000000000000000000000000000000000000000000000000000000000000000000000000000000000000000000000000000000000000000000000000000000000000000000000000000000000000000000000000000000000000000000000000000>;
P_0000000004bc88f0 .param/l "INIT_A" 0 2 3192, C4<0000000000000000000000000000000000000000000000000000000000000000000000000000000000000000000000000000000000000000000000000000000000000000000000000000000000000000000000000000000000000000000000000000000000000000000000000000000000000000000000000000000000000000>;
P_0000000004bc8928 .param/l "INIT_B" 0 2 3193, C4<0000000000000000000000000000000000000000000000000000000000000000000000000000000000000000000000000000000000000000000000000000000000000000000000000000000000000000000000000000000000000000000000000000000000000000000000000000000000000000000000000000000000000000>;
P_0000000004bc8960 .param/l "INIT_C" 0 2 3194, C4<0000000000000000000000000000000000000000000000000000000000000000000000000000000000000000000000000000000000000000000000000000000000000000000000000000000000000000000000000000000000000000000000000000000000000000000000000000000000000000000000000000000000000000>;
P_0000000004bc8998 .param/l "INIT_D" 0 2 3195, C4<0000000000000000000000000000000000000000000000000000000000000000000000000000000000000000000000000000000000000000000000000000000000000000000000000000000000000000000000000000000000000000000000000000000000000000000000000000000000000000000000000000000000000000>;
P_0000000004bc89d0 .param/l "INIT_E" 0 2 3196, C4<0000000000000000000000000000000000000000000000000000000000000000000000000000000000000000000000000000000000000000000000000000000000000000000000000000000000000000000000000000000000000000000000000000000000000000000000000000000000000000000000000000000000000000>;
P_0000000004bc8a08 .param/l "INIT_F" 0 2 3197, C4<0000000000000000000000000000000000000000000000000000000000000000000000000000000000000000000000000000000000000000000000000000000000000000000000000000000000000000000000000000000000000000000000000000000000000000000000000000000000000000000000000000000000000000>;
P_0000000004bc8a40 .param/l "NEG_CLK_R" 0 2 3179, C4<0>;
P_0000000004bc8a78 .param/l "NEG_CLK_W" 0 2 3180, C4<0>;
P_0000000004bc8ab0 .param/l "READ_MODE" 0 2 3177, +C4<00000000000000000000000000000000>;
P_0000000004bc8ae8 .param/l "WRITE_MODE" 0 2 3176, +C4<00000000000000000000000000000000>;
L_0000000006711830 .functor BUFT 1, C4<0>, C4<0>, C4<0>, C4<0>;
L_0000000006675f90 .functor XOR 1, L_000000000675a2a0, L_0000000006711830, C4<0>, C4<0>;
L_0000000006711878 .functor BUFT 1, C4<0>, C4<0>, C4<0>, C4<0>;
L_0000000006676f50 .functor XOR 1, L_0000000006759c60, L_0000000006711878, C4<0>, C4<0>;
o0000000006692188 .functor BUFZ 1, C4<z>; HiZ drive
v00000000066df770_0 .net "MASK_0", 0 0, o0000000006692188;  0 drivers
o00000000066921b8 .functor BUFZ 1, C4<z>; HiZ drive
v00000000066df270_0 .net "MASK_1", 0 0, o00000000066921b8;  0 drivers
o00000000066921e8 .functor BUFZ 1, C4<z>; HiZ drive
v00000000066df3b0_0 .net "MASK_10", 0 0, o00000000066921e8;  0 drivers
o0000000006692218 .functor BUFZ 1, C4<z>; HiZ drive
v00000000066e05d0_0 .net "MASK_11", 0 0, o0000000006692218;  0 drivers
o0000000006692248 .functor BUFZ 1, C4<z>; HiZ drive
v00000000066e0210_0 .net "MASK_12", 0 0, o0000000006692248;  0 drivers
o0000000006692278 .functor BUFZ 1, C4<z>; HiZ drive
v00000000066e0cb0_0 .net "MASK_13", 0 0, o0000000006692278;  0 drivers
o00000000066922a8 .functor BUFZ 1, C4<z>; HiZ drive
v00000000066e0710_0 .net "MASK_14", 0 0, o00000000066922a8;  0 drivers
o00000000066922d8 .functor BUFZ 1, C4<z>; HiZ drive
v00000000066dfc70_0 .net "MASK_15", 0 0, o00000000066922d8;  0 drivers
o0000000006692308 .functor BUFZ 1, C4<z>; HiZ drive
v00000000066dfef0_0 .net "MASK_2", 0 0, o0000000006692308;  0 drivers
o0000000006692338 .functor BUFZ 1, C4<z>; HiZ drive
v00000000066e03f0_0 .net "MASK_3", 0 0, o0000000006692338;  0 drivers
o0000000006692368 .functor BUFZ 1, C4<z>; HiZ drive
v00000000066df450_0 .net "MASK_4", 0 0, o0000000006692368;  0 drivers
o0000000006692398 .functor BUFZ 1, C4<z>; HiZ drive
v00000000066e0e90_0 .net "MASK_5", 0 0, o0000000006692398;  0 drivers
o00000000066923c8 .functor BUFZ 1, C4<z>; HiZ drive
v00000000066dfa90_0 .net "MASK_6", 0 0, o00000000066923c8;  0 drivers
o00000000066923f8 .functor BUFZ 1, C4<z>; HiZ drive
v00000000066e0850_0 .net "MASK_7", 0 0, o00000000066923f8;  0 drivers
o0000000006692428 .functor BUFZ 1, C4<z>; HiZ drive
v00000000066e0b70_0 .net "MASK_8", 0 0, o0000000006692428;  0 drivers
o0000000006692458 .functor BUFZ 1, C4<z>; HiZ drive
v00000000066e0670_0 .net "MASK_9", 0 0, o0000000006692458;  0 drivers
o0000000006692488 .functor BUFZ 1, C4<z>; HiZ drive
v00000000066df590_0 .net "RADDR_0", 0 0, o0000000006692488;  0 drivers
o00000000066924b8 .functor BUFZ 1, C4<z>; HiZ drive
v00000000066df6d0_0 .net "RADDR_1", 0 0, o00000000066924b8;  0 drivers
o00000000066924e8 .functor BUFZ 1, C4<z>; HiZ drive
v00000000066e0350_0 .net "RADDR_10", 0 0, o00000000066924e8;  0 drivers
o0000000006692518 .functor BUFZ 1, C4<z>; HiZ drive
v00000000066e0d50_0 .net "RADDR_2", 0 0, o0000000006692518;  0 drivers
o0000000006692548 .functor BUFZ 1, C4<z>; HiZ drive
v00000000066e0df0_0 .net "RADDR_3", 0 0, o0000000006692548;  0 drivers
o0000000006692578 .functor BUFZ 1, C4<z>; HiZ drive
v00000000066e07b0_0 .net "RADDR_4", 0 0, o0000000006692578;  0 drivers
o00000000066925a8 .functor BUFZ 1, C4<z>; HiZ drive
v00000000066e0f30_0 .net "RADDR_5", 0 0, o00000000066925a8;  0 drivers
o00000000066925d8 .functor BUFZ 1, C4<z>; HiZ drive
v00000000066df4f0_0 .net "RADDR_6", 0 0, o00000000066925d8;  0 drivers
o0000000006692608 .functor BUFZ 1, C4<z>; HiZ drive
v00000000066df090_0 .net "RADDR_7", 0 0, o0000000006692608;  0 drivers
o0000000006692638 .functor BUFZ 1, C4<z>; HiZ drive
v00000000066df130_0 .net "RADDR_8", 0 0, o0000000006692638;  0 drivers
o0000000006692668 .functor BUFZ 1, C4<z>; HiZ drive
v00000000066e0490_0 .net "RADDR_9", 0 0, o0000000006692668;  0 drivers
o0000000006692698 .functor BUFZ 1, C4<z>; HiZ drive
v00000000066df810_0 .net "RCLK", 0 0, o0000000006692698;  0 drivers
o00000000066926c8 .functor BUFZ 1, C4<z>; HiZ drive
v00000000066df8b0_0 .net "RCLKE", 0 0, o00000000066926c8;  0 drivers
v00000000066e02b0_0 .net "RDATA_0", 0 0, L_000000000675b060;  1 drivers
v00000000066df950_0 .net "RDATA_1", 0 0, L_0000000006759ee0;  1 drivers
v00000000066df9f0_0 .net "RDATA_10", 0 0, L_000000000675ae80;  1 drivers
v00000000066dfb30_0 .net "RDATA_11", 0 0, L_000000000675a840;  1 drivers
v00000000066e0030_0 .net "RDATA_12", 0 0, L_0000000006759bc0;  1 drivers
v00000000066dfbd0_0 .net "RDATA_13", 0 0, L_000000000675b880;  1 drivers
v00000000066dfd10_0 .net "RDATA_14", 0 0, L_000000000675ba60;  1 drivers
v00000000066dfdb0_0 .net "RDATA_15", 0 0, L_0000000006759760;  1 drivers
v00000000066dfe50_0 .net "RDATA_2", 0 0, L_000000000675b240;  1 drivers
v00000000066dff90_0 .net "RDATA_3", 0 0, L_00000000067596c0;  1 drivers
v00000000066e00d0_0 .net "RDATA_4", 0 0, L_000000000675ad40;  1 drivers
v00000000066e0170_0 .net "RDATA_5", 0 0, L_000000000675bba0;  1 drivers
v00000000066e4c10_0 .net "RDATA_6", 0 0, L_0000000006759a80;  1 drivers
v00000000066e3bd0_0 .net "RDATA_7", 0 0, L_000000000675b6a0;  1 drivers
v00000000066e4a30_0 .net "RDATA_8", 0 0, L_00000000067598a0;  1 drivers
v00000000066e4210_0 .net "RDATA_9", 0 0, L_000000000675bb00;  1 drivers
o00000000066929f8 .functor BUFZ 1, C4<z>; HiZ drive
v00000000066e4490_0 .net "RE", 0 0, o00000000066929f8;  0 drivers
o0000000006692a28 .functor BUFZ 1, C4<z>; HiZ drive
v00000000066e3a90_0 .net "WADDR_0", 0 0, o0000000006692a28;  0 drivers
o0000000006692a58 .functor BUFZ 1, C4<z>; HiZ drive
v00000000066e4cb0_0 .net "WADDR_1", 0 0, o0000000006692a58;  0 drivers
o0000000006692a88 .functor BUFZ 1, C4<z>; HiZ drive
v00000000066e4990_0 .net "WADDR_10", 0 0, o0000000006692a88;  0 drivers
o0000000006692ab8 .functor BUFZ 1, C4<z>; HiZ drive
v00000000066e4f30_0 .net "WADDR_2", 0 0, o0000000006692ab8;  0 drivers
o0000000006692ae8 .functor BUFZ 1, C4<z>; HiZ drive
v00000000066e39f0_0 .net "WADDR_3", 0 0, o0000000006692ae8;  0 drivers
o0000000006692b18 .functor BUFZ 1, C4<z>; HiZ drive
v00000000066e45d0_0 .net "WADDR_4", 0 0, o0000000006692b18;  0 drivers
o0000000006692b48 .functor BUFZ 1, C4<z>; HiZ drive
v00000000066e4d50_0 .net "WADDR_5", 0 0, o0000000006692b48;  0 drivers
o0000000006692b78 .functor BUFZ 1, C4<z>; HiZ drive
v00000000066e38b0_0 .net "WADDR_6", 0 0, o0000000006692b78;  0 drivers
o0000000006692ba8 .functor BUFZ 1, C4<z>; HiZ drive
v00000000066e3c70_0 .net "WADDR_7", 0 0, o0000000006692ba8;  0 drivers
o0000000006692bd8 .functor BUFZ 1, C4<z>; HiZ drive
v00000000066e3b30_0 .net "WADDR_8", 0 0, o0000000006692bd8;  0 drivers
o0000000006692c08 .functor BUFZ 1, C4<z>; HiZ drive
v00000000066e4850_0 .net "WADDR_9", 0 0, o0000000006692c08;  0 drivers
o0000000006692c38 .functor BUFZ 1, C4<z>; HiZ drive
v00000000066e4ad0_0 .net "WCLK", 0 0, o0000000006692c38;  0 drivers
o0000000006692c68 .functor BUFZ 1, C4<z>; HiZ drive
v00000000066e3f90_0 .net "WCLKE", 0 0, o0000000006692c68;  0 drivers
o0000000006692c98 .functor BUFZ 1, C4<z>; HiZ drive
v00000000066e3d10_0 .net "WDATA_0", 0 0, o0000000006692c98;  0 drivers
o0000000006692cc8 .functor BUFZ 1, C4<z>; HiZ drive
v00000000066e4030_0 .net "WDATA_1", 0 0, o0000000006692cc8;  0 drivers
o0000000006692cf8 .functor BUFZ 1, C4<z>; HiZ drive
v00000000066e4df0_0 .net "WDATA_10", 0 0, o0000000006692cf8;  0 drivers
o0000000006692d28 .functor BUFZ 1, C4<z>; HiZ drive
v00000000066e40d0_0 .net "WDATA_11", 0 0, o0000000006692d28;  0 drivers
o0000000006692d58 .functor BUFZ 1, C4<z>; HiZ drive
v00000000066e4b70_0 .net "WDATA_12", 0 0, o0000000006692d58;  0 drivers
o0000000006692d88 .functor BUFZ 1, C4<z>; HiZ drive
v00000000066e3db0_0 .net "WDATA_13", 0 0, o0000000006692d88;  0 drivers
o0000000006692db8 .functor BUFZ 1, C4<z>; HiZ drive
v00000000066e4e90_0 .net "WDATA_14", 0 0, o0000000006692db8;  0 drivers
o0000000006692de8 .functor BUFZ 1, C4<z>; HiZ drive
v00000000066e3950_0 .net "WDATA_15", 0 0, o0000000006692de8;  0 drivers
o0000000006692e18 .functor BUFZ 1, C4<z>; HiZ drive
v00000000066e3e50_0 .net "WDATA_2", 0 0, o0000000006692e18;  0 drivers
o0000000006692e48 .functor BUFZ 1, C4<z>; HiZ drive
v00000000066e4670_0 .net "WDATA_3", 0 0, o0000000006692e48;  0 drivers
o0000000006692e78 .functor BUFZ 1, C4<z>; HiZ drive
v00000000066e48f0_0 .net "WDATA_4", 0 0, o0000000006692e78;  0 drivers
o0000000006692ea8 .functor BUFZ 1, C4<z>; HiZ drive
v00000000066e3ef0_0 .net "WDATA_5", 0 0, o0000000006692ea8;  0 drivers
o0000000006692ed8 .functor BUFZ 1, C4<z>; HiZ drive
v00000000066e4170_0 .net "WDATA_6", 0 0, o0000000006692ed8;  0 drivers
o0000000006692f08 .functor BUFZ 1, C4<z>; HiZ drive
v00000000066e42b0_0 .net "WDATA_7", 0 0, o0000000006692f08;  0 drivers
o0000000006692f38 .functor BUFZ 1, C4<z>; HiZ drive
v00000000066e4710_0 .net "WDATA_8", 0 0, o0000000006692f38;  0 drivers
o0000000006692f68 .functor BUFZ 1, C4<z>; HiZ drive
v00000000066e4350_0 .net "WDATA_9", 0 0, o0000000006692f68;  0 drivers
o0000000006692f98 .functor BUFZ 1, C4<z>; HiZ drive
v00000000066e47b0_0 .net "WE", 0 0, o0000000006692f98;  0 drivers
v00000000066e43f0_0 .net *"_ivl_100", 0 0, L_000000000675a340;  1 drivers
v00000000066e4530_0 .net *"_ivl_102", 0 0, L_000000000675a480;  1 drivers
v00000000066e33b0_0 .net *"_ivl_104", 0 0, L_000000000675ade0;  1 drivers
v00000000066e34f0_0 .net *"_ivl_106", 0 0, L_000000000675a520;  1 drivers
v00000000066e24b0_0 .net *"_ivl_108", 0 0, L_000000000675a5c0;  1 drivers
v00000000066e22d0_0 .net *"_ivl_110", 0 0, L_000000000675b560;  1 drivers
v00000000066e10b0_0 .net *"_ivl_112", 0 0, L_000000000675afc0;  1 drivers
v00000000066e2690_0 .net *"_ivl_114", 0 0, L_000000000675a660;  1 drivers
v00000000066e2a50_0 .net *"_ivl_116", 0 0, L_000000000675b600;  1 drivers
v00000000066e2e10_0 .net *"_ivl_120", 0 0, L_000000000675a7a0;  1 drivers
v00000000066e1e70_0 .net *"_ivl_122", 0 0, L_000000000675bf60;  1 drivers
v00000000066e3770_0 .net *"_ivl_124", 0 0, L_000000000675cdc0;  1 drivers
v00000000066e1510_0 .net *"_ivl_126", 0 0, L_000000000675d9a0;  1 drivers
v00000000066e1970_0 .net *"_ivl_128", 0 0, L_000000000675c000;  1 drivers
v00000000066e1f10_0 .net *"_ivl_130", 0 0, L_000000000675df40;  1 drivers
v00000000066e2eb0_0 .net *"_ivl_132", 0 0, L_000000000675d900;  1 drivers
v00000000066e1330_0 .net *"_ivl_134", 0 0, L_000000000675cc80;  1 drivers
v00000000066e1a10_0 .net *"_ivl_136", 0 0, L_000000000675dcc0;  1 drivers
v00000000066e2730_0 .net *"_ivl_138", 0 0, L_000000000675cd20;  1 drivers
v00000000066e3810_0 .net *"_ivl_140", 0 0, L_000000000675caa0;  1 drivers
v00000000066e2af0_0 .net *"_ivl_142", 0 0, L_000000000675e300;  1 drivers
v00000000066e2f50_0 .net *"_ivl_144", 0 0, L_000000000675d360;  1 drivers
v00000000066e1fb0_0 .net *"_ivl_146", 0 0, L_000000000675d680;  1 drivers
v00000000066e1150_0 .net *"_ivl_148", 0 0, L_000000000675c500;  1 drivers
v00000000066e15b0_0 .net *"_ivl_150", 0 0, L_000000000675d720;  1 drivers
v00000000066e1ab0_0 .net *"_ivl_18", 0 0, L_000000000675a2a0;  1 drivers
v00000000066e2050_0 .net/2u *"_ivl_19", 0 0, L_0000000006711830;  1 drivers
v00000000066e2ff0_0 .net *"_ivl_28", 0 0, L_000000000675b740;  1 drivers
v00000000066e13d0_0 .net *"_ivl_30", 0 0, L_0000000006759f80;  1 drivers
v00000000066e1b50_0 .net *"_ivl_32", 0 0, L_000000000675b100;  1 drivers
v00000000066e27d0_0 .net *"_ivl_34", 0 0, L_000000000675a8e0;  1 drivers
v00000000066e11f0_0 .net *"_ivl_36", 0 0, L_000000000675a980;  1 drivers
v00000000066e31d0_0 .net *"_ivl_38", 0 0, L_000000000675b7e0;  1 drivers
v00000000066e1470_0 .net *"_ivl_40", 0 0, L_0000000006759800;  1 drivers
v00000000066e1dd0_0 .net *"_ivl_42", 0 0, L_0000000006759940;  1 drivers
v00000000066e3090_0 .net *"_ivl_44", 0 0, L_000000000675aa20;  1 drivers
v00000000066e2370_0 .net *"_ivl_46", 0 0, L_000000000675a3e0;  1 drivers
v00000000066e2870_0 .net *"_ivl_48", 0 0, L_0000000006759580;  1 drivers
v00000000066e1650_0 .net *"_ivl_52", 0 0, L_0000000006759c60;  1 drivers
v00000000066e3270_0 .net/2u *"_ivl_53", 0 0, L_0000000006711878;  1 drivers
v00000000066e3130_0 .net *"_ivl_62", 0 0, L_000000000675bc40;  1 drivers
v00000000066e1bf0_0 .net *"_ivl_64", 0 0, L_000000000675ac00;  1 drivers
v00000000066e1830_0 .net *"_ivl_66", 0 0, L_000000000675b920;  1 drivers
v00000000066e2b90_0 .net *"_ivl_68", 0 0, L_000000000675b380;  1 drivers
v00000000066e1c90_0 .net *"_ivl_70", 0 0, L_00000000067599e0;  1 drivers
v00000000066e16f0_0 .net *"_ivl_72", 0 0, L_000000000675aca0;  1 drivers
v00000000066e1290_0 .net *"_ivl_74", 0 0, L_000000000675b9c0;  1 drivers
v00000000066e2c30_0 .net *"_ivl_76", 0 0, L_000000000675a020;  1 drivers
v00000000066e2910_0 .net *"_ivl_78", 0 0, L_0000000006759d00;  1 drivers
v00000000066e1790_0 .net *"_ivl_80", 0 0, L_0000000006759da0;  1 drivers
v00000000066e20f0_0 .net *"_ivl_82", 0 0, L_000000000675a0c0;  1 drivers
v00000000066e3310_0 .net *"_ivl_86", 0 0, L_0000000006759620;  1 drivers
v00000000066e1d30_0 .net *"_ivl_88", 0 0, L_000000000675af20;  1 drivers
v00000000066e18d0_0 .net *"_ivl_90", 0 0, L_000000000675a160;  1 drivers
v00000000066e2190_0 .net *"_ivl_92", 0 0, L_000000000675b420;  1 drivers
v00000000066e3450_0 .net *"_ivl_94", 0 0, L_000000000675b2e0;  1 drivers
v00000000066e2230_0 .net *"_ivl_96", 0 0, L_000000000675a200;  1 drivers
v00000000066e3630_0 .net *"_ivl_98", 0 0, L_000000000675b4c0;  1 drivers
L_0000000006759760 .part v0000000006603220_0, 15, 1;
L_000000000675ba60 .part v0000000006603220_0, 14, 1;
L_000000000675b880 .part v0000000006603220_0, 13, 1;
L_0000000006759bc0 .part v0000000006603220_0, 12, 1;
L_000000000675a840 .part v0000000006603220_0, 11, 1;
L_000000000675ae80 .part v0000000006603220_0, 10, 1;
L_000000000675bb00 .part v0000000006603220_0, 9, 1;
L_00000000067598a0 .part v0000000006603220_0, 8, 1;
L_000000000675b6a0 .part v0000000006603220_0, 7, 1;
L_0000000006759a80 .part v0000000006603220_0, 6, 1;
L_000000000675bba0 .part v0000000006603220_0, 5, 1;
L_000000000675ad40 .part v0000000006603220_0, 4, 1;
L_00000000067596c0 .part v0000000006603220_0, 3, 1;
L_000000000675b240 .part v0000000006603220_0, 2, 1;
L_0000000006759ee0 .part v0000000006603220_0, 1, 1;
L_000000000675b060 .part v0000000006603220_0, 0, 1;
L_000000000675a2a0 .ufunc/vec4 TD_ICESTORM_RAM.pd, 1, o0000000006692698 (v00000000066e0990_0) S_000000000668e320;
L_0000000006759b20 .ufunc/vec4 TD_ICESTORM_RAM.pu, 1, o00000000066926c8 (v00000000066e0530_0) S_000000000668e7d0;
L_000000000675ab60 .ufunc/vec4 TD_ICESTORM_RAM.pd, 1, o00000000066929f8 (v00000000066e0990_0) S_000000000668e320;
L_000000000675b740 .ufunc/vec4 TD_ICESTORM_RAM.pd, 1, o00000000066924e8 (v00000000066e0990_0) S_000000000668e320;
L_0000000006759f80 .ufunc/vec4 TD_ICESTORM_RAM.pd, 1, o0000000006692668 (v00000000066e0990_0) S_000000000668e320;
L_000000000675b100 .ufunc/vec4 TD_ICESTORM_RAM.pd, 1, o0000000006692638 (v00000000066e0990_0) S_000000000668e320;
L_000000000675a8e0 .ufunc/vec4 TD_ICESTORM_RAM.pd, 1, o0000000006692608 (v00000000066e0990_0) S_000000000668e320;
L_000000000675a980 .ufunc/vec4 TD_ICESTORM_RAM.pd, 1, o00000000066925d8 (v00000000066e0990_0) S_000000000668e320;
L_000000000675b7e0 .ufunc/vec4 TD_ICESTORM_RAM.pd, 1, o00000000066925a8 (v00000000066e0990_0) S_000000000668e320;
L_0000000006759800 .ufunc/vec4 TD_ICESTORM_RAM.pd, 1, o0000000006692578 (v00000000066e0990_0) S_000000000668e320;
L_0000000006759940 .ufunc/vec4 TD_ICESTORM_RAM.pd, 1, o0000000006692548 (v00000000066e0990_0) S_000000000668e320;
L_000000000675aa20 .ufunc/vec4 TD_ICESTORM_RAM.pd, 1, o0000000006692518 (v00000000066e0990_0) S_000000000668e320;
L_000000000675a3e0 .ufunc/vec4 TD_ICESTORM_RAM.pd, 1, o00000000066924b8 (v00000000066e0990_0) S_000000000668e320;
L_0000000006759580 .ufunc/vec4 TD_ICESTORM_RAM.pd, 1, o0000000006692488 (v00000000066e0990_0) S_000000000668e320;
LS_000000000675b1a0_0_0 .concat [ 1 1 1 1], L_0000000006759580, L_000000000675a3e0, L_000000000675aa20, L_0000000006759940;
LS_000000000675b1a0_0_4 .concat [ 1 1 1 1], L_0000000006759800, L_000000000675b7e0, L_000000000675a980, L_000000000675a8e0;
LS_000000000675b1a0_0_8 .concat [ 1 1 1 0], L_000000000675b100, L_0000000006759f80, L_000000000675b740;
L_000000000675b1a0 .concat [ 4 4 3 0], LS_000000000675b1a0_0_0, LS_000000000675b1a0_0_4, LS_000000000675b1a0_0_8;
L_0000000006759c60 .ufunc/vec4 TD_ICESTORM_RAM.pd, 1, o0000000006692c38 (v00000000066e0990_0) S_000000000668e320;
L_000000000675bce0 .ufunc/vec4 TD_ICESTORM_RAM.pu, 1, o0000000006692c68 (v00000000066e0530_0) S_000000000668e7d0;
L_000000000675aac0 .ufunc/vec4 TD_ICESTORM_RAM.pd, 1, o0000000006692f98 (v00000000066e0990_0) S_000000000668e320;
L_000000000675bc40 .ufunc/vec4 TD_ICESTORM_RAM.pd, 1, o0000000006692a88 (v00000000066e0990_0) S_000000000668e320;
L_000000000675ac00 .ufunc/vec4 TD_ICESTORM_RAM.pd, 1, o0000000006692c08 (v00000000066e0990_0) S_000000000668e320;
L_000000000675b920 .ufunc/vec4 TD_ICESTORM_RAM.pd, 1, o0000000006692bd8 (v00000000066e0990_0) S_000000000668e320;
L_000000000675b380 .ufunc/vec4 TD_ICESTORM_RAM.pd, 1, o0000000006692ba8 (v00000000066e0990_0) S_000000000668e320;
L_00000000067599e0 .ufunc/vec4 TD_ICESTORM_RAM.pd, 1, o0000000006692b78 (v00000000066e0990_0) S_000000000668e320;
L_000000000675aca0 .ufunc/vec4 TD_ICESTORM_RAM.pd, 1, o0000000006692b48 (v00000000066e0990_0) S_000000000668e320;
L_000000000675b9c0 .ufunc/vec4 TD_ICESTORM_RAM.pd, 1, o0000000006692b18 (v00000000066e0990_0) S_000000000668e320;
L_000000000675a020 .ufunc/vec4 TD_ICESTORM_RAM.pd, 1, o0000000006692ae8 (v00000000066e0990_0) S_000000000668e320;
L_0000000006759d00 .ufunc/vec4 TD_ICESTORM_RAM.pd, 1, o0000000006692ab8 (v00000000066e0990_0) S_000000000668e320;
L_0000000006759da0 .ufunc/vec4 TD_ICESTORM_RAM.pd, 1, o0000000006692a58 (v00000000066e0990_0) S_000000000668e320;
L_000000000675a0c0 .ufunc/vec4 TD_ICESTORM_RAM.pd, 1, o0000000006692a28 (v00000000066e0990_0) S_000000000668e320;
LS_0000000006759e40_0_0 .concat [ 1 1 1 1], L_000000000675a0c0, L_0000000006759da0, L_0000000006759d00, L_000000000675a020;
LS_0000000006759e40_0_4 .concat [ 1 1 1 1], L_000000000675b9c0, L_000000000675aca0, L_00000000067599e0, L_000000000675b380;
LS_0000000006759e40_0_8 .concat [ 1 1 1 0], L_000000000675b920, L_000000000675ac00, L_000000000675bc40;
L_0000000006759e40 .concat [ 4 4 3 0], LS_0000000006759e40_0_0, LS_0000000006759e40_0_4, LS_0000000006759e40_0_8;
L_0000000006759620 .ufunc/vec4 TD_ICESTORM_RAM.pd, 1, o00000000066922d8 (v00000000066e0990_0) S_000000000668e320;
L_000000000675af20 .ufunc/vec4 TD_ICESTORM_RAM.pd, 1, o00000000066922a8 (v00000000066e0990_0) S_000000000668e320;
L_000000000675a160 .ufunc/vec4 TD_ICESTORM_RAM.pd, 1, o0000000006692278 (v00000000066e0990_0) S_000000000668e320;
L_000000000675b420 .ufunc/vec4 TD_ICESTORM_RAM.pd, 1, o0000000006692248 (v00000000066e0990_0) S_000000000668e320;
L_000000000675b2e0 .ufunc/vec4 TD_ICESTORM_RAM.pd, 1, o0000000006692218 (v00000000066e0990_0) S_000000000668e320;
L_000000000675a200 .ufunc/vec4 TD_ICESTORM_RAM.pd, 1, o00000000066921e8 (v00000000066e0990_0) S_000000000668e320;
L_000000000675b4c0 .ufunc/vec4 TD_ICESTORM_RAM.pd, 1, o0000000006692458 (v00000000066e0990_0) S_000000000668e320;
L_000000000675a340 .ufunc/vec4 TD_ICESTORM_RAM.pd, 1, o0000000006692428 (v00000000066e0990_0) S_000000000668e320;
L_000000000675a480 .ufunc/vec4 TD_ICESTORM_RAM.pd, 1, o00000000066923f8 (v00000000066e0990_0) S_000000000668e320;
L_000000000675ade0 .ufunc/vec4 TD_ICESTORM_RAM.pd, 1, o00000000066923c8 (v00000000066e0990_0) S_000000000668e320;
L_000000000675a520 .ufunc/vec4 TD_ICESTORM_RAM.pd, 1, o0000000006692398 (v00000000066e0990_0) S_000000000668e320;
L_000000000675a5c0 .ufunc/vec4 TD_ICESTORM_RAM.pd, 1, o0000000006692368 (v00000000066e0990_0) S_000000000668e320;
L_000000000675b560 .ufunc/vec4 TD_ICESTORM_RAM.pd, 1, o0000000006692338 (v00000000066e0990_0) S_000000000668e320;
L_000000000675afc0 .ufunc/vec4 TD_ICESTORM_RAM.pd, 1, o0000000006692308 (v00000000066e0990_0) S_000000000668e320;
L_000000000675a660 .ufunc/vec4 TD_ICESTORM_RAM.pd, 1, o00000000066921b8 (v00000000066e0990_0) S_000000000668e320;
L_000000000675b600 .ufunc/vec4 TD_ICESTORM_RAM.pd, 1, o0000000006692188 (v00000000066e0990_0) S_000000000668e320;
LS_000000000675a700_0_0 .concat [ 1 1 1 1], L_000000000675b600, L_000000000675a660, L_000000000675afc0, L_000000000675b560;
LS_000000000675a700_0_4 .concat [ 1 1 1 1], L_000000000675a5c0, L_000000000675a520, L_000000000675ade0, L_000000000675a480;
LS_000000000675a700_0_8 .concat [ 1 1 1 1], L_000000000675a340, L_000000000675b4c0, L_000000000675a200, L_000000000675b2e0;
LS_000000000675a700_0_12 .concat [ 1 1 1 1], L_000000000675b420, L_000000000675a160, L_000000000675af20, L_0000000006759620;
L_000000000675a700 .concat [ 4 4 4 4], LS_000000000675a700_0_0, LS_000000000675a700_0_4, LS_000000000675a700_0_8, LS_000000000675a700_0_12;
L_000000000675a7a0 .ufunc/vec4 TD_ICESTORM_RAM.pd, 1, o0000000006692de8 (v00000000066e0990_0) S_000000000668e320;
L_000000000675bf60 .ufunc/vec4 TD_ICESTORM_RAM.pd, 1, o0000000006692db8 (v00000000066e0990_0) S_000000000668e320;
L_000000000675cdc0 .ufunc/vec4 TD_ICESTORM_RAM.pd, 1, o0000000006692d88 (v00000000066e0990_0) S_000000000668e320;
L_000000000675d9a0 .ufunc/vec4 TD_ICESTORM_RAM.pd, 1, o0000000006692d58 (v00000000066e0990_0) S_000000000668e320;
L_000000000675c000 .ufunc/vec4 TD_ICESTORM_RAM.pd, 1, o0000000006692d28 (v00000000066e0990_0) S_000000000668e320;
L_000000000675df40 .ufunc/vec4 TD_ICESTORM_RAM.pd, 1, o0000000006692cf8 (v00000000066e0990_0) S_000000000668e320;
L_000000000675d900 .ufunc/vec4 TD_ICESTORM_RAM.pd, 1, o0000000006692f68 (v00000000066e0990_0) S_000000000668e320;
L_000000000675cc80 .ufunc/vec4 TD_ICESTORM_RAM.pd, 1, o0000000006692f38 (v00000000066e0990_0) S_000000000668e320;
L_000000000675dcc0 .ufunc/vec4 TD_ICESTORM_RAM.pd, 1, o0000000006692f08 (v00000000066e0990_0) S_000000000668e320;
L_000000000675cd20 .ufunc/vec4 TD_ICESTORM_RAM.pd, 1, o0000000006692ed8 (v00000000066e0990_0) S_000000000668e320;
L_000000000675caa0 .ufunc/vec4 TD_ICESTORM_RAM.pd, 1, o0000000006692ea8 (v00000000066e0990_0) S_000000000668e320;
L_000000000675e300 .ufunc/vec4 TD_ICESTORM_RAM.pd, 1, o0000000006692e78 (v00000000066e0990_0) S_000000000668e320;
L_000000000675d360 .ufunc/vec4 TD_ICESTORM_RAM.pd, 1, o0000000006692e48 (v00000000066e0990_0) S_000000000668e320;
L_000000000675d680 .ufunc/vec4 TD_ICESTORM_RAM.pd, 1, o0000000006692e18 (v00000000066e0990_0) S_000000000668e320;
L_000000000675c500 .ufunc/vec4 TD_ICESTORM_RAM.pd, 1, o0000000006692cc8 (v00000000066e0990_0) S_000000000668e320;
L_000000000675d720 .ufunc/vec4 TD_ICESTORM_RAM.pd, 1, o0000000006692c98 (v00000000066e0990_0) S_000000000668e320;
LS_000000000675be20_0_0 .concat [ 1 1 1 1], L_000000000675d720, L_000000000675c500, L_000000000675d680, L_000000000675d360;
LS_000000000675be20_0_4 .concat [ 1 1 1 1], L_000000000675e300, L_000000000675caa0, L_000000000675cd20, L_000000000675dcc0;
LS_000000000675be20_0_8 .concat [ 1 1 1 1], L_000000000675cc80, L_000000000675d900, L_000000000675df40, L_000000000675c000;
LS_000000000675be20_0_12 .concat [ 1 1 1 1], L_000000000675d9a0, L_000000000675cdc0, L_000000000675bf60, L_000000000675a7a0;
L_000000000675be20 .concat [ 4 4 4 4], LS_000000000675be20_0_0, LS_000000000675be20_0_4, LS_000000000675be20_0_8, LS_000000000675be20_0_12;
S_000000000668fa90 .scope module, "RAM" "SB_RAM40_4K" 2 3233, 2 1487 0, S_0000000004c6ecf0;
 .timescale -12 -12;
    .port_info 0 /OUTPUT 16 "RDATA";
    .port_info 1 /INPUT 1 "RCLK";
    .port_info 2 /INPUT 1 "RCLKE";
    .port_info 3 /INPUT 1 "RE";
    .port_info 4 /INPUT 11 "RADDR";
    .port_info 5 /INPUT 1 "WCLK";
    .port_info 6 /INPUT 1 "WCLKE";
    .port_info 7 /INPUT 1 "WE";
    .port_info 8 /INPUT 11 "WADDR";
    .port_info 9 /INPUT 16 "MASK";
    .port_info 10 /INPUT 16 "WDATA";
P_000000000667e8b0 .param/l "INIT_0" 0 2 1507, C4<0000000000000000000000000000000000000000000000000000000000000000000000000000000000000000000000000000000000000000000000000000000000000000000000000000000000000000000000000000000000000000000000000000000000000000000000000000000000000000000000000000000000000000>;
P_000000000667e8e8 .param/l "INIT_1" 0 2 1508, C4<0000000000000000000000000000000000000000000000000000000000000000000000000000000000000000000000000000000000000000000000000000000000000000000000000000000000000000000000000000000000000000000000000000000000000000000000000000000000000000000000000000000000000000>;
P_000000000667e920 .param/l "INIT_2" 0 2 1509, C4<0000000000000000000000000000000000000000000000000000000000000000000000000000000000000000000000000000000000000000000000000000000000000000000000000000000000000000000000000000000000000000000000000000000000000000000000000000000000000000000000000000000000000000>;
P_000000000667e958 .param/l "INIT_3" 0 2 1510, C4<0000000000000000000000000000000000000000000000000000000000000000000000000000000000000000000000000000000000000000000000000000000000000000000000000000000000000000000000000000000000000000000000000000000000000000000000000000000000000000000000000000000000000000>;
P_000000000667e990 .param/l "INIT_4" 0 2 1511, C4<0000000000000000000000000000000000000000000000000000000000000000000000000000000000000000000000000000000000000000000000000000000000000000000000000000000000000000000000000000000000000000000000000000000000000000000000000000000000000000000000000000000000000000>;
P_000000000667e9c8 .param/l "INIT_5" 0 2 1512, C4<0000000000000000000000000000000000000000000000000000000000000000000000000000000000000000000000000000000000000000000000000000000000000000000000000000000000000000000000000000000000000000000000000000000000000000000000000000000000000000000000000000000000000000>;
P_000000000667ea00 .param/l "INIT_6" 0 2 1513, C4<0000000000000000000000000000000000000000000000000000000000000000000000000000000000000000000000000000000000000000000000000000000000000000000000000000000000000000000000000000000000000000000000000000000000000000000000000000000000000000000000000000000000000000>;
P_000000000667ea38 .param/l "INIT_7" 0 2 1514, C4<0000000000000000000000000000000000000000000000000000000000000000000000000000000000000000000000000000000000000000000000000000000000000000000000000000000000000000000000000000000000000000000000000000000000000000000000000000000000000000000000000000000000000000>;
P_000000000667ea70 .param/l "INIT_8" 0 2 1515, C4<0000000000000000000000000000000000000000000000000000000000000000000000000000000000000000000000000000000000000000000000000000000000000000000000000000000000000000000000000000000000000000000000000000000000000000000000000000000000000000000000000000000000000000>;
P_000000000667eaa8 .param/l "INIT_9" 0 2 1516, C4<0000000000000000000000000000000000000000000000000000000000000000000000000000000000000000000000000000000000000000000000000000000000000000000000000000000000000000000000000000000000000000000000000000000000000000000000000000000000000000000000000000000000000000>;
P_000000000667eae0 .param/l "INIT_A" 0 2 1517, C4<0000000000000000000000000000000000000000000000000000000000000000000000000000000000000000000000000000000000000000000000000000000000000000000000000000000000000000000000000000000000000000000000000000000000000000000000000000000000000000000000000000000000000000>;
P_000000000667eb18 .param/l "INIT_B" 0 2 1518, C4<0000000000000000000000000000000000000000000000000000000000000000000000000000000000000000000000000000000000000000000000000000000000000000000000000000000000000000000000000000000000000000000000000000000000000000000000000000000000000000000000000000000000000000>;
P_000000000667eb50 .param/l "INIT_C" 0 2 1519, C4<0000000000000000000000000000000000000000000000000000000000000000000000000000000000000000000000000000000000000000000000000000000000000000000000000000000000000000000000000000000000000000000000000000000000000000000000000000000000000000000000000000000000000000>;
P_000000000667eb88 .param/l "INIT_D" 0 2 1520, C4<0000000000000000000000000000000000000000000000000000000000000000000000000000000000000000000000000000000000000000000000000000000000000000000000000000000000000000000000000000000000000000000000000000000000000000000000000000000000000000000000000000000000000000>;
P_000000000667ebc0 .param/l "INIT_E" 0 2 1521, C4<0000000000000000000000000000000000000000000000000000000000000000000000000000000000000000000000000000000000000000000000000000000000000000000000000000000000000000000000000000000000000000000000000000000000000000000000000000000000000000000000000000000000000000>;
P_000000000667ebf8 .param/l "INIT_F" 0 2 1522, C4<0000000000000000000000000000000000000000000000000000000000000000000000000000000000000000000000000000000000000000000000000000000000000000000000000000000000000000000000000000000000000000000000000000000000000000000000000000000000000000000000000000000000000000>;
P_000000000667ec30 .param/str "INIT_FILE" 0 2 1524, "\000";
P_000000000667ec68 .param/l "READ_MODE" 0 2 1505, +C4<00000000000000000000000000000000>;
P_000000000667eca0 .param/l "WRITE_MODE" 0 2 1504, +C4<00000000000000000000000000000000>;
v0000000006634cd0_0 .net "MASK", 15 0, L_000000000675a700;  1 drivers
v0000000006634050_0 .net "RADDR", 10 0, L_000000000675b1a0;  1 drivers
v0000000006634f50_0 .net "RCLK", 0 0, L_0000000006675f90;  1 drivers
v0000000006634870_0 .net "RCLKE", 0 0, L_0000000006759b20;  1 drivers
v0000000006604c60_0 .net "RDATA", 15 0, v0000000006603220_0;  1 drivers
v0000000006603220_0 .var "RDATA_I", 15 0;
v0000000006603720_0 .net "RE", 0 0, L_000000000675ab60;  1 drivers
L_00000000067117e8 .functor BUFT 1, C4<0000000000000000>, C4<0>, C4<0>, C4<0>;
v0000000006603c20_0 .net "RMASK_I", 15 0, L_00000000067117e8;  1 drivers
v0000000006603d60_0 .net "WADDR", 10 0, L_0000000006759e40;  1 drivers
v00000000065d3920_0 .net "WCLK", 0 0, L_0000000006676f50;  1 drivers
v00000000065d3b00_0 .net "WCLKE", 0 0, L_000000000675bce0;  1 drivers
v0000000006614e40_0 .net "WDATA", 15 0, L_000000000675be20;  1 drivers
v00000000066e0c10_0 .net "WDATA_I", 15 0, L_0000000006676d90;  1 drivers
v00000000066e08f0_0 .net "WE", 0 0, L_000000000675aac0;  1 drivers
v00000000066df1d0_0 .net "WMASK_I", 15 0, L_00000000066765b0;  1 drivers
v00000000066e0a30_0 .var/i "i", 31 0;
v00000000066df310 .array "memory", 255 0, 15 0;
E_0000000006653370 .event posedge, v0000000006634f50_0;
E_0000000006653cf0 .event posedge, v00000000065d3920_0;
S_000000000668e640 .scope generate, "genblk1" "genblk1" 2 1534, 2 1534 0, S_000000000668fa90;
 .timescale -12 -12;
L_00000000066765b0 .functor BUFZ 16, L_000000000675a700, C4<0000000000000000>, C4<0000000000000000>, C4<0000000000000000>;
S_000000000668fc20 .scope generate, "genblk2" "genblk2" 2 1555, 2 1555 0, S_000000000668fa90;
 .timescale -12 -12;
S_000000000668fdb0 .scope generate, "genblk3" "genblk3" 2 1576, 2 1576 0, S_000000000668fa90;
 .timescale -12 -12;
L_0000000006676d90 .functor BUFZ 16, L_000000000675be20, C4<0000000000000000>, C4<0000000000000000>, C4<0000000000000000>;
S_000000000668eaf0 .scope generate, "genblk4" "genblk4" 2 1595, 2 1595 0, S_000000000668fa90;
 .timescale -12 -12;
S_000000000668e320 .scope function.vec4.s1, "pd" "pd" 2 3200, 2 3200 0, S_0000000004c6ecf0;
 .timescale -12 -12;
; Variable pd is vec4 return value of scope S_000000000668e320
v00000000066e0990_0 .var "x", 0 0;
TD_ICESTORM_RAM.pd ;
    %load/vec4 v00000000066e0990_0;
    %cmpi/e 0, 1, 1;
    %flag_mov 8, 6;
    %jmp/0 T_0.0, 8;
    %pushi/vec4 0, 0, 1;
    %jmp/1 T_0.1, 8;
T_0.0 ; End of true expr.
    %load/vec4 v00000000066e0990_0;
    %jmp/0 T_0.1, 8;
 ; End of false expr.
    %blend;
T_0.1;
    %ret/vec4 0, 0, 1;  Assign to pd (store_vec4_to_lval)
    %end;
S_000000000668e7d0 .scope function.vec4.s1, "pu" "pu" 2 3207, 2 3207 0, S_0000000004c6ecf0;
 .timescale -12 -12;
; Variable pu is vec4 return value of scope S_000000000668e7d0
v00000000066e0530_0 .var "x", 0 0;
TD_ICESTORM_RAM.pu ;
    %load/vec4 v00000000066e0530_0;
    %cmpi/e 0, 1, 1;
    %flag_mov 8, 6;
    %jmp/0 T_1.2, 8;
    %pushi/vec4 1, 0, 1;
    %jmp/1 T_1.3, 8;
T_1.2 ; End of true expr.
    %load/vec4 v00000000066e0530_0;
    %jmp/0 T_1.3, 8;
 ; End of false expr.
    %blend;
T_1.3;
    %ret/vec4 0, 0, 1;  Assign to pu (store_vec4_to_lval)
    %end;
S_0000000004bc3020 .scope module, "SB_CARRY" "SB_CARRY" 2 228;
 .timescale -12 -12;
    .port_info 0 /OUTPUT 1 "CO";
    .port_info 1 /INPUT 1 "I0";
    .port_info 2 /INPUT 1 "I1";
    .port_info 3 /INPUT 1 "CI";
o0000000006694948 .functor BUFZ 1, C4<z>; HiZ drive
o0000000006694978 .functor BUFZ 1, C4<z>; HiZ drive
L_0000000006676ee0 .functor AND 1, o0000000006694948, o0000000006694978, C4<1>, C4<1>;
L_00000000066762a0 .functor OR 1, o0000000006694948, o0000000006694978, C4<0>, C4<0>;
o00000000066948e8 .functor BUFZ 1, C4<z>; HiZ drive
L_0000000006677420 .functor AND 1, L_00000000066762a0, o00000000066948e8, C4<1>, C4<1>;
L_00000000066775e0 .functor OR 1, L_0000000006676ee0, L_0000000006677420, C4<0>, C4<0>;
v00000000066e2410_0 .net "CI", 0 0, o00000000066948e8;  0 drivers
v00000000066e3590_0 .net "CO", 0 0, L_00000000066775e0;  1 drivers
v00000000066e2d70_0 .net "I0", 0 0, o0000000006694948;  0 drivers
v00000000066e2550_0 .net "I1", 0 0, o0000000006694978;  0 drivers
v00000000066e36d0_0 .net *"_ivl_1", 0 0, L_0000000006676ee0;  1 drivers
v00000000066e25f0_0 .net *"_ivl_3", 0 0, L_00000000066762a0;  1 drivers
v00000000066e29b0_0 .net *"_ivl_5", 0 0, L_0000000006677420;  1 drivers
S_0000000004bc31b0 .scope module, "SB_DFF" "SB_DFF" 2 265;
 .timescale -12 -12;
    .port_info 0 /OUTPUT 1 "Q";
    .port_info 1 /INPUT 1 "C";
    .port_info 2 /INPUT 1 "D";
o0000000006694af8 .functor BUFZ 1, C4<z>; HiZ drive
v00000000066e2cd0_0 .net "C", 0 0, o0000000006694af8;  0 drivers
o0000000006694b28 .functor BUFZ 1, C4<z>; HiZ drive
v00000000066e9070_0 .net "D", 0 0, o0000000006694b28;  0 drivers
v00000000066e9750_0 .var "Q", 0 0;
E_0000000006653a70 .event posedge, v00000000066e2cd0_0;
S_0000000004bc3340 .scope module, "SB_DFFE" "SB_DFFE" 2 303;
 .timescale -12 -12;
    .port_info 0 /OUTPUT 1 "Q";
    .port_info 1 /INPUT 1 "C";
    .port_info 2 /INPUT 1 "E";
    .port_info 3 /INPUT 1 "D";
o0000000006694c18 .functor BUFZ 1, C4<z>; HiZ drive
v00000000066e8c10_0 .net "C", 0 0, o0000000006694c18;  0 drivers
o0000000006694c48 .functor BUFZ 1, C4<z>; HiZ drive
v00000000066e83f0_0 .net "D", 0 0, o0000000006694c48;  0 drivers
o0000000006694c78 .functor BUFZ 1, C4<z>; HiZ drive
v00000000066e8490_0 .net "E", 0 0, o0000000006694c78;  0 drivers
v00000000066e9250_0 .var "Q", 0 0;
E_00000000066531f0 .event posedge, v00000000066e8c10_0;
S_0000000004bc7930 .scope module, "SB_DFFER" "SB_DFFER" 2 653;
 .timescale -12 -12;
    .port_info 0 /OUTPUT 1 "Q";
    .port_info 1 /INPUT 1 "C";
    .port_info 2 /INPUT 1 "E";
    .port_info 3 /INPUT 1 "R";
    .port_info 4 /INPUT 1 "D";
o0000000006694d98 .functor BUFZ 1, C4<z>; HiZ drive
v00000000066e80d0_0 .net "C", 0 0, o0000000006694d98;  0 drivers
o0000000006694dc8 .functor BUFZ 1, C4<z>; HiZ drive
v00000000066e8530_0 .net "D", 0 0, o0000000006694dc8;  0 drivers
o0000000006694df8 .functor BUFZ 1, C4<z>; HiZ drive
v00000000066e8350_0 .net "E", 0 0, o0000000006694df8;  0 drivers
v00000000066e8cb0_0 .var "Q", 0 0;
o0000000006694e58 .functor BUFZ 1, C4<z>; HiZ drive
v00000000066e92f0_0 .net "R", 0 0, o0000000006694e58;  0 drivers
E_00000000066533b0 .event posedge, v00000000066e92f0_0, v00000000066e80d0_0;
S_0000000004bc7ac0 .scope module, "SB_DFFES" "SB_DFFES" 2 794;
 .timescale -12 -12;
    .port_info 0 /OUTPUT 1 "Q";
    .port_info 1 /INPUT 1 "C";
    .port_info 2 /INPUT 1 "E";
    .port_info 3 /INPUT 1 "S";
    .port_info 4 /INPUT 1 "D";
o0000000006694f78 .functor BUFZ 1, C4<z>; HiZ drive
v00000000066e8b70_0 .net "C", 0 0, o0000000006694f78;  0 drivers
o0000000006694fa8 .functor BUFZ 1, C4<z>; HiZ drive
v00000000066e8210_0 .net "D", 0 0, o0000000006694fa8;  0 drivers
o0000000006694fd8 .functor BUFZ 1, C4<z>; HiZ drive
v00000000066e9110_0 .net "E", 0 0, o0000000006694fd8;  0 drivers
v00000000066e8170_0 .var "Q", 0 0;
o0000000006695038 .functor BUFZ 1, C4<z>; HiZ drive
v00000000066e8ad0_0 .net "S", 0 0, o0000000006695038;  0 drivers
E_00000000066535f0 .event posedge, v00000000066e8ad0_0, v00000000066e8b70_0;
S_0000000004bc7c50 .scope module, "SB_DFFESR" "SB_DFFESR" 2 592;
 .timescale -12 -12;
    .port_info 0 /OUTPUT 1 "Q";
    .port_info 1 /INPUT 1 "C";
    .port_info 2 /INPUT 1 "E";
    .port_info 3 /INPUT 1 "R";
    .port_info 4 /INPUT 1 "D";
o0000000006695158 .functor BUFZ 1, C4<z>; HiZ drive
v00000000066e8990_0 .net "C", 0 0, o0000000006695158;  0 drivers
o0000000006695188 .functor BUFZ 1, C4<z>; HiZ drive
v00000000066e85d0_0 .net "D", 0 0, o0000000006695188;  0 drivers
o00000000066951b8 .functor BUFZ 1, C4<z>; HiZ drive
v00000000066e8d50_0 .net "E", 0 0, o00000000066951b8;  0 drivers
v00000000066e8850_0 .var "Q", 0 0;
o0000000006695218 .functor BUFZ 1, C4<z>; HiZ drive
v00000000066e8df0_0 .net "R", 0 0, o0000000006695218;  0 drivers
E_0000000006653c30 .event posedge, v00000000066e8990_0;
S_0000000004bd1fa0 .scope module, "SB_DFFESS" "SB_DFFESS" 2 733;
 .timescale -12 -12;
    .port_info 0 /OUTPUT 1 "Q";
    .port_info 1 /INPUT 1 "C";
    .port_info 2 /INPUT 1 "E";
    .port_info 3 /INPUT 1 "S";
    .port_info 4 /INPUT 1 "D";
o0000000006695338 .functor BUFZ 1, C4<z>; HiZ drive
v00000000066e9390_0 .net "C", 0 0, o0000000006695338;  0 drivers
o0000000006695368 .functor BUFZ 1, C4<z>; HiZ drive
v00000000066e88f0_0 .net "D", 0 0, o0000000006695368;  0 drivers
o0000000006695398 .functor BUFZ 1, C4<z>; HiZ drive
v00000000066e9610_0 .net "E", 0 0, o0000000006695398;  0 drivers
v00000000066e9430_0 .var "Q", 0 0;
o00000000066953f8 .functor BUFZ 1, C4<z>; HiZ drive
v00000000066e87b0_0 .net "S", 0 0, o00000000066953f8;  0 drivers
E_0000000006653c70 .event posedge, v00000000066e9390_0;
S_0000000004bd2130 .scope module, "SB_DFFN" "SB_DFFN" 2 876;
 .timescale -12 -12;
    .port_info 0 /OUTPUT 1 "Q";
    .port_info 1 /INPUT 1 "C";
    .port_info 2 /INPUT 1 "D";
o0000000006695518 .functor BUFZ 1, C4<z>; HiZ drive
v00000000066e8a30_0 .net "C", 0 0, o0000000006695518;  0 drivers
o0000000006695548 .functor BUFZ 1, C4<z>; HiZ drive
v00000000066e8fd0_0 .net "D", 0 0, o0000000006695548;  0 drivers
v00000000066e82b0_0 .var "Q", 0 0;
E_0000000006652f70 .event negedge, v00000000066e8a30_0;
S_0000000004bd22c0 .scope module, "SB_DFFNE" "SB_DFFNE" 2 914;
 .timescale -12 -12;
    .port_info 0 /OUTPUT 1 "Q";
    .port_info 1 /INPUT 1 "C";
    .port_info 2 /INPUT 1 "E";
    .port_info 3 /INPUT 1 "D";
o0000000006695638 .functor BUFZ 1, C4<z>; HiZ drive
v00000000066e8e90_0 .net "C", 0 0, o0000000006695638;  0 drivers
o0000000006695668 .functor BUFZ 1, C4<z>; HiZ drive
v00000000066e91b0_0 .net "D", 0 0, o0000000006695668;  0 drivers
o0000000006695698 .functor BUFZ 1, C4<z>; HiZ drive
v00000000066e8710_0 .net "E", 0 0, o0000000006695698;  0 drivers
v00000000066e8670_0 .var "Q", 0 0;
E_0000000006653470 .event negedge, v00000000066e8e90_0;
S_0000000004bcedd0 .scope module, "SB_DFFNER" "SB_DFFNER" 2 1264;
 .timescale -12 -12;
    .port_info 0 /OUTPUT 1 "Q";
    .port_info 1 /INPUT 1 "C";
    .port_info 2 /INPUT 1 "E";
    .port_info 3 /INPUT 1 "R";
    .port_info 4 /INPUT 1 "D";
o00000000066957b8 .functor BUFZ 1, C4<z>; HiZ drive
v00000000066e8f30_0 .net "C", 0 0, o00000000066957b8;  0 drivers
o00000000066957e8 .functor BUFZ 1, C4<z>; HiZ drive
v00000000066e94d0_0 .net "D", 0 0, o00000000066957e8;  0 drivers
o0000000006695818 .functor BUFZ 1, C4<z>; HiZ drive
v00000000066e9570_0 .net "E", 0 0, o0000000006695818;  0 drivers
v00000000066e96b0_0 .var "Q", 0 0;
o0000000006695878 .functor BUFZ 1, C4<z>; HiZ drive
v00000000066e5d30_0 .net "R", 0 0, o0000000006695878;  0 drivers
E_0000000006652e70/0 .event negedge, v00000000066e8f30_0;
E_0000000006652e70/1 .event posedge, v00000000066e5d30_0;
E_0000000006652e70 .event/or E_0000000006652e70/0, E_0000000006652e70/1;
S_0000000004bcef60 .scope module, "SB_DFFNES" "SB_DFFNES" 2 1405;
 .timescale -12 -12;
    .port_info 0 /OUTPUT 1 "Q";
    .port_info 1 /INPUT 1 "C";
    .port_info 2 /INPUT 1 "E";
    .port_info 3 /INPUT 1 "S";
    .port_info 4 /INPUT 1 "D";
o0000000006695998 .functor BUFZ 1, C4<z>; HiZ drive
v00000000066e7bd0_0 .net "C", 0 0, o0000000006695998;  0 drivers
o00000000066959c8 .functor BUFZ 1, C4<z>; HiZ drive
v00000000066e7590_0 .net "D", 0 0, o00000000066959c8;  0 drivers
o00000000066959f8 .functor BUFZ 1, C4<z>; HiZ drive
v00000000066e58d0_0 .net "E", 0 0, o00000000066959f8;  0 drivers
v00000000066e7770_0 .var "Q", 0 0;
o0000000006695a58 .functor BUFZ 1, C4<z>; HiZ drive
v00000000066e6550_0 .net "S", 0 0, o0000000006695a58;  0 drivers
E_0000000006652e30/0 .event negedge, v00000000066e7bd0_0;
E_0000000006652e30/1 .event posedge, v00000000066e6550_0;
E_0000000006652e30 .event/or E_0000000006652e30/0, E_0000000006652e30/1;
S_0000000004bcf0f0 .scope module, "SB_DFFNESR" "SB_DFFNESR" 2 1203;
 .timescale -12 -12;
    .port_info 0 /OUTPUT 1 "Q";
    .port_info 1 /INPUT 1 "C";
    .port_info 2 /INPUT 1 "E";
    .port_info 3 /INPUT 1 "R";
    .port_info 4 /INPUT 1 "D";
o0000000006695b78 .functor BUFZ 1, C4<z>; HiZ drive
v00000000066e5dd0_0 .net "C", 0 0, o0000000006695b78;  0 drivers
o0000000006695ba8 .functor BUFZ 1, C4<z>; HiZ drive
v00000000066e7e50_0 .net "D", 0 0, o0000000006695ba8;  0 drivers
o0000000006695bd8 .functor BUFZ 1, C4<z>; HiZ drive
v00000000066e7090_0 .net "E", 0 0, o0000000006695bd8;  0 drivers
v00000000066e5a10_0 .var "Q", 0 0;
o0000000006695c38 .functor BUFZ 1, C4<z>; HiZ drive
v00000000066e64b0_0 .net "R", 0 0, o0000000006695c38;  0 drivers
E_0000000006653cb0 .event negedge, v00000000066e5dd0_0;
S_0000000006688dc0 .scope module, "SB_DFFNESS" "SB_DFFNESS" 2 1344;
 .timescale -12 -12;
    .port_info 0 /OUTPUT 1 "Q";
    .port_info 1 /INPUT 1 "C";
    .port_info 2 /INPUT 1 "E";
    .port_info 3 /INPUT 1 "S";
    .port_info 4 /INPUT 1 "D";
o0000000006695d58 .functor BUFZ 1, C4<z>; HiZ drive
v00000000066e7950_0 .net "C", 0 0, o0000000006695d58;  0 drivers
o0000000006695d88 .functor BUFZ 1, C4<z>; HiZ drive
v00000000066e6870_0 .net "D", 0 0, o0000000006695d88;  0 drivers
o0000000006695db8 .functor BUFZ 1, C4<z>; HiZ drive
v00000000066e7b30_0 .net "E", 0 0, o0000000006695db8;  0 drivers
v00000000066e7a90_0 .var "Q", 0 0;
o0000000006695e18 .functor BUFZ 1, C4<z>; HiZ drive
v00000000066e7ef0_0 .net "S", 0 0, o0000000006695e18;  0 drivers
E_0000000006652eb0 .event negedge, v00000000066e7950_0;
S_0000000006689a40 .scope module, "SB_DFFNR" "SB_DFFNR" 2 1011;
 .timescale -12 -12;
    .port_info 0 /OUTPUT 1 "Q";
    .port_info 1 /INPUT 1 "C";
    .port_info 2 /INPUT 1 "R";
    .port_info 3 /INPUT 1 "D";
o0000000006695f38 .functor BUFZ 1, C4<z>; HiZ drive
v00000000066e6050_0 .net "C", 0 0, o0000000006695f38;  0 drivers
o0000000006695f68 .functor BUFZ 1, C4<z>; HiZ drive
v00000000066e7c70_0 .net "D", 0 0, o0000000006695f68;  0 drivers
v00000000066e71d0_0 .var "Q", 0 0;
o0000000006695fc8 .functor BUFZ 1, C4<z>; HiZ drive
v00000000066e5f10_0 .net "R", 0 0, o0000000006695fc8;  0 drivers
E_0000000006653930/0 .event negedge, v00000000066e6050_0;
E_0000000006653930/1 .event posedge, v00000000066e5f10_0;
E_0000000006653930 .event/or E_0000000006653930/0, E_0000000006653930/1;
S_0000000006688c30 .scope module, "SB_DFFNS" "SB_DFFNS" 2 1132;
 .timescale -12 -12;
    .port_info 0 /OUTPUT 1 "Q";
    .port_info 1 /INPUT 1 "C";
    .port_info 2 /INPUT 1 "S";
    .port_info 3 /INPUT 1 "D";
o00000000066960b8 .functor BUFZ 1, C4<z>; HiZ drive
v00000000066e7d10_0 .net "C", 0 0, o00000000066960b8;  0 drivers
o00000000066960e8 .functor BUFZ 1, C4<z>; HiZ drive
v00000000066e7810_0 .net "D", 0 0, o00000000066960e8;  0 drivers
v00000000066e5b50_0 .var "Q", 0 0;
o0000000006696148 .functor BUFZ 1, C4<z>; HiZ drive
v00000000066e6910_0 .net "S", 0 0, o0000000006696148;  0 drivers
E_0000000006652ef0/0 .event negedge, v00000000066e7d10_0;
E_0000000006652ef0/1 .event posedge, v00000000066e6910_0;
E_0000000006652ef0 .event/or E_0000000006652ef0/0, E_0000000006652ef0/1;
S_0000000006689400 .scope module, "SB_DFFNSR" "SB_DFFNSR" 2 961;
 .timescale -12 -12;
    .port_info 0 /OUTPUT 1 "Q";
    .port_info 1 /INPUT 1 "C";
    .port_info 2 /INPUT 1 "R";
    .port_info 3 /INPUT 1 "D";
o0000000006696238 .functor BUFZ 1, C4<z>; HiZ drive
v00000000066e6730_0 .net "C", 0 0, o0000000006696238;  0 drivers
o0000000006696268 .functor BUFZ 1, C4<z>; HiZ drive
v00000000066e6370_0 .net "D", 0 0, o0000000006696268;  0 drivers
v00000000066e78b0_0 .var "Q", 0 0;
o00000000066962c8 .functor BUFZ 1, C4<z>; HiZ drive
v00000000066e65f0_0 .net "R", 0 0, o00000000066962c8;  0 drivers
E_0000000006652fb0 .event negedge, v00000000066e6730_0;
S_0000000006688f50 .scope module, "SB_DFFNSS" "SB_DFFNSS" 2 1082;
 .timescale -12 -12;
    .port_info 0 /OUTPUT 1 "Q";
    .port_info 1 /INPUT 1 "C";
    .port_info 2 /INPUT 1 "S";
    .port_info 3 /INPUT 1 "D";
o00000000066963b8 .functor BUFZ 1, C4<z>; HiZ drive
v00000000066e7db0_0 .net "C", 0 0, o00000000066963b8;  0 drivers
o00000000066963e8 .functor BUFZ 1, C4<z>; HiZ drive
v00000000066e6690_0 .net "D", 0 0, o00000000066963e8;  0 drivers
v00000000066e7f90_0 .var "Q", 0 0;
o0000000006696448 .functor BUFZ 1, C4<z>; HiZ drive
v00000000066e5fb0_0 .net "S", 0 0, o0000000006696448;  0 drivers
E_00000000066539f0 .event negedge, v00000000066e7db0_0;
S_0000000006689590 .scope module, "SB_DFFR" "SB_DFFR" 2 400;
 .timescale -12 -12;
    .port_info 0 /OUTPUT 1 "Q";
    .port_info 1 /INPUT 1 "C";
    .port_info 2 /INPUT 1 "R";
    .port_info 3 /INPUT 1 "D";
o0000000006696538 .functor BUFZ 1, C4<z>; HiZ drive
v00000000066e5ab0_0 .net "C", 0 0, o0000000006696538;  0 drivers
o0000000006696568 .functor BUFZ 1, C4<z>; HiZ drive
v00000000066e67d0_0 .net "D", 0 0, o0000000006696568;  0 drivers
v00000000066e5e70_0 .var "Q", 0 0;
o00000000066965c8 .functor BUFZ 1, C4<z>; HiZ drive
v00000000066e60f0_0 .net "R", 0 0, o00000000066965c8;  0 drivers
E_00000000066534f0 .event posedge, v00000000066e60f0_0, v00000000066e5ab0_0;
S_00000000066890e0 .scope module, "SB_DFFS" "SB_DFFS" 2 521;
 .timescale -12 -12;
    .port_info 0 /OUTPUT 1 "Q";
    .port_info 1 /INPUT 1 "C";
    .port_info 2 /INPUT 1 "S";
    .port_info 3 /INPUT 1 "D";
o00000000066966b8 .functor BUFZ 1, C4<z>; HiZ drive
v00000000066e6190_0 .net "C", 0 0, o00000000066966b8;  0 drivers
o00000000066966e8 .functor BUFZ 1, C4<z>; HiZ drive
v00000000066e8030_0 .net "D", 0 0, o00000000066966e8;  0 drivers
v00000000066e7270_0 .var "Q", 0 0;
o0000000006696748 .functor BUFZ 1, C4<z>; HiZ drive
v00000000066e6230_0 .net "S", 0 0, o0000000006696748;  0 drivers
E_00000000066535b0 .event posedge, v00000000066e6230_0, v00000000066e6190_0;
S_0000000006689270 .scope module, "SB_DFFSR" "SB_DFFSR" 2 350;
 .timescale -12 -12;
    .port_info 0 /OUTPUT 1 "Q";
    .port_info 1 /INPUT 1 "C";
    .port_info 2 /INPUT 1 "R";
    .port_info 3 /INPUT 1 "D";
o0000000006696838 .functor BUFZ 1, C4<z>; HiZ drive
v00000000066e5970_0 .net "C", 0 0, o0000000006696838;  0 drivers
o0000000006696868 .functor BUFZ 1, C4<z>; HiZ drive
v00000000066e79f0_0 .net "D", 0 0, o0000000006696868;  0 drivers
v00000000066e5bf0_0 .var "Q", 0 0;
o00000000066968c8 .functor BUFZ 1, C4<z>; HiZ drive
v00000000066e69b0_0 .net "R", 0 0, o00000000066968c8;  0 drivers
E_0000000006653670 .event posedge, v00000000066e5970_0;
S_0000000006689720 .scope module, "SB_DFFSS" "SB_DFFSS" 2 471;
 .timescale -12 -12;
    .port_info 0 /OUTPUT 1 "Q";
    .port_info 1 /INPUT 1 "C";
    .port_info 2 /INPUT 1 "S";
    .port_info 3 /INPUT 1 "D";
o00000000066969b8 .functor BUFZ 1, C4<z>; HiZ drive
v00000000066e6a50_0 .net "C", 0 0, o00000000066969b8;  0 drivers
o00000000066969e8 .functor BUFZ 1, C4<z>; HiZ drive
v00000000066e6410_0 .net "D", 0 0, o00000000066969e8;  0 drivers
v00000000066e5c90_0 .var "Q", 0 0;
o0000000006696a48 .functor BUFZ 1, C4<z>; HiZ drive
v00000000066e62d0_0 .net "S", 0 0, o0000000006696a48;  0 drivers
E_00000000066537b0 .event posedge, v00000000066e6a50_0;
S_00000000066898b0 .scope module, "SB_FILTER_50NS" "SB_FILTER_50NS" 2 2856;
 .timescale -12 -12;
    .port_info 0 /INPUT 1 "FILTERIN";
    .port_info 1 /OUTPUT 1 "FILTEROUT";
o0000000006696b38 .functor BUFZ 1, C4<z>; HiZ drive
v00000000066e7450_0 .net "FILTERIN", 0 0, o0000000006696b38;  0 drivers
o0000000006696b68 .functor BUFZ 1, C4<z>; HiZ drive
v00000000066e6c30_0 .net "FILTEROUT", 0 0, o0000000006696b68;  0 drivers
S_000000000667c940 .scope module, "SB_GB" "SB_GB" 2 162;
 .timescale -12 -12;
    .port_info 0 /INPUT 1 "USER_SIGNAL_TO_GLOBAL_BUFFER";
    .port_info 1 /OUTPUT 1 "GLOBAL_BUFFER_OUTPUT";
o0000000006696c28 .functor BUFZ 1, C4<z>; HiZ drive
L_0000000006677490 .functor BUFZ 1, o0000000006696c28, C4<0>, C4<0>, C4<0>;
v00000000066e6af0_0 .net "GLOBAL_BUFFER_OUTPUT", 0 0, L_0000000006677490;  1 drivers
v00000000066e74f0_0 .net "USER_SIGNAL_TO_GLOBAL_BUFFER", 0 0, o0000000006696c28;  0 drivers
S_000000000667cf80 .scope module, "SB_GB_IO" "SB_GB_IO" 2 123;
 .timescale -12 -12;
    .port_info 0 /INOUT 1 "PACKAGE_PIN";
    .port_info 1 /OUTPUT 1 "GLOBAL_BUFFER_OUTPUT";
    .port_info 2 /INPUT 1 "LATCH_INPUT_VALUE";
    .port_info 3 /INPUT 1 "CLOCK_ENABLE";
    .port_info 4 /INPUT 1 "INPUT_CLK";
    .port_info 5 /INPUT 1 "OUTPUT_CLK";
    .port_info 6 /INPUT 1 "OUTPUT_ENABLE";
    .port_info 7 /INPUT 1 "D_OUT_0";
    .port_info 8 /INPUT 1 "D_OUT_1";
    .port_info 9 /OUTPUT 1 "D_IN_0";
    .port_info 10 /OUTPUT 1 "D_IN_1";
P_0000000004c6ee80 .param/str "IO_STANDARD" 0 2 139, "SB_LVCMOS";
P_0000000004c6eeb8 .param/l "NEG_TRIGGER" 0 2 138, C4<0>;
P_0000000004c6eef0 .param/l "PIN_TYPE" 0 2 136, C4<000000>;
P_0000000004c6ef28 .param/l "PULLUP" 0 2 137, C4<0>;
o0000000006696e68 .functor BUFZ 1, C4<z>; HiZ drive
L_0000000006677650 .functor BUFZ 1, o0000000006696e68, C4<0>, C4<0>, C4<0>;
o0000000006696cb8 .functor BUFZ 1, C4<z>; HiZ drive
v00000000066ed080_0 .net "CLOCK_ENABLE", 0 0, o0000000006696cb8;  0 drivers
v00000000066ecd60_0 .net "D_IN_0", 0 0, L_0000000006677500;  1 drivers
v00000000066ec2c0_0 .net "D_IN_1", 0 0, L_00000000066764d0;  1 drivers
o0000000006696d48 .functor BUFZ 1, C4<z>; HiZ drive
v00000000066ec9a0_0 .net "D_OUT_0", 0 0, o0000000006696d48;  0 drivers
o0000000006696d78 .functor BUFZ 1, C4<z>; HiZ drive
v00000000066ecb80_0 .net "D_OUT_1", 0 0, o0000000006696d78;  0 drivers
v00000000066ecf40_0 .net "GLOBAL_BUFFER_OUTPUT", 0 0, L_0000000006677650;  1 drivers
o0000000006696da8 .functor BUFZ 1, C4<z>; HiZ drive
v00000000066ec220_0 .net "INPUT_CLK", 0 0, o0000000006696da8;  0 drivers
o0000000006696dd8 .functor BUFZ 1, C4<z>; HiZ drive
v00000000066ed6c0_0 .net "LATCH_INPUT_VALUE", 0 0, o0000000006696dd8;  0 drivers
o0000000006696e08 .functor BUFZ 1, C4<z>; HiZ drive
v00000000066eca40_0 .net "OUTPUT_CLK", 0 0, o0000000006696e08;  0 drivers
o0000000006696e38 .functor BUFZ 1, C4<z>; HiZ drive
v00000000066ed440_0 .net "OUTPUT_ENABLE", 0 0, o0000000006696e38;  0 drivers
v00000000066ed760_0 .net "PACKAGE_PIN", 0 0, o0000000006696e68;  0 drivers
S_000000000668e960 .scope module, "IO" "SB_IO" 2 148, 2 17 0, S_000000000667cf80;
 .timescale -12 -12;
    .port_info 0 /INOUT 1 "PACKAGE_PIN";
    .port_info 1 /INPUT 1 "LATCH_INPUT_VALUE";
    .port_info 2 /INPUT 1 "CLOCK_ENABLE";
    .port_info 3 /INPUT 1 "INPUT_CLK";
    .port_info 4 /INPUT 1 "OUTPUT_CLK";
    .port_info 5 /INPUT 1 "OUTPUT_ENABLE";
    .port_info 6 /INPUT 1 "D_OUT_0";
    .port_info 7 /INPUT 1 "D_OUT_1";
    .port_info 8 /OUTPUT 1 "D_IN_0";
    .port_info 9 /OUTPUT 1 "D_IN_1";
P_0000000004bcdc10 .param/str "IO_STANDARD" 0 2 32, "SB_LVCMOS";
P_0000000004bcdc48 .param/l "NEG_TRIGGER" 0 2 31, C4<0>;
P_0000000004bcdc80 .param/l "PIN_TYPE" 0 2 29, C4<000000>;
P_0000000004bcdcb8 .param/l "PULLUP" 0 2 30, C4<0>;
L_0000000006677180 .functor OR 1, o0000000006696cb8, L_000000000675c780, C4<0>, C4<0>;
L_0000000006677500 .functor BUFZ 1, v00000000066ec180_0, C4<0>, C4<0>, C4<0>;
L_00000000066764d0 .functor BUFZ 1, v00000000066ece00_0, C4<0>, C4<0>, C4<0>;
v00000000066e6b90_0 .net "CLOCK_ENABLE", 0 0, o0000000006696cb8;  alias, 0 drivers
v00000000066e6cd0_0 .net "D_IN_0", 0 0, L_0000000006677500;  alias, 1 drivers
v00000000066e6d70_0 .net "D_IN_1", 0 0, L_00000000066764d0;  alias, 1 drivers
v00000000066e7630_0 .net "D_OUT_0", 0 0, o0000000006696d48;  alias, 0 drivers
v00000000066e76d0_0 .net "D_OUT_1", 0 0, o0000000006696d78;  alias, 0 drivers
v00000000066e7310_0 .net "INPUT_CLK", 0 0, o0000000006696da8;  alias, 0 drivers
v00000000066e73b0_0 .net "LATCH_INPUT_VALUE", 0 0, o0000000006696dd8;  alias, 0 drivers
v00000000066e6f50_0 .net "OUTPUT_CLK", 0 0, o0000000006696e08;  alias, 0 drivers
v00000000066e6e10_0 .net "OUTPUT_ENABLE", 0 0, o0000000006696e38;  alias, 0 drivers
v00000000066e6eb0_0 .net "PACKAGE_PIN", 0 0, o0000000006696e68;  alias, 0 drivers
o0000000006696e98 .functor BUFZ 1, C4<z>; HiZ drive
; Elide local net with no drivers, v00000000066e6ff0_0 name=_ivl_0
v00000000066e7130_0 .net *"_ivl_2", 0 0, L_000000000675c780;  1 drivers
v00000000066ecc20_0 .net "clken_pulled", 0 0, L_0000000006677180;  1 drivers
v00000000066ed260_0 .var "clken_pulled_ri", 0 0;
v00000000066ed1c0_0 .var "clken_pulled_ro", 0 0;
v00000000066ec180_0 .var "din_0", 0 0;
v00000000066ece00_0 .var "din_1", 0 0;
v00000000066ec360_0 .var "din_q_0", 0 0;
v00000000066ed300_0 .var "din_q_1", 0 0;
v00000000066ec400_0 .var "dout", 0 0;
v00000000066ed3a0_0 .var "dout_q_0", 0 0;
v00000000066ecea0_0 .var "dout_q_1", 0 0;
v00000000066ec900_0 .var "outclk_delayed_1", 0 0;
v00000000066ec4a0_0 .var "outclk_delayed_2", 0 0;
v00000000066eccc0_0 .var "outena_q", 0 0;
E_00000000066537f0 .event anyedge, v00000000066ec4a0_0, v00000000066ed3a0_0, v00000000066ecea0_0;
E_0000000006653830 .event anyedge, v00000000066ec900_0;
E_0000000006653870 .event anyedge, v00000000066e6f50_0;
E_0000000006653e30 .event anyedge, v00000000066ec360_0, v00000000066ed300_0;
L_000000000675c780 .cmp/eeq 1, o0000000006696cb8, o0000000006696e98;
S_000000000668f2c0 .scope generate, "genblk1" "genblk1" 2 45, 2 45 0, S_000000000668e960;
 .timescale -12 -12;
E_0000000006654870 .event posedge, v00000000066e6f50_0;
E_00000000066549f0 .event negedge, v00000000066e6f50_0;
E_00000000066543b0 .event negedge, v00000000066e7310_0;
E_0000000006654db0 .event posedge, v00000000066e7310_0;
S_000000000667c620 .scope module, "SB_HFOSC" "SB_HFOSC" 2 2664;
 .timescale -12 -12;
    .port_info 0 /INPUT 1 "TRIM0";
    .port_info 1 /INPUT 1 "TRIM1";
    .port_info 2 /INPUT 1 "TRIM2";
    .port_info 3 /INPUT 1 "TRIM3";
    .port_info 4 /INPUT 1 "TRIM4";
    .port_info 5 /INPUT 1 "TRIM5";
    .port_info 6 /INPUT 1 "TRIM6";
    .port_info 7 /INPUT 1 "TRIM7";
    .port_info 8 /INPUT 1 "TRIM8";
    .port_info 9 /INPUT 1 "TRIM9";
    .port_info 10 /INPUT 1 "CLKHFPU";
    .port_info 11 /INPUT 1 "CLKHFEN";
    .port_info 12 /OUTPUT 1 "CLKHF";
P_00000000065303d0 .param/str "CLKHF_DIV" 0 2 2680, "0b00";
P_0000000006530408 .param/str "TRIM_EN" 0 2 2679, "0b0";
o0000000006697588 .functor BUFZ 1, C4<z>; HiZ drive
v00000000066ecfe0_0 .net "CLKHF", 0 0, o0000000006697588;  0 drivers
o00000000066975b8 .functor BUFZ 1, C4<z>; HiZ drive
v00000000066ed4e0_0 .net "CLKHFEN", 0 0, o00000000066975b8;  0 drivers
o00000000066975e8 .functor BUFZ 1, C4<z>; HiZ drive
v00000000066ec540_0 .net "CLKHFPU", 0 0, o00000000066975e8;  0 drivers
o0000000006697618 .functor BUFZ 1, C4<z>; HiZ drive
v00000000066ed120_0 .net "TRIM0", 0 0, o0000000006697618;  0 drivers
o0000000006697648 .functor BUFZ 1, C4<z>; HiZ drive
v00000000066ed580_0 .net "TRIM1", 0 0, o0000000006697648;  0 drivers
o0000000006697678 .functor BUFZ 1, C4<z>; HiZ drive
v00000000066ed620_0 .net "TRIM2", 0 0, o0000000006697678;  0 drivers
o00000000066976a8 .functor BUFZ 1, C4<z>; HiZ drive
v00000000066ec5e0_0 .net "TRIM3", 0 0, o00000000066976a8;  0 drivers
o00000000066976d8 .functor BUFZ 1, C4<z>; HiZ drive
v00000000066ec0e0_0 .net "TRIM4", 0 0, o00000000066976d8;  0 drivers
o0000000006697708 .functor BUFZ 1, C4<z>; HiZ drive
v00000000066ec680_0 .net "TRIM5", 0 0, o0000000006697708;  0 drivers
o0000000006697738 .functor BUFZ 1, C4<z>; HiZ drive
v00000000066ec720_0 .net "TRIM6", 0 0, o0000000006697738;  0 drivers
o0000000006697768 .functor BUFZ 1, C4<z>; HiZ drive
v00000000066ec7c0_0 .net "TRIM7", 0 0, o0000000006697768;  0 drivers
o0000000006697798 .functor BUFZ 1, C4<z>; HiZ drive
v00000000066ecae0_0 .net "TRIM8", 0 0, o0000000006697798;  0 drivers
o00000000066977c8 .functor BUFZ 1, C4<z>; HiZ drive
v00000000066ec860_0 .net "TRIM9", 0 0, o00000000066977c8;  0 drivers
S_000000000667bfe0 .scope module, "SB_I2C" "SB_I2C" 2 2733;
 .timescale -12 -12;
    .port_info 0 /INPUT 1 "SBCLKI";
    .port_info 1 /INPUT 1 "SBRWI";
    .port_info 2 /INPUT 1 "SBSTBI";
    .port_info 3 /INPUT 1 "SBADRI7";
    .port_info 4 /INPUT 1 "SBADRI6";
    .port_info 5 /INPUT 1 "SBADRI5";
    .port_info 6 /INPUT 1 "SBADRI4";
    .port_info 7 /INPUT 1 "SBADRI3";
    .port_info 8 /INPUT 1 "SBADRI2";
    .port_info 9 /INPUT 1 "SBADRI1";
    .port_info 10 /INPUT 1 "SBADRI0";
    .port_info 11 /INPUT 1 "SBDATI7";
    .port_info 12 /INPUT 1 "SBDATI6";
    .port_info 13 /INPUT 1 "SBDATI5";
    .port_info 14 /INPUT 1 "SBDATI4";
    .port_info 15 /INPUT 1 "SBDATI3";
    .port_info 16 /INPUT 1 "SBDATI2";
    .port_info 17 /INPUT 1 "SBDATI1";
    .port_info 18 /INPUT 1 "SBDATI0";
    .port_info 19 /INPUT 1 "SCLI";
    .port_info 20 /INPUT 1 "SDAI";
    .port_info 21 /OUTPUT 1 "SBDATO7";
    .port_info 22 /OUTPUT 1 "SBDATO6";
    .port_info 23 /OUTPUT 1 "SBDATO5";
    .port_info 24 /OUTPUT 1 "SBDATO4";
    .port_info 25 /OUTPUT 1 "SBDATO3";
    .port_info 26 /OUTPUT 1 "SBDATO2";
    .port_info 27 /OUTPUT 1 "SBDATO1";
    .port_info 28 /OUTPUT 1 "SBDATO0";
    .port_info 29 /OUTPUT 1 "SBACKO";
    .port_info 30 /OUTPUT 1 "I2CIRQ";
    .port_info 31 /OUTPUT 1 "I2CWKUP";
    .port_info 32 /OUTPUT 1 "SCLO";
    .port_info 33 /OUTPUT 1 "SCLOE";
    .port_info 34 /OUTPUT 1 "SDAO";
    .port_info 35 /OUTPUT 1 "SDAOE";
P_00000000065304d0 .param/str "BUS_ADDR74" 0 2 2772, "0b0001";
P_0000000006530508 .param/str "I2C_SLAVE_INIT_ADDR" 0 2 2771, "0b1111100001";
o0000000006697a68 .functor BUFZ 1, C4<z>; HiZ drive
v00000000066e9e80_0 .net "I2CIRQ", 0 0, o0000000006697a68;  0 drivers
o0000000006697a98 .functor BUFZ 1, C4<z>; HiZ drive
v00000000066e9fc0_0 .net "I2CWKUP", 0 0, o0000000006697a98;  0 drivers
o0000000006697ac8 .functor BUFZ 1, C4<z>; HiZ drive
v00000000066eb820_0 .net "SBACKO", 0 0, o0000000006697ac8;  0 drivers
o0000000006697af8 .functor BUFZ 1, C4<z>; HiZ drive
v00000000066eace0_0 .net "SBADRI0", 0 0, o0000000006697af8;  0 drivers
o0000000006697b28 .functor BUFZ 1, C4<z>; HiZ drive
v00000000066eab00_0 .net "SBADRI1", 0 0, o0000000006697b28;  0 drivers
o0000000006697b58 .functor BUFZ 1, C4<z>; HiZ drive
v00000000066e98e0_0 .net "SBADRI2", 0 0, o0000000006697b58;  0 drivers
o0000000006697b88 .functor BUFZ 1, C4<z>; HiZ drive
v00000000066e9980_0 .net "SBADRI3", 0 0, o0000000006697b88;  0 drivers
o0000000006697bb8 .functor BUFZ 1, C4<z>; HiZ drive
v00000000066ea1a0_0 .net "SBADRI4", 0 0, o0000000006697bb8;  0 drivers
o0000000006697be8 .functor BUFZ 1, C4<z>; HiZ drive
v00000000066eb280_0 .net "SBADRI5", 0 0, o0000000006697be8;  0 drivers
o0000000006697c18 .functor BUFZ 1, C4<z>; HiZ drive
v00000000066eb640_0 .net "SBADRI6", 0 0, o0000000006697c18;  0 drivers
o0000000006697c48 .functor BUFZ 1, C4<z>; HiZ drive
v00000000066ea060_0 .net "SBADRI7", 0 0, o0000000006697c48;  0 drivers
o0000000006697c78 .functor BUFZ 1, C4<z>; HiZ drive
v00000000066ea2e0_0 .net "SBCLKI", 0 0, o0000000006697c78;  0 drivers
o0000000006697ca8 .functor BUFZ 1, C4<z>; HiZ drive
v00000000066ebfa0_0 .net "SBDATI0", 0 0, o0000000006697ca8;  0 drivers
o0000000006697cd8 .functor BUFZ 1, C4<z>; HiZ drive
v00000000066eb6e0_0 .net "SBDATI1", 0 0, o0000000006697cd8;  0 drivers
o0000000006697d08 .functor BUFZ 1, C4<z>; HiZ drive
v00000000066eb780_0 .net "SBDATI2", 0 0, o0000000006697d08;  0 drivers
o0000000006697d38 .functor BUFZ 1, C4<z>; HiZ drive
v00000000066ea240_0 .net "SBDATI3", 0 0, o0000000006697d38;  0 drivers
o0000000006697d68 .functor BUFZ 1, C4<z>; HiZ drive
v00000000066e9f20_0 .net "SBDATI4", 0 0, o0000000006697d68;  0 drivers
o0000000006697d98 .functor BUFZ 1, C4<z>; HiZ drive
v00000000066eb320_0 .net "SBDATI5", 0 0, o0000000006697d98;  0 drivers
o0000000006697dc8 .functor BUFZ 1, C4<z>; HiZ drive
v00000000066ea100_0 .net "SBDATI6", 0 0, o0000000006697dc8;  0 drivers
o0000000006697df8 .functor BUFZ 1, C4<z>; HiZ drive
v00000000066e9b60_0 .net "SBDATI7", 0 0, o0000000006697df8;  0 drivers
o0000000006697e28 .functor BUFZ 1, C4<z>; HiZ drive
v00000000066eb3c0_0 .net "SBDATO0", 0 0, o0000000006697e28;  0 drivers
o0000000006697e58 .functor BUFZ 1, C4<z>; HiZ drive
v00000000066eb1e0_0 .net "SBDATO1", 0 0, o0000000006697e58;  0 drivers
o0000000006697e88 .functor BUFZ 1, C4<z>; HiZ drive
v00000000066eaf60_0 .net "SBDATO2", 0 0, o0000000006697e88;  0 drivers
o0000000006697eb8 .functor BUFZ 1, C4<z>; HiZ drive
v00000000066e9de0_0 .net "SBDATO3", 0 0, o0000000006697eb8;  0 drivers
o0000000006697ee8 .functor BUFZ 1, C4<z>; HiZ drive
v00000000066eaba0_0 .net "SBDATO4", 0 0, o0000000006697ee8;  0 drivers
o0000000006697f18 .functor BUFZ 1, C4<z>; HiZ drive
v00000000066eba00_0 .net "SBDATO5", 0 0, o0000000006697f18;  0 drivers
o0000000006697f48 .functor BUFZ 1, C4<z>; HiZ drive
v00000000066ebaa0_0 .net "SBDATO6", 0 0, o0000000006697f48;  0 drivers
o0000000006697f78 .functor BUFZ 1, C4<z>; HiZ drive
v00000000066ea380_0 .net "SBDATO7", 0 0, o0000000006697f78;  0 drivers
o0000000006697fa8 .functor BUFZ 1, C4<z>; HiZ drive
v00000000066ebf00_0 .net "SBRWI", 0 0, o0000000006697fa8;  0 drivers
o0000000006697fd8 .functor BUFZ 1, C4<z>; HiZ drive
v00000000066eae20_0 .net "SBSTBI", 0 0, o0000000006697fd8;  0 drivers
o0000000006698008 .functor BUFZ 1, C4<z>; HiZ drive
v00000000066eac40_0 .net "SCLI", 0 0, o0000000006698008;  0 drivers
o0000000006698038 .functor BUFZ 1, C4<z>; HiZ drive
v00000000066ead80_0 .net "SCLO", 0 0, o0000000006698038;  0 drivers
o0000000006698068 .functor BUFZ 1, C4<z>; HiZ drive
v00000000066ec040_0 .net "SCLOE", 0 0, o0000000006698068;  0 drivers
o0000000006698098 .functor BUFZ 1, C4<z>; HiZ drive
v00000000066eb8c0_0 .net "SDAI", 0 0, o0000000006698098;  0 drivers
o00000000066980c8 .functor BUFZ 1, C4<z>; HiZ drive
v00000000066e9d40_0 .net "SDAO", 0 0, o00000000066980c8;  0 drivers
o00000000066980f8 .functor BUFZ 1, C4<z>; HiZ drive
v00000000066eb960_0 .net "SDAOE", 0 0, o00000000066980f8;  0 drivers
S_000000000667d5c0 .scope module, "SB_IO_I3C" "SB_IO_I3C" 2 2862;
 .timescale -12 -12;
    .port_info 0 /INOUT 1 "PACKAGE_PIN";
    .port_info 1 /INPUT 1 "LATCH_INPUT_VALUE";
    .port_info 2 /INPUT 1 "CLOCK_ENABLE";
    .port_info 3 /INPUT 1 "INPUT_CLK";
    .port_info 4 /INPUT 1 "OUTPUT_CLK";
    .port_info 5 /INPUT 1 "OUTPUT_ENABLE";
    .port_info 6 /INPUT 1 "D_OUT_0";
    .port_info 7 /INPUT 1 "D_OUT_1";
    .port_info 8 /OUTPUT 1 "D_IN_0";
    .port_info 9 /OUTPUT 1 "D_IN_1";
    .port_info 10 /INPUT 1 "PU_ENB";
    .port_info 11 /INPUT 1 "WEAK_PU_ENB";
P_0000000004bd37f0 .param/str "IO_STANDARD" 0 2 2880, "SB_LVCMOS";
P_0000000004bd3828 .param/l "NEG_TRIGGER" 0 2 2879, C4<0>;
P_0000000004bd3860 .param/l "PIN_TYPE" 0 2 2876, C4<000000>;
P_0000000004bd3898 .param/l "PULLUP" 0 2 2877, C4<0>;
P_0000000004bd38d0 .param/l "WEAK_PULLUP" 0 2 2878, C4<0>;
L_00000000066777a0 .functor BUFZ 1, v00000000066eb460_0, C4<0>, C4<0>, C4<0>;
L_0000000006675f20 .functor BUFZ 1, v00000000066e9a20_0, C4<0>, C4<0>, C4<0>;
o00000000066987e8 .functor BUFZ 1, C4<z>; HiZ drive
v00000000066ebdc0_0 .net "CLOCK_ENABLE", 0 0, o00000000066987e8;  0 drivers
v00000000066ea420_0 .net "D_IN_0", 0 0, L_00000000066777a0;  1 drivers
v00000000066ebb40_0 .net "D_IN_1", 0 0, L_0000000006675f20;  1 drivers
o0000000006698878 .functor BUFZ 1, C4<z>; HiZ drive
v00000000066ebbe0_0 .net "D_OUT_0", 0 0, o0000000006698878;  0 drivers
o00000000066988a8 .functor BUFZ 1, C4<z>; HiZ drive
v00000000066ebc80_0 .net "D_OUT_1", 0 0, o00000000066988a8;  0 drivers
o00000000066988d8 .functor BUFZ 1, C4<z>; HiZ drive
v00000000066ea4c0_0 .net "INPUT_CLK", 0 0, o00000000066988d8;  0 drivers
o0000000006698908 .functor BUFZ 1, C4<z>; HiZ drive
v00000000066ea600_0 .net "LATCH_INPUT_VALUE", 0 0, o0000000006698908;  0 drivers
o0000000006698938 .functor BUFZ 1, C4<z>; HiZ drive
v00000000066ebd20_0 .net "OUTPUT_CLK", 0 0, o0000000006698938;  0 drivers
o0000000006698968 .functor BUFZ 1, C4<z>; HiZ drive
v00000000066ebe60_0 .net "OUTPUT_ENABLE", 0 0, o0000000006698968;  0 drivers
o0000000006698998 .functor BUFZ 1, C4<z>; HiZ drive
v00000000066eaa60_0 .net "PACKAGE_PIN", 0 0, o0000000006698998;  0 drivers
o00000000066989c8 .functor BUFZ 1, C4<z>; HiZ drive
v00000000066ea920_0 .net "PU_ENB", 0 0, o00000000066989c8;  0 drivers
o00000000066989f8 .functor BUFZ 1, C4<z>; HiZ drive
v00000000066ea9c0_0 .net "WEAK_PU_ENB", 0 0, o00000000066989f8;  0 drivers
v00000000066eb460_0 .var "din_0", 0 0;
v00000000066e9a20_0 .var "din_1", 0 0;
v00000000066e9ac0_0 .var "din_q_0", 0 0;
v00000000066e9c00_0 .var "din_q_1", 0 0;
v00000000066eb500_0 .var "dout", 0 0;
v00000000066e9ca0_0 .var "dout_q_0", 0 0;
v00000000066eaec0_0 .var "dout_q_1", 0 0;
v00000000066ea560_0 .var "outclk_delayed_1", 0 0;
v00000000066ea6a0_0 .var "outclk_delayed_2", 0 0;
v00000000066ea740_0 .var "outena_q", 0 0;
E_0000000006654830 .event anyedge, v00000000066ea6a0_0, v00000000066e9ca0_0, v00000000066eaec0_0;
E_0000000006654cf0 .event anyedge, v00000000066ea560_0;
E_0000000006654370 .event anyedge, v00000000066ebd20_0;
E_0000000006654c70 .event anyedge, v00000000066e9ac0_0, v00000000066e9c00_0;
S_000000000668f770 .scope generate, "genblk1" "genblk1" 2 2888, 2 2888 0, S_000000000667d5c0;
 .timescale -12 -12;
E_00000000066544f0 .event posedge, v00000000066ebd20_0;
E_0000000006654a30 .event negedge, v00000000066ebd20_0;
E_0000000006654cb0 .event negedge, v00000000066ea4c0_0;
E_00000000066542f0 .event posedge, v00000000066ea4c0_0;
S_000000000667d750 .scope module, "SB_IO_OD" "SB_IO_OD" 2 2931;
 .timescale -12 -12;
    .port_info 0 /INOUT 1 "PACKAGEPIN";
    .port_info 1 /INPUT 1 "LATCHINPUTVALUE";
    .port_info 2 /INPUT 1 "CLOCKENABLE";
    .port_info 3 /INPUT 1 "INPUTCLK";
    .port_info 4 /INPUT 1 "OUTPUTCLK";
    .port_info 5 /INPUT 1 "OUTPUTENABLE";
    .port_info 6 /INPUT 1 "DOUT1";
    .port_info 7 /INPUT 1 "DOUT0";
    .port_info 8 /OUTPUT 1 "DIN1";
    .port_info 9 /OUTPUT 1 "DIN0";
P_00000000065300d0 .param/l "NEG_TRIGGER" 0 2 2944, C4<0>;
P_0000000006530108 .param/l "PIN_TYPE" 0 2 2943, C4<000000>;
L_0000000006676cb0 .functor BUFZ 1, v00000000066ee890_0, C4<0>, C4<0>, C4<0>;
L_0000000006675e40 .functor BUFZ 1, v00000000066ee430_0, C4<0>, C4<0>, C4<0>;
o0000000006698e48 .functor BUFZ 1, C4<z>; HiZ drive
v00000000066ea7e0_0 .net "CLOCKENABLE", 0 0, o0000000006698e48;  0 drivers
v00000000066ea880_0 .net "DIN0", 0 0, L_0000000006676cb0;  1 drivers
v00000000066eb0a0_0 .net "DIN1", 0 0, L_0000000006675e40;  1 drivers
o0000000006698ed8 .functor BUFZ 1, C4<z>; HiZ drive
v00000000066eb000_0 .net "DOUT0", 0 0, o0000000006698ed8;  0 drivers
o0000000006698f08 .functor BUFZ 1, C4<z>; HiZ drive
v00000000066eb140_0 .net "DOUT1", 0 0, o0000000006698f08;  0 drivers
o0000000006698f38 .functor BUFZ 1, C4<z>; HiZ drive
v00000000066eb5a0_0 .net "INPUTCLK", 0 0, o0000000006698f38;  0 drivers
o0000000006698f68 .functor BUFZ 1, C4<z>; HiZ drive
v00000000066eeed0_0 .net "LATCHINPUTVALUE", 0 0, o0000000006698f68;  0 drivers
o0000000006698f98 .functor BUFZ 1, C4<z>; HiZ drive
v00000000066ef150_0 .net "OUTPUTCLK", 0 0, o0000000006698f98;  0 drivers
o0000000006698fc8 .functor BUFZ 1, C4<z>; HiZ drive
v00000000066ee610_0 .net "OUTPUTENABLE", 0 0, o0000000006698fc8;  0 drivers
o0000000006698ff8 .functor BUFZ 1, C4<z>; HiZ drive
v00000000066ef470_0 .net "PACKAGEPIN", 0 0, o0000000006698ff8;  0 drivers
v00000000066ee890_0 .var "din_0", 0 0;
v00000000066ee430_0 .var "din_1", 0 0;
v00000000066ee6b0_0 .var "din_q_0", 0 0;
v00000000066efab0_0 .var "din_q_1", 0 0;
v00000000066efe70_0 .var "dout", 0 0;
v00000000066ede90_0 .var "dout_q_0", 0 0;
v00000000066eef70_0 .var "dout_q_1", 0 0;
v00000000066ee930_0 .var "outclk_delayed_1", 0 0;
v00000000066ef510_0 .var "outclk_delayed_2", 0 0;
v00000000066efa10_0 .var "outena_q", 0 0;
E_0000000006654930 .event anyedge, v00000000066ef510_0, v00000000066ede90_0, v00000000066eef70_0;
E_0000000006654730 .event anyedge, v00000000066ee930_0;
E_0000000006653fb0 .event anyedge, v00000000066ef150_0;
E_0000000006654470 .event anyedge, v00000000066ee6b0_0, v00000000066efab0_0;
S_000000000668e000 .scope generate, "genblk1" "genblk1" 2 2952, 2 2952 0, S_000000000667d750;
 .timescale -12 -12;
E_0000000006654330 .event posedge, v00000000066ef150_0;
E_0000000006654df0 .event negedge, v00000000066ef150_0;
E_0000000006653f70 .event negedge, v00000000066eb5a0_0;
E_0000000006654b70 .event posedge, v00000000066eb5a0_0;
S_000000000667d110 .scope module, "SB_LEDDA_IP" "SB_LEDDA_IP" 2 2830;
 .timescale -12 -12;
    .port_info 0 /INPUT 1 "LEDDCS";
    .port_info 1 /INPUT 1 "LEDDCLK";
    .port_info 2 /INPUT 1 "LEDDDAT7";
    .port_info 3 /INPUT 1 "LEDDDAT6";
    .port_info 4 /INPUT 1 "LEDDDAT5";
    .port_info 5 /INPUT 1 "LEDDDAT4";
    .port_info 6 /INPUT 1 "LEDDDAT3";
    .port_info 7 /INPUT 1 "LEDDDAT2";
    .port_info 8 /INPUT 1 "LEDDDAT1";
    .port_info 9 /INPUT 1 "LEDDDAT0";
    .port_info 10 /INPUT 1 "LEDDADDR3";
    .port_info 11 /INPUT 1 "LEDDADDR2";
    .port_info 12 /INPUT 1 "LEDDADDR1";
    .port_info 13 /INPUT 1 "LEDDADDR0";
    .port_info 14 /INPUT 1 "LEDDDEN";
    .port_info 15 /INPUT 1 "LEDDEXE";
    .port_info 16 /INPUT 1 "LEDDRST";
    .port_info 17 /OUTPUT 1 "PWMOUT0";
    .port_info 18 /OUTPUT 1 "PWMOUT1";
    .port_info 19 /OUTPUT 1 "PWMOUT2";
    .port_info 20 /OUTPUT 1 "LEDDON";
o00000000066993e8 .functor BUFZ 1, C4<z>; HiZ drive
v00000000066eda30_0 .net "LEDDADDR0", 0 0, o00000000066993e8;  0 drivers
o0000000006699418 .functor BUFZ 1, C4<z>; HiZ drive
v00000000066eed90_0 .net "LEDDADDR1", 0 0, o0000000006699418;  0 drivers
o0000000006699448 .functor BUFZ 1, C4<z>; HiZ drive
v00000000066ee9d0_0 .net "LEDDADDR2", 0 0, o0000000006699448;  0 drivers
o0000000006699478 .functor BUFZ 1, C4<z>; HiZ drive
v00000000066ef650_0 .net "LEDDADDR3", 0 0, o0000000006699478;  0 drivers
o00000000066994a8 .functor BUFZ 1, C4<z>; HiZ drive
v00000000066f0050_0 .net "LEDDCLK", 0 0, o00000000066994a8;  0 drivers
o00000000066994d8 .functor BUFZ 1, C4<z>; HiZ drive
v00000000066ee070_0 .net "LEDDCS", 0 0, o00000000066994d8;  0 drivers
o0000000006699508 .functor BUFZ 1, C4<z>; HiZ drive
v00000000066eea70_0 .net "LEDDDAT0", 0 0, o0000000006699508;  0 drivers
o0000000006699538 .functor BUFZ 1, C4<z>; HiZ drive
v00000000066ee1b0_0 .net "LEDDDAT1", 0 0, o0000000006699538;  0 drivers
o0000000006699568 .functor BUFZ 1, C4<z>; HiZ drive
v00000000066ef5b0_0 .net "LEDDDAT2", 0 0, o0000000006699568;  0 drivers
o0000000006699598 .functor BUFZ 1, C4<z>; HiZ drive
v00000000066edad0_0 .net "LEDDDAT3", 0 0, o0000000006699598;  0 drivers
o00000000066995c8 .functor BUFZ 1, C4<z>; HiZ drive
v00000000066ef330_0 .net "LEDDDAT4", 0 0, o00000000066995c8;  0 drivers
o00000000066995f8 .functor BUFZ 1, C4<z>; HiZ drive
v00000000066ef790_0 .net "LEDDDAT5", 0 0, o00000000066995f8;  0 drivers
o0000000006699628 .functor BUFZ 1, C4<z>; HiZ drive
v00000000066ee4d0_0 .net "LEDDDAT6", 0 0, o0000000006699628;  0 drivers
o0000000006699658 .functor BUFZ 1, C4<z>; HiZ drive
v00000000066edcb0_0 .net "LEDDDAT7", 0 0, o0000000006699658;  0 drivers
o0000000006699688 .functor BUFZ 1, C4<z>; HiZ drive
v00000000066ee570_0 .net "LEDDDEN", 0 0, o0000000006699688;  0 drivers
o00000000066996b8 .functor BUFZ 1, C4<z>; HiZ drive
v00000000066efd30_0 .net "LEDDEXE", 0 0, o00000000066996b8;  0 drivers
o00000000066996e8 .functor BUFZ 1, C4<z>; HiZ drive
v00000000066ee750_0 .net "LEDDON", 0 0, o00000000066996e8;  0 drivers
o0000000006699718 .functor BUFZ 1, C4<z>; HiZ drive
v00000000066ef830_0 .net "LEDDRST", 0 0, o0000000006699718;  0 drivers
o0000000006699748 .functor BUFZ 1, C4<z>; HiZ drive
v00000000066ef6f0_0 .net "PWMOUT0", 0 0, o0000000006699748;  0 drivers
o0000000006699778 .functor BUFZ 1, C4<z>; HiZ drive
v00000000066efb50_0 .net "PWMOUT1", 0 0, o0000000006699778;  0 drivers
o00000000066997a8 .functor BUFZ 1, C4<z>; HiZ drive
v00000000066efbf0_0 .net "PWMOUT2", 0 0, o00000000066997a8;  0 drivers
S_000000000667c7b0 .scope module, "SB_LED_DRV_CUR" "SB_LED_DRV_CUR" 2 2709;
 .timescale -12 -12;
    .port_info 0 /INPUT 1 "EN";
    .port_info 1 /OUTPUT 1 "LEDPU";
o0000000006699bc8 .functor BUFZ 1, C4<z>; HiZ drive
v00000000066edf30_0 .net "EN", 0 0, o0000000006699bc8;  0 drivers
o0000000006699bf8 .functor BUFZ 1, C4<z>; HiZ drive
v00000000066edfd0_0 .net "LEDPU", 0 0, o0000000006699bf8;  0 drivers
S_000000000667cad0 .scope module, "SB_LFOSC" "SB_LFOSC" 2 2684;
 .timescale -12 -12;
    .port_info 0 /INPUT 1 "CLKLFPU";
    .port_info 1 /INPUT 1 "CLKLFEN";
    .port_info 2 /OUTPUT 1 "CLKLF";
o0000000006699c88 .functor BUFZ 1, C4<z>; HiZ drive
v00000000066eecf0_0 .net "CLKLF", 0 0, o0000000006699c88;  0 drivers
o0000000006699cb8 .functor BUFZ 1, C4<z>; HiZ drive
v00000000066ee7f0_0 .net "CLKLFEN", 0 0, o0000000006699cb8;  0 drivers
o0000000006699ce8 .functor BUFZ 1, C4<z>; HiZ drive
v00000000066eeb10_0 .net "CLKLFPU", 0 0, o0000000006699ce8;  0 drivers
S_000000000667cc60 .scope module, "SB_LUT4" "SB_LUT4" 2 177;
 .timescale -12 -12;
    .port_info 0 /OUTPUT 1 "O";
    .port_info 1 /INPUT 1 "I0";
    .port_info 2 /INPUT 1 "I1";
    .port_info 3 /INPUT 1 "I2";
    .port_info 4 /INPUT 1 "I3";
P_0000000006653b30 .param/l "LUT_INIT" 0 2 184, C4<0000000000000000>;
o0000000006699da8 .functor BUFZ 1, C4<z>; HiZ drive
v00000000066efdd0_0 .net "I0", 0 0, o0000000006699da8;  0 drivers
o0000000006699dd8 .functor BUFZ 1, C4<z>; HiZ drive
v00000000066ee110_0 .net "I1", 0 0, o0000000006699dd8;  0 drivers
o0000000006699e08 .functor BUFZ 1, C4<z>; HiZ drive
v00000000066ee250_0 .net "I2", 0 0, o0000000006699e08;  0 drivers
o0000000006699e38 .functor BUFZ 1, C4<z>; HiZ drive
v00000000066ef8d0_0 .net "I3", 0 0, o0000000006699e38;  0 drivers
v00000000066ef970_0 .net "O", 0 0, L_000000000675d0e0;  1 drivers
L_00000000067118c0 .functor BUFT 1, C4<00000000>, C4<0>, C4<0>, C4<0>;
v00000000066eebb0_0 .net/2u *"_ivl_0", 7 0, L_00000000067118c0;  1 drivers
v00000000066ef1f0_0 .net *"_ivl_13", 1 0, L_000000000675c3c0;  1 drivers
v00000000066ee2f0_0 .net *"_ivl_15", 1 0, L_000000000675d7c0;  1 drivers
v00000000066ed8f0_0 .net *"_ivl_19", 0 0, L_000000000675dea0;  1 drivers
L_0000000006711908 .functor BUFT 1, C4<00000000>, C4<0>, C4<0>, C4<0>;
v00000000066eee30_0 .net/2u *"_ivl_2", 7 0, L_0000000006711908;  1 drivers
v00000000066eddf0_0 .net *"_ivl_21", 0 0, L_000000000675c820;  1 drivers
v00000000066ef290_0 .net *"_ivl_7", 3 0, L_000000000675c6e0;  1 drivers
v00000000066efc90_0 .net *"_ivl_9", 3 0, L_000000000675c1e0;  1 drivers
v00000000066eff10_0 .net "s1", 1 0, L_000000000675d220;  1 drivers
v00000000066ef010_0 .net "s2", 3 0, L_000000000675c640;  1 drivers
v00000000066effb0_0 .net "s3", 7 0, L_000000000675cb40;  1 drivers
L_000000000675cb40 .functor MUXZ 8, L_0000000006711908, L_00000000067118c0, o0000000006699e38, C4<>;
L_000000000675c6e0 .part L_000000000675cb40, 4, 4;
L_000000000675c1e0 .part L_000000000675cb40, 0, 4;
L_000000000675c640 .functor MUXZ 4, L_000000000675c1e0, L_000000000675c6e0, o0000000006699e08, C4<>;
L_000000000675c3c0 .part L_000000000675c640, 2, 2;
L_000000000675d7c0 .part L_000000000675c640, 0, 2;
L_000000000675d220 .functor MUXZ 2, L_000000000675d7c0, L_000000000675c3c0, o0000000006699dd8, C4<>;
L_000000000675dea0 .part L_000000000675d220, 1, 1;
L_000000000675c820 .part L_000000000675d220, 0, 1;
L_000000000675d0e0 .functor MUXZ 1, L_000000000675c820, L_000000000675dea0, o0000000006699da8, C4<>;
S_000000000667cdf0 .scope module, "SB_MAC16" "SB_MAC16" 2 2996;
 .timescale -12 -12;
    .port_info 0 /INPUT 1 "CLK";
    .port_info 1 /INPUT 1 "CE";
    .port_info 2 /INPUT 16 "C";
    .port_info 3 /INPUT 16 "A";
    .port_info 4 /INPUT 16 "B";
    .port_info 5 /INPUT 16 "D";
    .port_info 6 /INPUT 1 "AHOLD";
    .port_info 7 /INPUT 1 "BHOLD";
    .port_info 8 /INPUT 1 "CHOLD";
    .port_info 9 /INPUT 1 "DHOLD";
    .port_info 10 /INPUT 1 "IRSTTOP";
    .port_info 11 /INPUT 1 "IRSTBOT";
    .port_info 12 /INPUT 1 "ORSTTOP";
    .port_info 13 /INPUT 1 "ORSTBOT";
    .port_info 14 /INPUT 1 "OLOADTOP";
    .port_info 15 /INPUT 1 "OLOADBOT";
    .port_info 16 /INPUT 1 "ADDSUBTOP";
    .port_info 17 /INPUT 1 "ADDSUBBOT";
    .port_info 18 /INPUT 1 "OHOLDTOP";
    .port_info 19 /INPUT 1 "OHOLDBOT";
    .port_info 20 /INPUT 1 "CI";
    .port_info 21 /INPUT 1 "ACCUMCI";
    .port_info 22 /INPUT 1 "SIGNEXTIN";
    .port_info 23 /OUTPUT 32 "O";
    .port_info 24 /OUTPUT 1 "CO";
    .port_info 25 /OUTPUT 1 "ACCUMCO";
    .port_info 26 /OUTPUT 1 "SIGNEXTOUT";
P_0000000004bdfbe0 .param/l "A_REG" 0 2 3011, C4<0>;
P_0000000004bdfc18 .param/l "A_SIGNED" 0 2 3027, C4<0>;
P_0000000004bdfc50 .param/l "BOTADDSUB_CARRYSELECT" 0 2 3025, C4<00>;
P_0000000004bdfc88 .param/l "BOTADDSUB_LOWERINPUT" 0 2 3023, C4<00>;
P_0000000004bdfcc0 .param/l "BOTADDSUB_UPPERINPUT" 0 2 3024, C4<0>;
P_0000000004bdfcf8 .param/l "BOTOUTPUT_SELECT" 0 2 3022, C4<00>;
P_0000000004bdfd30 .param/l "BOT_8x8_MULT_REG" 0 2 3015, C4<0>;
P_0000000004bdfd68 .param/l "B_REG" 0 2 3012, C4<0>;
P_0000000004bdfda0 .param/l "B_SIGNED" 0 2 3028, C4<0>;
P_0000000004bdfdd8 .param/l "C_REG" 0 2 3010, C4<0>;
P_0000000004bdfe10 .param/l "D_REG" 0 2 3013, C4<0>;
P_0000000004bdfe48 .param/l "MODE_8x8" 0 2 3026, C4<0>;
P_0000000004bdfe80 .param/l "NEG_TRIGGER" 0 2 3009, C4<0>;
P_0000000004bdfeb8 .param/l "PIPELINE_16x16_MULT_REG1" 0 2 3016, C4<0>;
P_0000000004bdfef0 .param/l "PIPELINE_16x16_MULT_REG2" 0 2 3017, C4<0>;
P_0000000004bdff28 .param/l "TOPADDSUB_CARRYSELECT" 0 2 3021, C4<00>;
P_0000000004bdff60 .param/l "TOPADDSUB_LOWERINPUT" 0 2 3019, C4<00>;
P_0000000004bdff98 .param/l "TOPADDSUB_UPPERINPUT" 0 2 3020, C4<0>;
P_0000000004bdffd0 .param/l "TOPOUTPUT_SELECT" 0 2 3018, C4<00>;
P_0000000004be0008 .param/l "TOP_8x8_MULT_REG" 0 2 3014, C4<0>;
o000000000669a498 .functor BUFZ 1, C4<z>; HiZ drive
L_0000000006711950 .functor BUFT 1, C4<0>, C4<0>, C4<0>, C4<0>;
L_0000000006676fc0 .functor XOR 1, o000000000669a498, L_0000000006711950, C4<0>, C4<0>;
o000000000669a3d8 .functor BUFZ 16, C4<zzzzzzzzzzzzzzzz>; HiZ drive
L_00000000066776c0 .functor BUFZ 16, o000000000669a3d8, C4<0000000000000000>, C4<0000000000000000>, C4<0000000000000000>;
o000000000669a198 .functor BUFZ 16, C4<zzzzzzzzzzzzzzzz>; HiZ drive
L_0000000006677030 .functor BUFZ 16, o000000000669a198, C4<0000000000000000>, C4<0000000000000000>, C4<0000000000000000>;
o000000000669a318 .functor BUFZ 16, C4<zzzzzzzzzzzzzzzz>; HiZ drive
L_0000000006677810 .functor BUFZ 16, o000000000669a318, C4<0000000000000000>, C4<0000000000000000>, C4<0000000000000000>;
o000000000669a4f8 .functor BUFZ 16, C4<zzzzzzzzzzzzzzzz>; HiZ drive
L_0000000006677880 .functor BUFZ 16, o000000000669a4f8, C4<0000000000000000>, C4<0000000000000000>, C4<0000000000000000>;
L_0000000006676e00 .functor BUFZ 16, L_000000000675da40, C4<0000000000000000>, C4<0000000000000000>, C4<0000000000000000>;
L_0000000006676230 .functor BUFZ 16, L_000000000675ca00, C4<0000000000000000>, C4<0000000000000000>, C4<0000000000000000>;
L_0000000006676620 .functor BUFZ 16, L_000000000675d180, C4<0000000000000000>, C4<0000000000000000>, C4<0000000000000000>;
L_00000000066770a0 .functor BUFZ 16, L_000000000675e4e0, C4<0000000000000000>, C4<0000000000000000>, C4<0000000000000000>;
L_0000000006677110 .functor BUFZ 32, L_000000000675de00, C4<00000000000000000000000000000000>, C4<00000000000000000000000000000000>, C4<00000000000000000000000000000000>;
L_00000000066778f0 .functor BUFZ 16, v00000000066fe620_0, C4<0000000000000000>, C4<0000000000000000>, C4<0000000000000000>;
L_0000000006676070 .functor BUFZ 16, L_0000000006677030, C4<0000000000000000>, C4<0000000000000000>, C4<0000000000000000>;
L_00000000066768c0 .functor XOR 17, L_000000000675c460, L_000000000675d5e0, C4<00000000000000000>, C4<00000000000000000>;
o000000000669a258 .functor BUFZ 1, C4<z>; HiZ drive
L_00000000066761c0 .functor XOR 1, L_000000000675c280, o000000000669a258, C4<0>, C4<0>;
L_0000000006675eb0 .functor XOR 16, L_000000000675d2c0, L_000000000675ff20, C4<0000000000000000>, C4<0000000000000000>;
L_0000000006676930 .functor BUFZ 16, L_00000000067607e0, C4<0000000000000000>, C4<0000000000000000>, C4<0000000000000000>;
L_00000000066769a0 .functor BUFZ 16, v00000000066fc320_0, C4<0000000000000000>, C4<0000000000000000>, C4<0000000000000000>;
L_00000000066771f0 .functor BUFZ 16, L_0000000006677810, C4<0000000000000000>, C4<0000000000000000>, C4<0000000000000000>;
L_0000000006676a10 .functor XOR 17, L_000000000675eb20, L_000000000675ef80, C4<00000000000000000>, C4<00000000000000000>;
L_00000000066779d0 .functor XOR 16, L_000000000675eee0, L_000000000675f5c0, C4<0000000000000000>, C4<0000000000000000>;
L_00000000066772d0 .functor BUFZ 16, L_000000000675ffc0, C4<0000000000000000>, C4<0000000000000000>, C4<0000000000000000>;
v00000000066ed990_0 .net "A", 15 0, o000000000669a198;  0 drivers
o000000000669a1c8 .functor BUFZ 1, C4<z>; HiZ drive
v00000000066edb70_0 .net "ACCUMCI", 0 0, o000000000669a1c8;  0 drivers
v00000000066ef0b0_0 .net "ACCUMCO", 0 0, L_000000000675c280;  1 drivers
o000000000669a228 .functor BUFZ 1, C4<z>; HiZ drive
v00000000066ee390_0 .net "ADDSUBBOT", 0 0, o000000000669a228;  0 drivers
v00000000066eec50_0 .net "ADDSUBTOP", 0 0, o000000000669a258;  0 drivers
o000000000669a288 .functor BUFZ 1, C4<z>; HiZ drive
v00000000066edc10_0 .net "AHOLD", 0 0, o000000000669a288;  0 drivers
v00000000066edd50_0 .net "Ah", 15 0, L_000000000675d4a0;  1 drivers
v00000000066ef3d0_0 .net "Al", 15 0, L_000000000675dfe0;  1 drivers
v00000000066f0410_0 .net "B", 15 0, o000000000669a318;  0 drivers
o000000000669a348 .functor BUFZ 1, C4<z>; HiZ drive
v00000000066f0af0_0 .net "BHOLD", 0 0, o000000000669a348;  0 drivers
v00000000066f0a50_0 .net "Bh", 15 0, L_000000000675e120;  1 drivers
v00000000066f0f50_0 .net "Bl", 15 0, L_000000000675d540;  1 drivers
v00000000066f1450_0 .net "C", 15 0, o000000000669a3d8;  0 drivers
o000000000669a408 .functor BUFZ 1, C4<z>; HiZ drive
v00000000066f0c30_0 .net "CE", 0 0, o000000000669a408;  0 drivers
o000000000669a438 .functor BUFZ 1, C4<z>; HiZ drive
v00000000066f0ff0_0 .net "CHOLD", 0 0, o000000000669a438;  0 drivers
o000000000669a468 .functor BUFZ 1, C4<z>; HiZ drive
v00000000066f1090_0 .net "CI", 0 0, o000000000669a468;  0 drivers
v00000000066f00f0_0 .net "CLK", 0 0, o000000000669a498;  0 drivers
v00000000066f1310_0 .net "CO", 0 0, L_00000000066761c0;  1 drivers
v00000000066f0b90_0 .net "D", 15 0, o000000000669a4f8;  0 drivers
o000000000669a528 .functor BUFZ 1, C4<z>; HiZ drive
v00000000066f0190_0 .net "DHOLD", 0 0, o000000000669a528;  0 drivers
L_0000000006711ea8 .functor BUFT 1, C4<0>, C4<0>, C4<0>, C4<0>;
v00000000066f0cd0_0 .net "HCI", 0 0, L_0000000006711ea8;  1 drivers
o000000000669a588 .functor BUFZ 1, C4<z>; HiZ drive
v00000000066f07d0_0 .net "IRSTBOT", 0 0, o000000000669a588;  0 drivers
o000000000669a5b8 .functor BUFZ 1, C4<z>; HiZ drive
v00000000066f14f0_0 .net "IRSTTOP", 0 0, o000000000669a5b8;  0 drivers
L_0000000006711fc8 .functor BUFT 1, C4<0>, C4<0>, C4<0>, C4<0>;
v00000000066f02d0_0 .net "LCI", 0 0, L_0000000006711fc8;  1 drivers
v00000000066f0690_0 .net "LCO", 0 0, L_000000000675ec60;  1 drivers
v00000000066f0d70_0 .net "O", 31 0, L_000000000675f020;  1 drivers
o000000000669a678 .functor BUFZ 1, C4<z>; HiZ drive
v00000000066f0230_0 .net "OHOLDBOT", 0 0, o000000000669a678;  0 drivers
o000000000669a6a8 .functor BUFZ 1, C4<z>; HiZ drive
v00000000066f0730_0 .net "OHOLDTOP", 0 0, o000000000669a6a8;  0 drivers
o000000000669a6d8 .functor BUFZ 1, C4<z>; HiZ drive
v00000000066f04b0_0 .net "OLOADBOT", 0 0, o000000000669a6d8;  0 drivers
o000000000669a708 .functor BUFZ 1, C4<z>; HiZ drive
v00000000066f1270_0 .net "OLOADTOP", 0 0, o000000000669a708;  0 drivers
o000000000669a738 .functor BUFZ 1, C4<z>; HiZ drive
v00000000066f1590_0 .net "ORSTBOT", 0 0, o000000000669a738;  0 drivers
o000000000669a768 .functor BUFZ 1, C4<z>; HiZ drive
v00000000066f09b0_0 .net "ORSTTOP", 0 0, o000000000669a768;  0 drivers
v00000000066f0550_0 .net "Oh", 15 0, L_0000000006676930;  1 drivers
v00000000066f0e10_0 .net "Ol", 15 0, L_00000000066772d0;  1 drivers
o000000000669a7f8 .functor BUFZ 1, C4<z>; HiZ drive
v00000000066f0eb0_0 .net "SIGNEXTIN", 0 0, o000000000669a7f8;  0 drivers
v00000000066f1630_0 .net "SIGNEXTOUT", 0 0, L_000000000675ebc0;  1 drivers
v00000000066f05f0_0 .net "XW", 15 0, L_000000000675d2c0;  1 drivers
v00000000066f16d0_0 .net "YZ", 15 0, L_000000000675eee0;  1 drivers
v00000000066f0870_0 .net/2u *"_ivl_0", 0 0, L_0000000006711950;  1 drivers
v00000000066f1130_0 .net *"_ivl_100", 31 0, L_000000000675d040;  1 drivers
L_0000000006711d40 .functor BUFT 1, C4<0000000000000000>, C4<0>, C4<0>, C4<0>;
v00000000066f11d0_0 .net *"_ivl_103", 15 0, L_0000000006711d40;  1 drivers
v00000000066f13b0_0 .net *"_ivl_104", 31 0, L_000000000675d400;  1 drivers
v00000000066f1770_0 .net *"_ivl_106", 15 0, L_000000000675c0a0;  1 drivers
L_0000000006711d88 .functor BUFT 1, C4<0000000000000000>, C4<0>, C4<0>, C4<0>;
v00000000066f0910_0 .net *"_ivl_108", 15 0, L_0000000006711d88;  1 drivers
L_0000000006711998 .functor BUFT 1, C4<00000000>, C4<0>, C4<0>, C4<0>;
v00000000066f0370_0 .net/2u *"_ivl_12", 7 0, L_0000000006711998;  1 drivers
v00000000066fad40_0 .net *"_ivl_121", 16 0, L_000000000675c320;  1 drivers
L_0000000006711dd0 .functor BUFT 1, C4<0>, C4<0>, C4<0>, C4<0>;
v00000000066fa200_0 .net *"_ivl_124", 0 0, L_0000000006711dd0;  1 drivers
v00000000066fba60_0 .net *"_ivl_125", 16 0, L_000000000675c460;  1 drivers
L_0000000006711e18 .functor BUFT 1, C4<0>, C4<0>, C4<0>, C4<0>;
v00000000066faf20_0 .net *"_ivl_128", 0 0, L_0000000006711e18;  1 drivers
v00000000066fa980_0 .net *"_ivl_129", 15 0, L_000000000675c5a0;  1 drivers
v00000000066fab60_0 .net *"_ivl_131", 16 0, L_000000000675d5e0;  1 drivers
L_0000000006711e60 .functor BUFT 1, C4<0>, C4<0>, C4<0>, C4<0>;
v00000000066fa3e0_0 .net *"_ivl_134", 0 0, L_0000000006711e60;  1 drivers
v00000000066fb9c0_0 .net *"_ivl_135", 16 0, L_00000000066768c0;  1 drivers
v00000000066fb880_0 .net *"_ivl_137", 16 0, L_0000000006760100;  1 drivers
L_00000000067120e8 .functor BUFT 1, C4<00000000000000000>, C4<0>, C4<0>, C4<0>;
v00000000066fa520_0 .net *"_ivl_139", 16 0, L_00000000067120e8;  1 drivers
v00000000066fbce0_0 .net *"_ivl_143", 16 0, L_000000000675ee40;  1 drivers
v00000000066fb920_0 .net *"_ivl_147", 15 0, L_000000000675ff20;  1 drivers
v00000000066fade0_0 .net *"_ivl_149", 15 0, L_0000000006675eb0;  1 drivers
v00000000066fb380_0 .net *"_ivl_15", 7 0, L_000000000675e260;  1 drivers
v00000000066fa160_0 .net *"_ivl_168", 16 0, L_0000000006760380;  1 drivers
L_0000000006711ef0 .functor BUFT 1, C4<0>, C4<0>, C4<0>, C4<0>;
v00000000066fc280_0 .net *"_ivl_171", 0 0, L_0000000006711ef0;  1 drivers
v00000000066fb420_0 .net *"_ivl_172", 16 0, L_000000000675eb20;  1 drivers
L_0000000006711f38 .functor BUFT 1, C4<0>, C4<0>, C4<0>, C4<0>;
v00000000066fa7a0_0 .net *"_ivl_175", 0 0, L_0000000006711f38;  1 drivers
v00000000066fae80_0 .net *"_ivl_176", 15 0, L_0000000006760420;  1 drivers
v00000000066fb1a0_0 .net *"_ivl_178", 16 0, L_000000000675ef80;  1 drivers
L_00000000067119e0 .functor BUFT 1, C4<00000000>, C4<0>, C4<0>, C4<0>;
v00000000066fbec0_0 .net/2u *"_ivl_18", 7 0, L_00000000067119e0;  1 drivers
L_0000000006711f80 .functor BUFT 1, C4<0>, C4<0>, C4<0>, C4<0>;
v00000000066fb060_0 .net *"_ivl_181", 0 0, L_0000000006711f80;  1 drivers
v00000000066fbb00_0 .net *"_ivl_182", 16 0, L_0000000006676a10;  1 drivers
v00000000066f9b20_0 .net *"_ivl_184", 16 0, L_0000000006760740;  1 drivers
L_0000000006712130 .functor BUFT 1, C4<00000000000000000>, C4<0>, C4<0>, C4<0>;
v00000000066fafc0_0 .net *"_ivl_186", 16 0, L_0000000006712130;  1 drivers
v00000000066fbba0_0 .net *"_ivl_190", 16 0, L_000000000675f700;  1 drivers
v00000000066f9bc0_0 .net *"_ivl_192", 15 0, L_000000000675f5c0;  1 drivers
v00000000066fb240_0 .net *"_ivl_194", 15 0, L_00000000066779d0;  1 drivers
v00000000066fa0c0_0 .net *"_ivl_21", 7 0, L_000000000675ce60;  1 drivers
L_0000000006711a28 .functor BUFT 1, C4<00000000>, C4<0>, C4<0>, C4<0>;
v00000000066fb100_0 .net/2u *"_ivl_24", 7 0, L_0000000006711a28;  1 drivers
v00000000066fc1e0_0 .net *"_ivl_27", 7 0, L_000000000675c8c0;  1 drivers
L_0000000006711a70 .functor BUFT 1, C4<00000000>, C4<0>, C4<0>, C4<0>;
v00000000066f9d00_0 .net/2u *"_ivl_30", 7 0, L_0000000006711a70;  1 drivers
v00000000066fa2a0_0 .net *"_ivl_33", 7 0, L_000000000675e3a0;  1 drivers
L_0000000006711ab8 .functor BUFT 1, C4<00000000>, C4<0>, C4<0>, C4<0>;
v00000000066faa20_0 .net/2u *"_ivl_38", 7 0, L_0000000006711ab8;  1 drivers
v00000000066fb2e0_0 .net *"_ivl_41", 7 0, L_000000000675d860;  1 drivers
v00000000066fbf60_0 .net *"_ivl_42", 15 0, L_000000000675cfa0;  1 drivers
L_0000000006711b00 .functor BUFT 1, C4<00000000>, C4<0>, C4<0>, C4<0>;
v00000000066fa340_0 .net/2u *"_ivl_46", 7 0, L_0000000006711b00;  1 drivers
v00000000066fb4c0_0 .net *"_ivl_49", 7 0, L_000000000675e080;  1 drivers
v00000000066fb560_0 .net *"_ivl_50", 15 0, L_000000000675c960;  1 drivers
L_0000000006711b48 .functor BUFT 1, C4<00000000>, C4<0>, C4<0>, C4<0>;
v00000000066fc000_0 .net/2u *"_ivl_64", 7 0, L_0000000006711b48;  1 drivers
L_0000000006711b90 .functor BUFT 1, C4<00000000>, C4<0>, C4<0>, C4<0>;
v00000000066fa840_0 .net/2u *"_ivl_68", 7 0, L_0000000006711b90;  1 drivers
v00000000066fc0a0_0 .net *"_ivl_72", 31 0, L_000000000675c140;  1 drivers
L_0000000006711bd8 .functor BUFT 1, C4<0000000000000000>, C4<0>, C4<0>, C4<0>;
v00000000066fb740_0 .net *"_ivl_75", 15 0, L_0000000006711bd8;  1 drivers
v00000000066fac00_0 .net *"_ivl_76", 31 0, L_000000000675dc20;  1 drivers
L_0000000006711c20 .functor BUFT 1, C4<00000000>, C4<0>, C4<0>, C4<0>;
v00000000066fbc40_0 .net *"_ivl_79", 7 0, L_0000000006711c20;  1 drivers
v00000000066fc140_0 .net *"_ivl_80", 31 0, L_000000000675cf00;  1 drivers
v00000000066fb600_0 .net *"_ivl_82", 23 0, L_000000000675cbe0;  1 drivers
L_0000000006711c68 .functor BUFT 1, C4<00000000>, C4<0>, C4<0>, C4<0>;
v00000000066f9c60_0 .net *"_ivl_84", 7 0, L_0000000006711c68;  1 drivers
v00000000066fa8e0_0 .net *"_ivl_86", 31 0, L_000000000675e440;  1 drivers
v00000000066f9da0_0 .net *"_ivl_88", 31 0, L_000000000675e1c0;  1 drivers
L_0000000006711cb0 .functor BUFT 1, C4<00000000>, C4<0>, C4<0>, C4<0>;
v00000000066fb7e0_0 .net *"_ivl_91", 7 0, L_0000000006711cb0;  1 drivers
v00000000066faca0_0 .net *"_ivl_92", 31 0, L_000000000675db80;  1 drivers
v00000000066fbd80_0 .net *"_ivl_94", 23 0, L_000000000675bd80;  1 drivers
L_0000000006711cf8 .functor BUFT 1, C4<00000000>, C4<0>, C4<0>, C4<0>;
v00000000066f9e40_0 .net *"_ivl_96", 7 0, L_0000000006711cf8;  1 drivers
v00000000066fa700_0 .net *"_ivl_98", 31 0, L_000000000675bec0;  1 drivers
v00000000066f9ee0_0 .net "clock", 0 0, L_0000000006676fc0;  1 drivers
v00000000066f9f80_0 .net "iA", 15 0, L_0000000006677030;  1 drivers
v00000000066fb6a0_0 .net "iB", 15 0, L_0000000006677810;  1 drivers
v00000000066fbe20_0 .net "iC", 15 0, L_00000000066776c0;  1 drivers
v00000000066fa020_0 .net "iD", 15 0, L_0000000006677880;  1 drivers
v00000000066fa660_0 .net "iF", 15 0, L_0000000006676e00;  1 drivers
v00000000066fa480_0 .net "iG", 15 0, L_00000000066770a0;  1 drivers
v00000000066fa5c0_0 .net "iH", 31 0, L_0000000006677110;  1 drivers
v00000000066faac0_0 .net "iJ", 15 0, L_0000000006676230;  1 drivers
v00000000066fcdc0_0 .net "iJ_e", 23 0, L_000000000675dae0;  1 drivers
v00000000066fdea0_0 .net "iK", 15 0, L_0000000006676620;  1 drivers
v00000000066fcaa0_0 .net "iK_e", 23 0, L_000000000675dd60;  1 drivers
v00000000066fe4e0_0 .net "iL", 31 0, L_000000000675de00;  1 drivers
v00000000066fdc20_0 .net "iP", 15 0, L_00000000067607e0;  1 drivers
v00000000066fc960_0 .net "iQ", 15 0, v00000000066fe620_0;  1 drivers
v00000000066fc460_0 .net "iR", 15 0, L_000000000675ffc0;  1 drivers
v00000000066fd7c0_0 .net "iS", 15 0, v00000000066fc320_0;  1 drivers
v00000000066fd360_0 .net "iW", 15 0, L_00000000066778f0;  1 drivers
v00000000066fe080_0 .net "iX", 15 0, L_0000000006676070;  1 drivers
v00000000066fc500_0 .net "iY", 15 0, L_00000000066769a0;  1 drivers
v00000000066fda40_0 .net "iZ", 15 0, L_00000000066771f0;  1 drivers
v00000000066fcbe0_0 .net "p_Ah_Bh", 15 0, L_000000000675da40;  1 drivers
v00000000066fca00_0 .net "p_Ah_Bl", 15 0, L_000000000675d180;  1 drivers
v00000000066fc5a0_0 .net "p_Al_Bh", 15 0, L_000000000675ca00;  1 drivers
v00000000066fe1c0_0 .net "p_Al_Bl", 15 0, L_000000000675e4e0;  1 drivers
v00000000066fdfe0_0 .var "rA", 15 0;
v00000000066fcf00_0 .var "rB", 15 0;
v00000000066fe120_0 .var "rC", 15 0;
v00000000066fe260_0 .var "rD", 15 0;
v00000000066fdf40_0 .var "rF", 15 0;
v00000000066fd680_0 .var "rG", 15 0;
v00000000066fd4a0_0 .var "rH", 31 0;
v00000000066fc640_0 .var "rJ", 15 0;
v00000000066fe300_0 .var "rK", 15 0;
v00000000066fe620_0 .var "rQ", 15 0;
v00000000066fc320_0 .var "rS", 15 0;
E_0000000006654af0 .event posedge, v00000000066f1590_0, v00000000066f9ee0_0;
E_0000000006653e70 .event posedge, v00000000066f09b0_0, v00000000066f9ee0_0;
E_0000000006654770 .event posedge, v00000000066f07d0_0, v00000000066f9ee0_0;
E_0000000006654070 .event posedge, v00000000066f14f0_0, v00000000066f9ee0_0;
L_000000000675e260 .part L_0000000006677030, 8, 8;
L_000000000675d4a0 .concat [ 8 8 0 0], L_000000000675e260, L_0000000006711998;
L_000000000675ce60 .part L_0000000006677030, 0, 8;
L_000000000675dfe0 .concat [ 8 8 0 0], L_000000000675ce60, L_00000000067119e0;
L_000000000675c8c0 .part L_0000000006677810, 8, 8;
L_000000000675e120 .concat [ 8 8 0 0], L_000000000675c8c0, L_0000000006711a28;
L_000000000675e3a0 .part L_0000000006677810, 0, 8;
L_000000000675d540 .concat [ 8 8 0 0], L_000000000675e3a0, L_0000000006711a70;
L_000000000675da40 .arith/mult 16, L_000000000675d4a0, L_000000000675e120;
L_000000000675d860 .part L_000000000675dfe0, 0, 8;
L_000000000675cfa0 .concat [ 8 8 0 0], L_000000000675d860, L_0000000006711ab8;
L_000000000675ca00 .arith/mult 16, L_000000000675cfa0, L_000000000675e120;
L_000000000675e080 .part L_000000000675d540, 0, 8;
L_000000000675c960 .concat [ 8 8 0 0], L_000000000675e080, L_0000000006711b00;
L_000000000675d180 .arith/mult 16, L_000000000675d4a0, L_000000000675c960;
L_000000000675e4e0 .arith/mult 16, L_000000000675dfe0, L_000000000675d540;
L_000000000675dd60 .concat [ 16 8 0 0], L_0000000006676620, L_0000000006711b48;
L_000000000675dae0 .concat [ 16 8 0 0], L_0000000006676230, L_0000000006711b90;
L_000000000675c140 .concat [ 16 16 0 0], L_00000000066770a0, L_0000000006711bd8;
L_000000000675dc20 .concat [ 24 8 0 0], L_000000000675dd60, L_0000000006711c20;
L_000000000675cbe0 .part L_000000000675dc20, 0, 24;
L_000000000675cf00 .concat [ 8 24 0 0], L_0000000006711c68, L_000000000675cbe0;
L_000000000675e440 .arith/sum 32, L_000000000675c140, L_000000000675cf00;
L_000000000675e1c0 .concat [ 24 8 0 0], L_000000000675dae0, L_0000000006711cb0;
L_000000000675bd80 .part L_000000000675e1c0, 0, 24;
L_000000000675db80 .concat [ 8 24 0 0], L_0000000006711cf8, L_000000000675bd80;
L_000000000675bec0 .arith/sum 32, L_000000000675e440, L_000000000675db80;
L_000000000675d040 .concat [ 16 16 0 0], L_0000000006676e00, L_0000000006711d40;
L_000000000675c0a0 .part L_000000000675d040, 0, 16;
L_000000000675d400 .concat [ 16 16 0 0], L_0000000006711d88, L_000000000675c0a0;
L_000000000675de00 .arith/sum 32, L_000000000675bec0, L_000000000675d400;
L_000000000675c280 .part L_000000000675ee40, 16, 1;
L_000000000675d2c0 .part L_000000000675ee40, 0, 16;
L_000000000675c320 .concat [ 16 1 0 0], L_0000000006676070, L_0000000006711dd0;
L_000000000675c460 .concat [ 16 1 0 0], L_00000000066778f0, L_0000000006711e18;
LS_000000000675c5a0_0_0 .concat [ 1 1 1 1], o000000000669a258, o000000000669a258, o000000000669a258, o000000000669a258;
LS_000000000675c5a0_0_4 .concat [ 1 1 1 1], o000000000669a258, o000000000669a258, o000000000669a258, o000000000669a258;
LS_000000000675c5a0_0_8 .concat [ 1 1 1 1], o000000000669a258, o000000000669a258, o000000000669a258, o000000000669a258;
LS_000000000675c5a0_0_12 .concat [ 1 1 1 1], o000000000669a258, o000000000669a258, o000000000669a258, o000000000669a258;
L_000000000675c5a0 .concat [ 4 4 4 4], LS_000000000675c5a0_0_0, LS_000000000675c5a0_0_4, LS_000000000675c5a0_0_8, LS_000000000675c5a0_0_12;
L_000000000675d5e0 .concat [ 16 1 0 0], L_000000000675c5a0, L_0000000006711e60;
L_0000000006760100 .arith/sum 17, L_000000000675c320, L_00000000066768c0;
L_000000000675ee40 .arith/sum 17, L_0000000006760100, L_00000000067120e8;
LS_000000000675ff20_0_0 .concat [ 1 1 1 1], o000000000669a258, o000000000669a258, o000000000669a258, o000000000669a258;
LS_000000000675ff20_0_4 .concat [ 1 1 1 1], o000000000669a258, o000000000669a258, o000000000669a258, o000000000669a258;
LS_000000000675ff20_0_8 .concat [ 1 1 1 1], o000000000669a258, o000000000669a258, o000000000669a258, o000000000669a258;
LS_000000000675ff20_0_12 .concat [ 1 1 1 1], o000000000669a258, o000000000669a258, o000000000669a258, o000000000669a258;
L_000000000675ff20 .concat [ 4 4 4 4], LS_000000000675ff20_0_0, LS_000000000675ff20_0_4, LS_000000000675ff20_0_8, LS_000000000675ff20_0_12;
L_00000000067607e0 .functor MUXZ 16, L_0000000006675eb0, L_00000000066776c0, o000000000669a708, C4<>;
L_000000000675ebc0 .part L_0000000006676070, 15, 1;
L_000000000675ec60 .part L_000000000675f700, 16, 1;
L_000000000675eee0 .part L_000000000675f700, 0, 16;
L_0000000006760380 .concat [ 16 1 0 0], L_00000000066771f0, L_0000000006711ef0;
L_000000000675eb20 .concat [ 16 1 0 0], L_00000000066769a0, L_0000000006711f38;
LS_0000000006760420_0_0 .concat [ 1 1 1 1], o000000000669a228, o000000000669a228, o000000000669a228, o000000000669a228;
LS_0000000006760420_0_4 .concat [ 1 1 1 1], o000000000669a228, o000000000669a228, o000000000669a228, o000000000669a228;
LS_0000000006760420_0_8 .concat [ 1 1 1 1], o000000000669a228, o000000000669a228, o000000000669a228, o000000000669a228;
LS_0000000006760420_0_12 .concat [ 1 1 1 1], o000000000669a228, o000000000669a228, o000000000669a228, o000000000669a228;
L_0000000006760420 .concat [ 4 4 4 4], LS_0000000006760420_0_0, LS_0000000006760420_0_4, LS_0000000006760420_0_8, LS_0000000006760420_0_12;
L_000000000675ef80 .concat [ 16 1 0 0], L_0000000006760420, L_0000000006711f80;
L_0000000006760740 .arith/sum 17, L_0000000006760380, L_0000000006676a10;
L_000000000675f700 .arith/sum 17, L_0000000006760740, L_0000000006712130;
LS_000000000675f5c0_0_0 .concat [ 1 1 1 1], o000000000669a228, o000000000669a228, o000000000669a228, o000000000669a228;
LS_000000000675f5c0_0_4 .concat [ 1 1 1 1], o000000000669a228, o000000000669a228, o000000000669a228, o000000000669a228;
LS_000000000675f5c0_0_8 .concat [ 1 1 1 1], o000000000669a228, o000000000669a228, o000000000669a228, o000000000669a228;
LS_000000000675f5c0_0_12 .concat [ 1 1 1 1], o000000000669a228, o000000000669a228, o000000000669a228, o000000000669a228;
L_000000000675f5c0 .concat [ 4 4 4 4], LS_000000000675f5c0_0_0, LS_000000000675f5c0_0_4, LS_000000000675f5c0_0_8, LS_000000000675f5c0_0_12;
L_000000000675ffc0 .functor MUXZ 16, L_00000000066779d0, L_0000000006677880, o000000000669a6d8, C4<>;
L_000000000675f020 .concat [ 16 16 0 0], L_00000000066772d0, L_0000000006676930;
S_000000000667d8e0 .scope module, "SB_PLL40_2F_CORE" "SB_PLL40_2F_CORE" 2 2521;
 .timescale -12 -12;
    .port_info 0 /INPUT 1 "REFERENCECLK";
    .port_info 1 /OUTPUT 1 "PLLOUTCOREA";
    .port_info 2 /OUTPUT 1 "PLLOUTGLOBALA";
    .port_info 3 /OUTPUT 1 "PLLOUTCOREB";
    .port_info 4 /OUTPUT 1 "PLLOUTGLOBALB";
    .port_info 5 /INPUT 1 "EXTFEEDBACK";
    .port_info 6 /INPUT 8 "DYNAMICDELAY";
    .port_info 7 /OUTPUT 1 "LOCK";
    .port_info 8 /INPUT 1 "BYPASS";
    .port_info 9 /INPUT 1 "RESETB";
    .port_info 10 /INPUT 1 "LATCHINPUTVALUE";
    .port_info 11 /OUTPUT 1 "SDO";
    .port_info 12 /INPUT 1 "SDI";
    .port_info 13 /INPUT 1 "SCLK";
P_0000000004bd9620 .param/str "DELAY_ADJUSTMENT_MODE_FEEDBACK" 0 2 2538, "FIXED";
P_0000000004bd9658 .param/str "DELAY_ADJUSTMENT_MODE_RELATIVE" 0 2 2539, "FIXED";
P_0000000004bd9690 .param/l "DIVF" 0 2 2546, C4<0000000>;
P_0000000004bd96c8 .param/l "DIVQ" 0 2 2547, C4<000>;
P_0000000004bd9700 .param/l "DIVR" 0 2 2545, C4<0000>;
P_0000000004bd9738 .param/l "ENABLE_ICEGATE_PORTA" 0 2 2549, C4<0>;
P_0000000004bd9770 .param/l "ENABLE_ICEGATE_PORTB" 0 2 2550, C4<0>;
P_0000000004bd97a8 .param/l "EXTERNAL_DIVIDE_FACTOR" 0 2 2552, +C4<00000000000000000000000000000001>;
P_0000000004bd97e0 .param/l "FDA_FEEDBACK" 0 2 2541, C4<0000>;
P_0000000004bd9818 .param/l "FDA_RELATIVE" 0 2 2542, C4<0000>;
P_0000000004bd9850 .param/str "FEEDBACK_PATH" 0 2 2537, "SIMPLE";
P_0000000004bd9888 .param/l "FILTER_RANGE" 0 2 2548, C4<000>;
P_0000000004bd98c0 .param/str "PLLOUT_SELECT_PORTA" 0 2 2543, "GENCLK";
P_0000000004bd98f8 .param/str "PLLOUT_SELECT_PORTB" 0 2 2544, "GENCLK";
P_0000000004bd9930 .param/l "SHIFTREG_DIV_MODE" 0 2 2540, C4<0>;
P_0000000004bd9968 .param/l "TEST_MODE" 0 2 2551, C4<0>;
o000000000669c028 .functor BUFZ 1, C4<z>; HiZ drive
v00000000066fe3a0_0 .net "BYPASS", 0 0, o000000000669c028;  0 drivers
o000000000669c058 .functor BUFZ 8, C4<zzzzzzzz>; HiZ drive
v00000000066fe440_0 .net "DYNAMICDELAY", 7 0, o000000000669c058;  0 drivers
o000000000669c088 .functor BUFZ 1, C4<z>; HiZ drive
v00000000066fcc80_0 .net "EXTFEEDBACK", 0 0, o000000000669c088;  0 drivers
o000000000669c0b8 .functor BUFZ 1, C4<z>; HiZ drive
v00000000066fe580_0 .net "LATCHINPUTVALUE", 0 0, o000000000669c0b8;  0 drivers
o000000000669c0e8 .functor BUFZ 1, C4<z>; HiZ drive
v00000000066fe6c0_0 .net "LOCK", 0 0, o000000000669c0e8;  0 drivers
o000000000669c118 .functor BUFZ 1, C4<z>; HiZ drive
v00000000066fd5e0_0 .net "PLLOUTCOREA", 0 0, o000000000669c118;  0 drivers
o000000000669c148 .functor BUFZ 1, C4<z>; HiZ drive
v00000000066fd180_0 .net "PLLOUTCOREB", 0 0, o000000000669c148;  0 drivers
o000000000669c178 .functor BUFZ 1, C4<z>; HiZ drive
v00000000066fdd60_0 .net "PLLOUTGLOBALA", 0 0, o000000000669c178;  0 drivers
o000000000669c1a8 .functor BUFZ 1, C4<z>; HiZ drive
v00000000066fcb40_0 .net "PLLOUTGLOBALB", 0 0, o000000000669c1a8;  0 drivers
o000000000669c1d8 .functor BUFZ 1, C4<z>; HiZ drive
v00000000066fea80_0 .net "REFERENCECLK", 0 0, o000000000669c1d8;  0 drivers
o000000000669c208 .functor BUFZ 1, C4<z>; HiZ drive
v00000000066fcd20_0 .net "RESETB", 0 0, o000000000669c208;  0 drivers
o000000000669c238 .functor BUFZ 1, C4<z>; HiZ drive
v00000000066fd860_0 .net "SCLK", 0 0, o000000000669c238;  0 drivers
o000000000669c268 .functor BUFZ 1, C4<z>; HiZ drive
v00000000066fcfa0_0 .net "SDI", 0 0, o000000000669c268;  0 drivers
o000000000669c298 .functor BUFZ 1, C4<z>; HiZ drive
v00000000066fe9e0_0 .net "SDO", 0 0, o000000000669c298;  0 drivers
S_000000000667d430 .scope module, "SB_PLL40_2F_PAD" "SB_PLL40_2F_PAD" 2 2556;
 .timescale -12 -12;
    .port_info 0 /INPUT 1 "PACKAGEPIN";
    .port_info 1 /OUTPUT 1 "PLLOUTCOREA";
    .port_info 2 /OUTPUT 1 "PLLOUTGLOBALA";
    .port_info 3 /OUTPUT 1 "PLLOUTCOREB";
    .port_info 4 /OUTPUT 1 "PLLOUTGLOBALB";
    .port_info 5 /INPUT 1 "EXTFEEDBACK";
    .port_info 6 /INPUT 8 "DYNAMICDELAY";
    .port_info 7 /OUTPUT 1 "LOCK";
    .port_info 8 /INPUT 1 "BYPASS";
    .port_info 9 /INPUT 1 "RESETB";
    .port_info 10 /INPUT 1 "LATCHINPUTVALUE";
    .port_info 11 /OUTPUT 1 "SDO";
    .port_info 12 /INPUT 1 "SDI";
    .port_info 13 /INPUT 1 "SCLK";
P_0000000004bd7970 .param/str "DELAY_ADJUSTMENT_MODE_FEEDBACK" 0 2 2573, "FIXED";
P_0000000004bd79a8 .param/str "DELAY_ADJUSTMENT_MODE_RELATIVE" 0 2 2574, "FIXED";
P_0000000004bd79e0 .param/l "DIVF" 0 2 2581, C4<0000000>;
P_0000000004bd7a18 .param/l "DIVQ" 0 2 2582, C4<000>;
P_0000000004bd7a50 .param/l "DIVR" 0 2 2580, C4<0000>;
P_0000000004bd7a88 .param/l "ENABLE_ICEGATE_PORTA" 0 2 2584, C4<0>;
P_0000000004bd7ac0 .param/l "ENABLE_ICEGATE_PORTB" 0 2 2585, C4<0>;
P_0000000004bd7af8 .param/l "EXTERNAL_DIVIDE_FACTOR" 0 2 2587, +C4<00000000000000000000000000000001>;
P_0000000004bd7b30 .param/l "FDA_FEEDBACK" 0 2 2576, C4<0000>;
P_0000000004bd7b68 .param/l "FDA_RELATIVE" 0 2 2577, C4<0000>;
P_0000000004bd7ba0 .param/str "FEEDBACK_PATH" 0 2 2572, "SIMPLE";
P_0000000004bd7bd8 .param/l "FILTER_RANGE" 0 2 2583, C4<000>;
P_0000000004bd7c10 .param/str "PLLOUT_SELECT_PORTA" 0 2 2578, "GENCLK";
P_0000000004bd7c48 .param/str "PLLOUT_SELECT_PORTB" 0 2 2579, "GENCLK";
P_0000000004bd7c80 .param/l "SHIFTREG_DIV_MODE" 0 2 2575, C4<00>;
P_0000000004bd7cb8 .param/l "TEST_MODE" 0 2 2586, C4<0>;
o000000000669c568 .functor BUFZ 1, C4<z>; HiZ drive
v00000000066fc3c0_0 .net "BYPASS", 0 0, o000000000669c568;  0 drivers
o000000000669c598 .functor BUFZ 8, C4<zzzzzzzz>; HiZ drive
v00000000066fd900_0 .net "DYNAMICDELAY", 7 0, o000000000669c598;  0 drivers
o000000000669c5c8 .functor BUFZ 1, C4<z>; HiZ drive
v00000000066fe760_0 .net "EXTFEEDBACK", 0 0, o000000000669c5c8;  0 drivers
o000000000669c5f8 .functor BUFZ 1, C4<z>; HiZ drive
v00000000066fe800_0 .net "LATCHINPUTVALUE", 0 0, o000000000669c5f8;  0 drivers
o000000000669c628 .functor BUFZ 1, C4<z>; HiZ drive
v00000000066fdae0_0 .net "LOCK", 0 0, o000000000669c628;  0 drivers
o000000000669c658 .functor BUFZ 1, C4<z>; HiZ drive
v00000000066fc8c0_0 .net "PACKAGEPIN", 0 0, o000000000669c658;  0 drivers
o000000000669c688 .functor BUFZ 1, C4<z>; HiZ drive
v00000000066fe8a0_0 .net "PLLOUTCOREA", 0 0, o000000000669c688;  0 drivers
o000000000669c6b8 .functor BUFZ 1, C4<z>; HiZ drive
v00000000066fde00_0 .net "PLLOUTCOREB", 0 0, o000000000669c6b8;  0 drivers
o000000000669c6e8 .functor BUFZ 1, C4<z>; HiZ drive
v00000000066fc6e0_0 .net "PLLOUTGLOBALA", 0 0, o000000000669c6e8;  0 drivers
o000000000669c718 .functor BUFZ 1, C4<z>; HiZ drive
v00000000066fc780_0 .net "PLLOUTGLOBALB", 0 0, o000000000669c718;  0 drivers
o000000000669c748 .functor BUFZ 1, C4<z>; HiZ drive
v00000000066fe940_0 .net "RESETB", 0 0, o000000000669c748;  0 drivers
o000000000669c778 .functor BUFZ 1, C4<z>; HiZ drive
v00000000066fc820_0 .net "SCLK", 0 0, o000000000669c778;  0 drivers
o000000000669c7a8 .functor BUFZ 1, C4<z>; HiZ drive
v00000000066fd220_0 .net "SDI", 0 0, o000000000669c7a8;  0 drivers
o000000000669c7d8 .functor BUFZ 1, C4<z>; HiZ drive
v00000000066fce60_0 .net "SDO", 0 0, o000000000669c7d8;  0 drivers
S_000000000667d2a0 .scope module, "SB_PLL40_2_PAD" "SB_PLL40_2_PAD" 2 2487;
 .timescale -12 -12;
    .port_info 0 /INPUT 1 "PACKAGEPIN";
    .port_info 1 /OUTPUT 1 "PLLOUTCOREA";
    .port_info 2 /OUTPUT 1 "PLLOUTGLOBALA";
    .port_info 3 /OUTPUT 1 "PLLOUTCOREB";
    .port_info 4 /OUTPUT 1 "PLLOUTGLOBALB";
    .port_info 5 /INPUT 1 "EXTFEEDBACK";
    .port_info 6 /INPUT 8 "DYNAMICDELAY";
    .port_info 7 /OUTPUT 1 "LOCK";
    .port_info 8 /INPUT 1 "BYPASS";
    .port_info 9 /INPUT 1 "RESETB";
    .port_info 10 /INPUT 1 "LATCHINPUTVALUE";
    .port_info 11 /OUTPUT 1 "SDO";
    .port_info 12 /INPUT 1 "SDI";
    .port_info 13 /INPUT 1 "SCLK";
P_0000000004bdca20 .param/str "DELAY_ADJUSTMENT_MODE_FEEDBACK" 0 2 2504, "FIXED";
P_0000000004bdca58 .param/str "DELAY_ADJUSTMENT_MODE_RELATIVE" 0 2 2505, "FIXED";
P_0000000004bdca90 .param/l "DIVF" 0 2 2511, C4<0000000>;
P_0000000004bdcac8 .param/l "DIVQ" 0 2 2512, C4<000>;
P_0000000004bdcb00 .param/l "DIVR" 0 2 2510, C4<0000>;
P_0000000004bdcb38 .param/l "ENABLE_ICEGATE_PORTA" 0 2 2514, C4<0>;
P_0000000004bdcb70 .param/l "ENABLE_ICEGATE_PORTB" 0 2 2515, C4<0>;
P_0000000004bdcba8 .param/l "EXTERNAL_DIVIDE_FACTOR" 0 2 2517, +C4<00000000000000000000000000000001>;
P_0000000004bdcbe0 .param/l "FDA_FEEDBACK" 0 2 2507, C4<0000>;
P_0000000004bdcc18 .param/l "FDA_RELATIVE" 0 2 2508, C4<0000>;
P_0000000004bdcc50 .param/str "FEEDBACK_PATH" 0 2 2503, "SIMPLE";
P_0000000004bdcc88 .param/l "FILTER_RANGE" 0 2 2513, C4<000>;
P_0000000004bdccc0 .param/str "PLLOUT_SELECT_PORTB" 0 2 2509, "GENCLK";
P_0000000004bdccf8 .param/l "SHIFTREG_DIV_MODE" 0 2 2506, C4<0>;
P_0000000004bdcd30 .param/l "TEST_MODE" 0 2 2516, C4<0>;
o000000000669caa8 .functor BUFZ 1, C4<z>; HiZ drive
v00000000066fd040_0 .net "BYPASS", 0 0, o000000000669caa8;  0 drivers
o000000000669cad8 .functor BUFZ 8, C4<zzzzzzzz>; HiZ drive
v00000000066fd0e0_0 .net "DYNAMICDELAY", 7 0, o000000000669cad8;  0 drivers
o000000000669cb08 .functor BUFZ 1, C4<z>; HiZ drive
v00000000066fdcc0_0 .net "EXTFEEDBACK", 0 0, o000000000669cb08;  0 drivers
o000000000669cb38 .functor BUFZ 1, C4<z>; HiZ drive
v00000000066fd2c0_0 .net "LATCHINPUTVALUE", 0 0, o000000000669cb38;  0 drivers
o000000000669cb68 .functor BUFZ 1, C4<z>; HiZ drive
v00000000066fd400_0 .net "LOCK", 0 0, o000000000669cb68;  0 drivers
o000000000669cb98 .functor BUFZ 1, C4<z>; HiZ drive
v00000000066fd540_0 .net "PACKAGEPIN", 0 0, o000000000669cb98;  0 drivers
o000000000669cbc8 .functor BUFZ 1, C4<z>; HiZ drive
v00000000066fd720_0 .net "PLLOUTCOREA", 0 0, o000000000669cbc8;  0 drivers
o000000000669cbf8 .functor BUFZ 1, C4<z>; HiZ drive
v00000000066fd9a0_0 .net "PLLOUTCOREB", 0 0, o000000000669cbf8;  0 drivers
o000000000669cc28 .functor BUFZ 1, C4<z>; HiZ drive
v00000000066fdb80_0 .net "PLLOUTGLOBALA", 0 0, o000000000669cc28;  0 drivers
o000000000669cc58 .functor BUFZ 1, C4<z>; HiZ drive
v00000000066ff0c0_0 .net "PLLOUTGLOBALB", 0 0, o000000000669cc58;  0 drivers
o000000000669cc88 .functor BUFZ 1, C4<z>; HiZ drive
v0000000006700380_0 .net "RESETB", 0 0, o000000000669cc88;  0 drivers
o000000000669ccb8 .functor BUFZ 1, C4<z>; HiZ drive
v0000000006700880_0 .net "SCLK", 0 0, o000000000669ccb8;  0 drivers
o000000000669cce8 .functor BUFZ 1, C4<z>; HiZ drive
v0000000006700920_0 .net "SDI", 0 0, o000000000669cce8;  0 drivers
o000000000669cd18 .functor BUFZ 1, C4<z>; HiZ drive
v0000000006701280_0 .net "SDO", 0 0, o000000000669cd18;  0 drivers
S_000000000667da70 .scope module, "SB_PLL40_CORE" "SB_PLL40_CORE" 2 2425;
 .timescale -12 -12;
    .port_info 0 /INPUT 1 "REFERENCECLK";
    .port_info 1 /OUTPUT 1 "PLLOUTCORE";
    .port_info 2 /OUTPUT 1 "PLLOUTGLOBAL";
    .port_info 3 /INPUT 1 "EXTFEEDBACK";
    .port_info 4 /INPUT 8 "DYNAMICDELAY";
    .port_info 5 /OUTPUT 1 "LOCK";
    .port_info 6 /INPUT 1 "BYPASS";
    .port_info 7 /INPUT 1 "RESETB";
    .port_info 8 /INPUT 1 "LATCHINPUTVALUE";
    .port_info 9 /OUTPUT 1 "SDO";
    .port_info 10 /INPUT 1 "SDI";
    .port_info 11 /INPUT 1 "SCLK";
P_0000000004bd8140 .param/str "DELAY_ADJUSTMENT_MODE_FEEDBACK" 0 2 2440, "FIXED";
P_0000000004bd8178 .param/str "DELAY_ADJUSTMENT_MODE_RELATIVE" 0 2 2441, "FIXED";
P_0000000004bd81b0 .param/l "DIVF" 0 2 2447, C4<0000000>;
P_0000000004bd81e8 .param/l "DIVQ" 0 2 2448, C4<000>;
P_0000000004bd8220 .param/l "DIVR" 0 2 2446, C4<0000>;
P_0000000004bd8258 .param/l "ENABLE_ICEGATE" 0 2 2450, C4<0>;
P_0000000004bd8290 .param/l "EXTERNAL_DIVIDE_FACTOR" 0 2 2452, +C4<00000000000000000000000000000001>;
P_0000000004bd82c8 .param/l "FDA_FEEDBACK" 0 2 2443, C4<0000>;
P_0000000004bd8300 .param/l "FDA_RELATIVE" 0 2 2444, C4<0000>;
P_0000000004bd8338 .param/str "FEEDBACK_PATH" 0 2 2439, "SIMPLE";
P_0000000004bd8370 .param/l "FILTER_RANGE" 0 2 2449, C4<000>;
P_0000000004bd83a8 .param/str "PLLOUT_SELECT" 0 2 2445, "GENCLK";
P_0000000004bd83e0 .param/l "SHIFTREG_DIV_MODE" 0 2 2442, C4<0>;
P_0000000004bd8418 .param/l "TEST_MODE" 0 2 2451, C4<0>;
o000000000669cfe8 .functor BUFZ 1, C4<z>; HiZ drive
v0000000006701140_0 .net "BYPASS", 0 0, o000000000669cfe8;  0 drivers
o000000000669d018 .functor BUFZ 8, C4<zzzzzzzz>; HiZ drive
v00000000067009c0_0 .net "DYNAMICDELAY", 7 0, o000000000669d018;  0 drivers
o000000000669d048 .functor BUFZ 1, C4<z>; HiZ drive
v00000000066fec60_0 .net "EXTFEEDBACK", 0 0, o000000000669d048;  0 drivers
o000000000669d078 .functor BUFZ 1, C4<z>; HiZ drive
v0000000006700a60_0 .net "LATCHINPUTVALUE", 0 0, o000000000669d078;  0 drivers
o000000000669d0a8 .functor BUFZ 1, C4<z>; HiZ drive
v00000000066fef80_0 .net "LOCK", 0 0, o000000000669d0a8;  0 drivers
o000000000669d0d8 .functor BUFZ 1, C4<z>; HiZ drive
v0000000006700c40_0 .net "PLLOUTCORE", 0 0, o000000000669d0d8;  0 drivers
o000000000669d108 .functor BUFZ 1, C4<z>; HiZ drive
v00000000066febc0_0 .net "PLLOUTGLOBAL", 0 0, o000000000669d108;  0 drivers
o000000000669d138 .functor BUFZ 1, C4<z>; HiZ drive
v00000000066ff5c0_0 .net "REFERENCECLK", 0 0, o000000000669d138;  0 drivers
o000000000669d168 .functor BUFZ 1, C4<z>; HiZ drive
v00000000066ff520_0 .net "RESETB", 0 0, o000000000669d168;  0 drivers
o000000000669d198 .functor BUFZ 1, C4<z>; HiZ drive
v00000000066ff2a0_0 .net "SCLK", 0 0, o000000000669d198;  0 drivers
o000000000669d1c8 .functor BUFZ 1, C4<z>; HiZ drive
v0000000006700060_0 .net "SDI", 0 0, o000000000669d1c8;  0 drivers
o000000000669d1f8 .functor BUFZ 1, C4<z>; HiZ drive
v00000000067001a0_0 .net "SDO", 0 0, o000000000669d1f8;  0 drivers
S_000000000667dc00 .scope module, "SB_PLL40_PAD" "SB_PLL40_PAD" 2 2456;
 .timescale -12 -12;
    .port_info 0 /INPUT 1 "PACKAGEPIN";
    .port_info 1 /OUTPUT 1 "PLLOUTCORE";
    .port_info 2 /OUTPUT 1 "PLLOUTGLOBAL";
    .port_info 3 /INPUT 1 "EXTFEEDBACK";
    .port_info 4 /INPUT 8 "DYNAMICDELAY";
    .port_info 5 /OUTPUT 1 "LOCK";
    .port_info 6 /INPUT 1 "BYPASS";
    .port_info 7 /INPUT 1 "RESETB";
    .port_info 8 /INPUT 1 "LATCHINPUTVALUE";
    .port_info 9 /OUTPUT 1 "SDO";
    .port_info 10 /INPUT 1 "SDI";
    .port_info 11 /INPUT 1 "SCLK";
P_0000000004bcd8f0 .param/str "DELAY_ADJUSTMENT_MODE_FEEDBACK" 0 2 2471, "FIXED";
P_0000000004bcd928 .param/str "DELAY_ADJUSTMENT_MODE_RELATIVE" 0 2 2472, "FIXED";
P_0000000004bcd960 .param/l "DIVF" 0 2 2478, C4<0000000>;
P_0000000004bcd998 .param/l "DIVQ" 0 2 2479, C4<000>;
P_0000000004bcd9d0 .param/l "DIVR" 0 2 2477, C4<0000>;
P_0000000004bcda08 .param/l "ENABLE_ICEGATE" 0 2 2481, C4<0>;
P_0000000004bcda40 .param/l "EXTERNAL_DIVIDE_FACTOR" 0 2 2483, +C4<00000000000000000000000000000001>;
P_0000000004bcda78 .param/l "FDA_FEEDBACK" 0 2 2474, C4<0000>;
P_0000000004bcdab0 .param/l "FDA_RELATIVE" 0 2 2475, C4<0000>;
P_0000000004bcdae8 .param/str "FEEDBACK_PATH" 0 2 2470, "SIMPLE";
P_0000000004bcdb20 .param/l "FILTER_RANGE" 0 2 2480, C4<000>;
P_0000000004bcdb58 .param/str "PLLOUT_SELECT" 0 2 2476, "GENCLK";
P_0000000004bcdb90 .param/l "SHIFTREG_DIV_MODE" 0 2 2473, C4<0>;
P_0000000004bcdbc8 .param/l "TEST_MODE" 0 2 2482, C4<0>;
o000000000669d468 .functor BUFZ 1, C4<z>; HiZ drive
v0000000006700e20_0 .net "BYPASS", 0 0, o000000000669d468;  0 drivers
o000000000669d498 .functor BUFZ 8, C4<zzzzzzzz>; HiZ drive
v00000000067007e0_0 .net "DYNAMICDELAY", 7 0, o000000000669d498;  0 drivers
o000000000669d4c8 .functor BUFZ 1, C4<z>; HiZ drive
v00000000066ffde0_0 .net "EXTFEEDBACK", 0 0, o000000000669d4c8;  0 drivers
o000000000669d4f8 .functor BUFZ 1, C4<z>; HiZ drive
v0000000006700420_0 .net "LATCHINPUTVALUE", 0 0, o000000000669d4f8;  0 drivers
o000000000669d528 .functor BUFZ 1, C4<z>; HiZ drive
v00000000066fed00_0 .net "LOCK", 0 0, o000000000669d528;  0 drivers
o000000000669d558 .functor BUFZ 1, C4<z>; HiZ drive
v00000000066ff660_0 .net "PACKAGEPIN", 0 0, o000000000669d558;  0 drivers
o000000000669d588 .functor BUFZ 1, C4<z>; HiZ drive
v00000000066fee40_0 .net "PLLOUTCORE", 0 0, o000000000669d588;  0 drivers
o000000000669d5b8 .functor BUFZ 1, C4<z>; HiZ drive
v0000000006700ec0_0 .net "PLLOUTGLOBAL", 0 0, o000000000669d5b8;  0 drivers
o000000000669d5e8 .functor BUFZ 1, C4<z>; HiZ drive
v00000000066ff700_0 .net "RESETB", 0 0, o000000000669d5e8;  0 drivers
o000000000669d618 .functor BUFZ 1, C4<z>; HiZ drive
v00000000066ff160_0 .net "SCLK", 0 0, o000000000669d618;  0 drivers
o000000000669d648 .functor BUFZ 1, C4<z>; HiZ drive
v00000000067010a0_0 .net "SDI", 0 0, o000000000669d648;  0 drivers
o000000000669d678 .functor BUFZ 1, C4<z>; HiZ drive
v0000000006700b00_0 .net "SDO", 0 0, o000000000669d678;  0 drivers
S_000000000667be50 .scope module, "SB_RAM40_4KNR" "SB_RAM40_4KNR" 2 1726;
 .timescale -12 -12;
    .port_info 0 /OUTPUT 16 "RDATA";
    .port_info 1 /INPUT 1 "RCLKN";
    .port_info 2 /INPUT 1 "RCLKE";
    .port_info 3 /INPUT 1 "RE";
    .port_info 4 /INPUT 11 "RADDR";
    .port_info 5 /INPUT 1 "WCLK";
    .port_info 6 /INPUT 1 "WCLKE";
    .port_info 7 /INPUT 1 "WE";
    .port_info 8 /INPUT 11 "WADDR";
    .port_info 9 /INPUT 16 "MASK";
    .port_info 10 /INPUT 16 "WDATA";
P_0000000004bcbc00 .param/l "INIT_0" 0 2 1742, C4<0000000000000000000000000000000000000000000000000000000000000000000000000000000000000000000000000000000000000000000000000000000000000000000000000000000000000000000000000000000000000000000000000000000000000000000000000000000000000000000000000000000000000000>;
P_0000000004bcbc38 .param/l "INIT_1" 0 2 1743, C4<0000000000000000000000000000000000000000000000000000000000000000000000000000000000000000000000000000000000000000000000000000000000000000000000000000000000000000000000000000000000000000000000000000000000000000000000000000000000000000000000000000000000000000>;
P_0000000004bcbc70 .param/l "INIT_2" 0 2 1744, C4<0000000000000000000000000000000000000000000000000000000000000000000000000000000000000000000000000000000000000000000000000000000000000000000000000000000000000000000000000000000000000000000000000000000000000000000000000000000000000000000000000000000000000000>;
P_0000000004bcbca8 .param/l "INIT_3" 0 2 1745, C4<0000000000000000000000000000000000000000000000000000000000000000000000000000000000000000000000000000000000000000000000000000000000000000000000000000000000000000000000000000000000000000000000000000000000000000000000000000000000000000000000000000000000000000>;
P_0000000004bcbce0 .param/l "INIT_4" 0 2 1746, C4<0000000000000000000000000000000000000000000000000000000000000000000000000000000000000000000000000000000000000000000000000000000000000000000000000000000000000000000000000000000000000000000000000000000000000000000000000000000000000000000000000000000000000000>;
P_0000000004bcbd18 .param/l "INIT_5" 0 2 1747, C4<0000000000000000000000000000000000000000000000000000000000000000000000000000000000000000000000000000000000000000000000000000000000000000000000000000000000000000000000000000000000000000000000000000000000000000000000000000000000000000000000000000000000000000>;
P_0000000004bcbd50 .param/l "INIT_6" 0 2 1748, C4<0000000000000000000000000000000000000000000000000000000000000000000000000000000000000000000000000000000000000000000000000000000000000000000000000000000000000000000000000000000000000000000000000000000000000000000000000000000000000000000000000000000000000000>;
P_0000000004bcbd88 .param/l "INIT_7" 0 2 1749, C4<0000000000000000000000000000000000000000000000000000000000000000000000000000000000000000000000000000000000000000000000000000000000000000000000000000000000000000000000000000000000000000000000000000000000000000000000000000000000000000000000000000000000000000>;
P_0000000004bcbdc0 .param/l "INIT_8" 0 2 1750, C4<0000000000000000000000000000000000000000000000000000000000000000000000000000000000000000000000000000000000000000000000000000000000000000000000000000000000000000000000000000000000000000000000000000000000000000000000000000000000000000000000000000000000000000>;
P_0000000004bcbdf8 .param/l "INIT_9" 0 2 1751, C4<0000000000000000000000000000000000000000000000000000000000000000000000000000000000000000000000000000000000000000000000000000000000000000000000000000000000000000000000000000000000000000000000000000000000000000000000000000000000000000000000000000000000000000>;
P_0000000004bcbe30 .param/l "INIT_A" 0 2 1752, C4<0000000000000000000000000000000000000000000000000000000000000000000000000000000000000000000000000000000000000000000000000000000000000000000000000000000000000000000000000000000000000000000000000000000000000000000000000000000000000000000000000000000000000000>;
P_0000000004bcbe68 .param/l "INIT_B" 0 2 1753, C4<0000000000000000000000000000000000000000000000000000000000000000000000000000000000000000000000000000000000000000000000000000000000000000000000000000000000000000000000000000000000000000000000000000000000000000000000000000000000000000000000000000000000000000>;
P_0000000004bcbea0 .param/l "INIT_C" 0 2 1754, C4<0000000000000000000000000000000000000000000000000000000000000000000000000000000000000000000000000000000000000000000000000000000000000000000000000000000000000000000000000000000000000000000000000000000000000000000000000000000000000000000000000000000000000000>;
P_0000000004bcbed8 .param/l "INIT_D" 0 2 1755, C4<0000000000000000000000000000000000000000000000000000000000000000000000000000000000000000000000000000000000000000000000000000000000000000000000000000000000000000000000000000000000000000000000000000000000000000000000000000000000000000000000000000000000000000>;
P_0000000004bcbf10 .param/l "INIT_E" 0 2 1756, C4<0000000000000000000000000000000000000000000000000000000000000000000000000000000000000000000000000000000000000000000000000000000000000000000000000000000000000000000000000000000000000000000000000000000000000000000000000000000000000000000000000000000000000000>;
P_0000000004bcbf48 .param/l "INIT_F" 0 2 1757, C4<0000000000000000000000000000000000000000000000000000000000000000000000000000000000000000000000000000000000000000000000000000000000000000000000000000000000000000000000000000000000000000000000000000000000000000000000000000000000000000000000000000000000000000>;
P_0000000004bcbf80 .param/str "INIT_FILE" 0 2 1759, "\000";
P_0000000004bcbfb8 .param/l "READ_MODE" 0 2 1740, +C4<00000000000000000000000000000000>;
P_0000000004bcbff0 .param/l "WRITE_MODE" 0 2 1739, +C4<00000000000000000000000000000000>;
o000000000669ddf8 .functor BUFZ 1, C4<z>; HiZ drive
L_0000000006676690 .functor NOT 1, o000000000669ddf8, C4<0>, C4<0>, C4<0>;
o000000000669d8e8 .functor BUFZ 16, C4<zzzzzzzzzzzzzzzz>; HiZ drive
v00000000066ff480_0 .net "MASK", 15 0, o000000000669d8e8;  0 drivers
o000000000669d918 .functor BUFZ 11, C4<zzzzzzzzzzz>; HiZ drive
v00000000066ff3e0_0 .net "RADDR", 10 0, o000000000669d918;  0 drivers
o000000000669d978 .functor BUFZ 1, C4<z>; HiZ drive
v00000000066fffc0_0 .net "RCLKE", 0 0, o000000000669d978;  0 drivers
v00000000067004c0_0 .net "RCLKN", 0 0, o000000000669ddf8;  0 drivers
v0000000006700ba0_0 .net "RDATA", 15 0, L_00000000066763f0;  1 drivers
o000000000669da08 .functor BUFZ 1, C4<z>; HiZ drive
v00000000066feb20_0 .net "RE", 0 0, o000000000669da08;  0 drivers
o000000000669da68 .functor BUFZ 11, C4<zzzzzzzzzzz>; HiZ drive
v00000000066ff980_0 .net "WADDR", 10 0, o000000000669da68;  0 drivers
o000000000669da98 .functor BUFZ 1, C4<z>; HiZ drive
v0000000006700240_0 .net "WCLK", 0 0, o000000000669da98;  0 drivers
o000000000669dac8 .functor BUFZ 1, C4<z>; HiZ drive
v00000000066ffac0_0 .net "WCLKE", 0 0, o000000000669dac8;  0 drivers
o000000000669daf8 .functor BUFZ 16, C4<zzzzzzzzzzzzzzzz>; HiZ drive
v0000000006700560_0 .net "WDATA", 15 0, o000000000669daf8;  0 drivers
o000000000669db58 .functor BUFZ 1, C4<z>; HiZ drive
v0000000006700ce0_0 .net "WE", 0 0, o000000000669db58;  0 drivers
S_000000000668ec80 .scope module, "RAM" "SB_RAM40_4K" 2 1781, 2 1487 0, S_000000000667be50;
 .timescale -12 -12;
    .port_info 0 /OUTPUT 16 "RDATA";
    .port_info 1 /INPUT 1 "RCLK";
    .port_info 2 /INPUT 1 "RCLKE";
    .port_info 3 /INPUT 1 "RE";
    .port_info 4 /INPUT 11 "RADDR";
    .port_info 5 /INPUT 1 "WCLK";
    .port_info 6 /INPUT 1 "WCLKE";
    .port_info 7 /INPUT 1 "WE";
    .port_info 8 /INPUT 11 "WADDR";
    .port_info 9 /INPUT 16 "MASK";
    .port_info 10 /INPUT 16 "WDATA";
P_00000000067022e0 .param/l "INIT_0" 0 2 1507, C4<0000000000000000000000000000000000000000000000000000000000000000000000000000000000000000000000000000000000000000000000000000000000000000000000000000000000000000000000000000000000000000000000000000000000000000000000000000000000000000000000000000000000000000>;
P_0000000006702318 .param/l "INIT_1" 0 2 1508, C4<0000000000000000000000000000000000000000000000000000000000000000000000000000000000000000000000000000000000000000000000000000000000000000000000000000000000000000000000000000000000000000000000000000000000000000000000000000000000000000000000000000000000000000>;
P_0000000006702350 .param/l "INIT_2" 0 2 1509, C4<0000000000000000000000000000000000000000000000000000000000000000000000000000000000000000000000000000000000000000000000000000000000000000000000000000000000000000000000000000000000000000000000000000000000000000000000000000000000000000000000000000000000000000>;
P_0000000006702388 .param/l "INIT_3" 0 2 1510, C4<0000000000000000000000000000000000000000000000000000000000000000000000000000000000000000000000000000000000000000000000000000000000000000000000000000000000000000000000000000000000000000000000000000000000000000000000000000000000000000000000000000000000000000>;
P_00000000067023c0 .param/l "INIT_4" 0 2 1511, C4<0000000000000000000000000000000000000000000000000000000000000000000000000000000000000000000000000000000000000000000000000000000000000000000000000000000000000000000000000000000000000000000000000000000000000000000000000000000000000000000000000000000000000000>;
P_00000000067023f8 .param/l "INIT_5" 0 2 1512, C4<0000000000000000000000000000000000000000000000000000000000000000000000000000000000000000000000000000000000000000000000000000000000000000000000000000000000000000000000000000000000000000000000000000000000000000000000000000000000000000000000000000000000000000>;
P_0000000006702430 .param/l "INIT_6" 0 2 1513, C4<0000000000000000000000000000000000000000000000000000000000000000000000000000000000000000000000000000000000000000000000000000000000000000000000000000000000000000000000000000000000000000000000000000000000000000000000000000000000000000000000000000000000000000>;
P_0000000006702468 .param/l "INIT_7" 0 2 1514, C4<0000000000000000000000000000000000000000000000000000000000000000000000000000000000000000000000000000000000000000000000000000000000000000000000000000000000000000000000000000000000000000000000000000000000000000000000000000000000000000000000000000000000000000>;
P_00000000067024a0 .param/l "INIT_8" 0 2 1515, C4<0000000000000000000000000000000000000000000000000000000000000000000000000000000000000000000000000000000000000000000000000000000000000000000000000000000000000000000000000000000000000000000000000000000000000000000000000000000000000000000000000000000000000000>;
P_00000000067024d8 .param/l "INIT_9" 0 2 1516, C4<0000000000000000000000000000000000000000000000000000000000000000000000000000000000000000000000000000000000000000000000000000000000000000000000000000000000000000000000000000000000000000000000000000000000000000000000000000000000000000000000000000000000000000>;
P_0000000006702510 .param/l "INIT_A" 0 2 1517, C4<0000000000000000000000000000000000000000000000000000000000000000000000000000000000000000000000000000000000000000000000000000000000000000000000000000000000000000000000000000000000000000000000000000000000000000000000000000000000000000000000000000000000000000>;
P_0000000006702548 .param/l "INIT_B" 0 2 1518, C4<0000000000000000000000000000000000000000000000000000000000000000000000000000000000000000000000000000000000000000000000000000000000000000000000000000000000000000000000000000000000000000000000000000000000000000000000000000000000000000000000000000000000000000>;
P_0000000006702580 .param/l "INIT_C" 0 2 1519, C4<0000000000000000000000000000000000000000000000000000000000000000000000000000000000000000000000000000000000000000000000000000000000000000000000000000000000000000000000000000000000000000000000000000000000000000000000000000000000000000000000000000000000000000>;
P_00000000067025b8 .param/l "INIT_D" 0 2 1520, C4<0000000000000000000000000000000000000000000000000000000000000000000000000000000000000000000000000000000000000000000000000000000000000000000000000000000000000000000000000000000000000000000000000000000000000000000000000000000000000000000000000000000000000000>;
P_00000000067025f0 .param/l "INIT_E" 0 2 1521, C4<0000000000000000000000000000000000000000000000000000000000000000000000000000000000000000000000000000000000000000000000000000000000000000000000000000000000000000000000000000000000000000000000000000000000000000000000000000000000000000000000000000000000000000>;
P_0000000006702628 .param/l "INIT_F" 0 2 1522, C4<0000000000000000000000000000000000000000000000000000000000000000000000000000000000000000000000000000000000000000000000000000000000000000000000000000000000000000000000000000000000000000000000000000000000000000000000000000000000000000000000000000000000000000>;
P_0000000006702660 .param/str "INIT_FILE" 0 2 1524, "\000";
P_0000000006702698 .param/l "READ_MODE" 0 2 1505, +C4<00000000000000000000000000000000>;
P_00000000067026d0 .param/l "WRITE_MODE" 0 2 1504, +C4<00000000000000000000000000000000>;
v00000000066feda0_0 .net "MASK", 15 0, o000000000669d8e8;  alias, 0 drivers
v00000000066ffe80_0 .net "RADDR", 10 0, o000000000669d918;  alias, 0 drivers
v00000000066ff7a0_0 .net "RCLK", 0 0, L_0000000006676690;  1 drivers
v00000000066ff020_0 .net "RCLKE", 0 0, o000000000669d978;  alias, 0 drivers
v00000000067006a0_0 .net "RDATA", 15 0, L_00000000066763f0;  alias, 1 drivers
v00000000066fff20_0 .var "RDATA_I", 15 0;
v00000000066ff200_0 .net "RE", 0 0, o000000000669da08;  alias, 0 drivers
L_0000000006712010 .functor BUFT 1, C4<0000000000000000>, C4<0>, C4<0>, C4<0>;
v0000000006700100_0 .net "RMASK_I", 15 0, L_0000000006712010;  1 drivers
v00000000066ff840_0 .net "WADDR", 10 0, o000000000669da68;  alias, 0 drivers
v00000000066ffd40_0 .net "WCLK", 0 0, o000000000669da98;  alias, 0 drivers
v0000000006700f60_0 .net "WCLKE", 0 0, o000000000669dac8;  alias, 0 drivers
v00000000066feee0_0 .net "WDATA", 15 0, o000000000669daf8;  alias, 0 drivers
v0000000006701000_0 .net "WDATA_I", 15 0, L_0000000006676380;  1 drivers
v00000000067011e0_0 .net "WE", 0 0, o000000000669db58;  alias, 0 drivers
v00000000066ffa20_0 .net "WMASK_I", 15 0, L_0000000006676310;  1 drivers
v00000000066ff8e0_0 .var/i "i", 31 0;
v00000000066ff340 .array "memory", 255 0, 15 0;
E_0000000006653ef0 .event posedge, v00000000066ff7a0_0;
E_00000000066543f0 .event posedge, v00000000066ffd40_0;
S_000000000668ee10 .scope generate, "genblk1" "genblk1" 2 1534, 2 1534 0, S_000000000668ec80;
 .timescale -12 -12;
L_0000000006676310 .functor BUFZ 16, o000000000669d8e8, C4<0000000000000000>, C4<0000000000000000>, C4<0000000000000000>;
S_000000000668e190 .scope generate, "genblk2" "genblk2" 2 1555, 2 1555 0, S_000000000668ec80;
 .timescale -12 -12;
S_0000000006703ed0 .scope generate, "genblk3" "genblk3" 2 1576, 2 1576 0, S_000000000668ec80;
 .timescale -12 -12;
L_0000000006676380 .functor BUFZ 16, o000000000669daf8, C4<0000000000000000>, C4<0000000000000000>, C4<0000000000000000>;
S_0000000006704060 .scope generate, "genblk4" "genblk4" 2 1595, 2 1595 0, S_000000000668ec80;
 .timescale -12 -12;
L_00000000066763f0 .functor BUFZ 16, v00000000066fff20_0, C4<0000000000000000>, C4<0000000000000000>, C4<0000000000000000>;
S_000000000667c170 .scope module, "SB_RAM40_4KNRNW" "SB_RAM40_4KNRNW" 2 1998;
 .timescale -12 -12;
    .port_info 0 /OUTPUT 16 "RDATA";
    .port_info 1 /INPUT 1 "RCLKN";
    .port_info 2 /INPUT 1 "RCLKE";
    .port_info 3 /INPUT 1 "RE";
    .port_info 4 /INPUT 11 "RADDR";
    .port_info 5 /INPUT 1 "WCLKN";
    .port_info 6 /INPUT 1 "WCLKE";
    .port_info 7 /INPUT 1 "WE";
    .port_info 8 /INPUT 11 "WADDR";
    .port_info 9 /INPUT 16 "MASK";
    .port_info 10 /INPUT 16 "WDATA";
P_0000000004bcb680 .param/l "INIT_0" 0 2 2014, C4<0000000000000000000000000000000000000000000000000000000000000000000000000000000000000000000000000000000000000000000000000000000000000000000000000000000000000000000000000000000000000000000000000000000000000000000000000000000000000000000000000000000000000000>;
P_0000000004bcb6b8 .param/l "INIT_1" 0 2 2015, C4<0000000000000000000000000000000000000000000000000000000000000000000000000000000000000000000000000000000000000000000000000000000000000000000000000000000000000000000000000000000000000000000000000000000000000000000000000000000000000000000000000000000000000000>;
P_0000000004bcb6f0 .param/l "INIT_2" 0 2 2016, C4<0000000000000000000000000000000000000000000000000000000000000000000000000000000000000000000000000000000000000000000000000000000000000000000000000000000000000000000000000000000000000000000000000000000000000000000000000000000000000000000000000000000000000000>;
P_0000000004bcb728 .param/l "INIT_3" 0 2 2017, C4<0000000000000000000000000000000000000000000000000000000000000000000000000000000000000000000000000000000000000000000000000000000000000000000000000000000000000000000000000000000000000000000000000000000000000000000000000000000000000000000000000000000000000000>;
P_0000000004bcb760 .param/l "INIT_4" 0 2 2018, C4<0000000000000000000000000000000000000000000000000000000000000000000000000000000000000000000000000000000000000000000000000000000000000000000000000000000000000000000000000000000000000000000000000000000000000000000000000000000000000000000000000000000000000000>;
P_0000000004bcb798 .param/l "INIT_5" 0 2 2019, C4<0000000000000000000000000000000000000000000000000000000000000000000000000000000000000000000000000000000000000000000000000000000000000000000000000000000000000000000000000000000000000000000000000000000000000000000000000000000000000000000000000000000000000000>;
P_0000000004bcb7d0 .param/l "INIT_6" 0 2 2020, C4<0000000000000000000000000000000000000000000000000000000000000000000000000000000000000000000000000000000000000000000000000000000000000000000000000000000000000000000000000000000000000000000000000000000000000000000000000000000000000000000000000000000000000000>;
P_0000000004bcb808 .param/l "INIT_7" 0 2 2021, C4<0000000000000000000000000000000000000000000000000000000000000000000000000000000000000000000000000000000000000000000000000000000000000000000000000000000000000000000000000000000000000000000000000000000000000000000000000000000000000000000000000000000000000000>;
P_0000000004bcb840 .param/l "INIT_8" 0 2 2022, C4<0000000000000000000000000000000000000000000000000000000000000000000000000000000000000000000000000000000000000000000000000000000000000000000000000000000000000000000000000000000000000000000000000000000000000000000000000000000000000000000000000000000000000000>;
P_0000000004bcb878 .param/l "INIT_9" 0 2 2023, C4<0000000000000000000000000000000000000000000000000000000000000000000000000000000000000000000000000000000000000000000000000000000000000000000000000000000000000000000000000000000000000000000000000000000000000000000000000000000000000000000000000000000000000000>;
P_0000000004bcb8b0 .param/l "INIT_A" 0 2 2024, C4<0000000000000000000000000000000000000000000000000000000000000000000000000000000000000000000000000000000000000000000000000000000000000000000000000000000000000000000000000000000000000000000000000000000000000000000000000000000000000000000000000000000000000000>;
P_0000000004bcb8e8 .param/l "INIT_B" 0 2 2025, C4<0000000000000000000000000000000000000000000000000000000000000000000000000000000000000000000000000000000000000000000000000000000000000000000000000000000000000000000000000000000000000000000000000000000000000000000000000000000000000000000000000000000000000000>;
P_0000000004bcb920 .param/l "INIT_C" 0 2 2026, C4<0000000000000000000000000000000000000000000000000000000000000000000000000000000000000000000000000000000000000000000000000000000000000000000000000000000000000000000000000000000000000000000000000000000000000000000000000000000000000000000000000000000000000000>;
P_0000000004bcb958 .param/l "INIT_D" 0 2 2027, C4<0000000000000000000000000000000000000000000000000000000000000000000000000000000000000000000000000000000000000000000000000000000000000000000000000000000000000000000000000000000000000000000000000000000000000000000000000000000000000000000000000000000000000000>;
P_0000000004bcb990 .param/l "INIT_E" 0 2 2028, C4<0000000000000000000000000000000000000000000000000000000000000000000000000000000000000000000000000000000000000000000000000000000000000000000000000000000000000000000000000000000000000000000000000000000000000000000000000000000000000000000000000000000000000000>;
P_0000000004bcb9c8 .param/l "INIT_F" 0 2 2029, C4<0000000000000000000000000000000000000000000000000000000000000000000000000000000000000000000000000000000000000000000000000000000000000000000000000000000000000000000000000000000000000000000000000000000000000000000000000000000000000000000000000000000000000000>;
P_0000000004bcba00 .param/str "INIT_FILE" 0 2 2031, "\000";
P_0000000004bcba38 .param/l "READ_MODE" 0 2 2012, +C4<00000000000000000000000000000000>;
P_0000000004bcba70 .param/l "WRITE_MODE" 0 2 2011, +C4<00000000000000000000000000000000>;
o000000000669e548 .functor BUFZ 1, C4<z>; HiZ drive
L_0000000006676a80 .functor NOT 1, o000000000669e548, C4<0>, C4<0>, C4<0>;
o000000000669e578 .functor BUFZ 1, C4<z>; HiZ drive
L_0000000006676af0 .functor NOT 1, o000000000669e578, C4<0>, C4<0>, C4<0>;
o000000000669e038 .functor BUFZ 16, C4<zzzzzzzzzzzzzzzz>; HiZ drive
v0000000006701500_0 .net "MASK", 15 0, o000000000669e038;  0 drivers
o000000000669e068 .functor BUFZ 11, C4<zzzzzzzzzzz>; HiZ drive
v00000000067015a0_0 .net "RADDR", 10 0, o000000000669e068;  0 drivers
o000000000669e0c8 .functor BUFZ 1, C4<z>; HiZ drive
v000000000670a6c0_0 .net "RCLKE", 0 0, o000000000669e0c8;  0 drivers
v000000000670b5c0_0 .net "RCLKN", 0 0, o000000000669e548;  0 drivers
v00000000067099a0_0 .net "RDATA", 15 0, L_0000000006676850;  1 drivers
o000000000669e158 .functor BUFZ 1, C4<z>; HiZ drive
v000000000670ab20_0 .net "RE", 0 0, o000000000669e158;  0 drivers
o000000000669e1b8 .functor BUFZ 11, C4<zzzzzzzzzzz>; HiZ drive
v000000000670a080_0 .net "WADDR", 10 0, o000000000669e1b8;  0 drivers
o000000000669e218 .functor BUFZ 1, C4<z>; HiZ drive
v000000000670b020_0 .net "WCLKE", 0 0, o000000000669e218;  0 drivers
v0000000006709c20_0 .net "WCLKN", 0 0, o000000000669e578;  0 drivers
o000000000669e248 .functor BUFZ 16, C4<zzzzzzzzzzzzzzzz>; HiZ drive
v000000000670a760_0 .net "WDATA", 15 0, o000000000669e248;  0 drivers
o000000000669e2a8 .functor BUFZ 1, C4<z>; HiZ drive
v000000000670abc0_0 .net "WE", 0 0, o000000000669e2a8;  0 drivers
S_00000000067041f0 .scope module, "RAM" "SB_RAM40_4K" 2 2053, 2 1487 0, S_000000000667c170;
 .timescale -12 -12;
    .port_info 0 /OUTPUT 16 "RDATA";
    .port_info 1 /INPUT 1 "RCLK";
    .port_info 2 /INPUT 1 "RCLKE";
    .port_info 3 /INPUT 1 "RE";
    .port_info 4 /INPUT 11 "RADDR";
    .port_info 5 /INPUT 1 "WCLK";
    .port_info 6 /INPUT 1 "WCLKE";
    .port_info 7 /INPUT 1 "WE";
    .port_info 8 /INPUT 11 "WADDR";
    .port_info 9 /INPUT 16 "MASK";
    .port_info 10 /INPUT 16 "WDATA";
P_0000000006704b20 .param/l "INIT_0" 0 2 1507, C4<0000000000000000000000000000000000000000000000000000000000000000000000000000000000000000000000000000000000000000000000000000000000000000000000000000000000000000000000000000000000000000000000000000000000000000000000000000000000000000000000000000000000000000>;
P_0000000006704b58 .param/l "INIT_1" 0 2 1508, C4<0000000000000000000000000000000000000000000000000000000000000000000000000000000000000000000000000000000000000000000000000000000000000000000000000000000000000000000000000000000000000000000000000000000000000000000000000000000000000000000000000000000000000000>;
P_0000000006704b90 .param/l "INIT_2" 0 2 1509, C4<0000000000000000000000000000000000000000000000000000000000000000000000000000000000000000000000000000000000000000000000000000000000000000000000000000000000000000000000000000000000000000000000000000000000000000000000000000000000000000000000000000000000000000>;
P_0000000006704bc8 .param/l "INIT_3" 0 2 1510, C4<0000000000000000000000000000000000000000000000000000000000000000000000000000000000000000000000000000000000000000000000000000000000000000000000000000000000000000000000000000000000000000000000000000000000000000000000000000000000000000000000000000000000000000>;
P_0000000006704c00 .param/l "INIT_4" 0 2 1511, C4<0000000000000000000000000000000000000000000000000000000000000000000000000000000000000000000000000000000000000000000000000000000000000000000000000000000000000000000000000000000000000000000000000000000000000000000000000000000000000000000000000000000000000000>;
P_0000000006704c38 .param/l "INIT_5" 0 2 1512, C4<0000000000000000000000000000000000000000000000000000000000000000000000000000000000000000000000000000000000000000000000000000000000000000000000000000000000000000000000000000000000000000000000000000000000000000000000000000000000000000000000000000000000000000>;
P_0000000006704c70 .param/l "INIT_6" 0 2 1513, C4<0000000000000000000000000000000000000000000000000000000000000000000000000000000000000000000000000000000000000000000000000000000000000000000000000000000000000000000000000000000000000000000000000000000000000000000000000000000000000000000000000000000000000000>;
P_0000000006704ca8 .param/l "INIT_7" 0 2 1514, C4<0000000000000000000000000000000000000000000000000000000000000000000000000000000000000000000000000000000000000000000000000000000000000000000000000000000000000000000000000000000000000000000000000000000000000000000000000000000000000000000000000000000000000000>;
P_0000000006704ce0 .param/l "INIT_8" 0 2 1515, C4<0000000000000000000000000000000000000000000000000000000000000000000000000000000000000000000000000000000000000000000000000000000000000000000000000000000000000000000000000000000000000000000000000000000000000000000000000000000000000000000000000000000000000000>;
P_0000000006704d18 .param/l "INIT_9" 0 2 1516, C4<0000000000000000000000000000000000000000000000000000000000000000000000000000000000000000000000000000000000000000000000000000000000000000000000000000000000000000000000000000000000000000000000000000000000000000000000000000000000000000000000000000000000000000>;
P_0000000006704d50 .param/l "INIT_A" 0 2 1517, C4<0000000000000000000000000000000000000000000000000000000000000000000000000000000000000000000000000000000000000000000000000000000000000000000000000000000000000000000000000000000000000000000000000000000000000000000000000000000000000000000000000000000000000000>;
P_0000000006704d88 .param/l "INIT_B" 0 2 1518, C4<0000000000000000000000000000000000000000000000000000000000000000000000000000000000000000000000000000000000000000000000000000000000000000000000000000000000000000000000000000000000000000000000000000000000000000000000000000000000000000000000000000000000000000>;
P_0000000006704dc0 .param/l "INIT_C" 0 2 1519, C4<0000000000000000000000000000000000000000000000000000000000000000000000000000000000000000000000000000000000000000000000000000000000000000000000000000000000000000000000000000000000000000000000000000000000000000000000000000000000000000000000000000000000000000>;
P_0000000006704df8 .param/l "INIT_D" 0 2 1520, C4<0000000000000000000000000000000000000000000000000000000000000000000000000000000000000000000000000000000000000000000000000000000000000000000000000000000000000000000000000000000000000000000000000000000000000000000000000000000000000000000000000000000000000000>;
P_0000000006704e30 .param/l "INIT_E" 0 2 1521, C4<0000000000000000000000000000000000000000000000000000000000000000000000000000000000000000000000000000000000000000000000000000000000000000000000000000000000000000000000000000000000000000000000000000000000000000000000000000000000000000000000000000000000000000>;
P_0000000006704e68 .param/l "INIT_F" 0 2 1522, C4<0000000000000000000000000000000000000000000000000000000000000000000000000000000000000000000000000000000000000000000000000000000000000000000000000000000000000000000000000000000000000000000000000000000000000000000000000000000000000000000000000000000000000000>;
P_0000000006704ea0 .param/str "INIT_FILE" 0 2 1524, "\000";
P_0000000006704ed8 .param/l "READ_MODE" 0 2 1505, +C4<00000000000000000000000000000000>;
P_0000000006704f10 .param/l "WRITE_MODE" 0 2 1504, +C4<00000000000000000000000000000000>;
v00000000066ffb60_0 .net "MASK", 15 0, o000000000669e038;  alias, 0 drivers
v00000000066ffc00_0 .net "RADDR", 10 0, o000000000669e068;  alias, 0 drivers
v0000000006700d80_0 .net "RCLK", 0 0, L_0000000006676a80;  1 drivers
v00000000066ffca0_0 .net "RCLKE", 0 0, o000000000669e0c8;  alias, 0 drivers
v00000000067002e0_0 .net "RDATA", 15 0, L_0000000006676850;  alias, 1 drivers
v0000000006700600_0 .var "RDATA_I", 15 0;
v0000000006700740_0 .net "RE", 0 0, o000000000669e158;  alias, 0 drivers
L_0000000006712058 .functor BUFT 1, C4<0000000000000000>, C4<0>, C4<0>, C4<0>;
v0000000006701960_0 .net "RMASK_I", 15 0, L_0000000006712058;  1 drivers
v00000000067016e0_0 .net "WADDR", 10 0, o000000000669e1b8;  alias, 0 drivers
v0000000006701780_0 .net "WCLK", 0 0, L_0000000006676af0;  1 drivers
v0000000006701320_0 .net "WCLKE", 0 0, o000000000669e218;  alias, 0 drivers
v0000000006701820_0 .net "WDATA", 15 0, o000000000669e248;  alias, 0 drivers
v0000000006701640_0 .net "WDATA_I", 15 0, L_0000000006676770;  1 drivers
v00000000067013c0_0 .net "WE", 0 0, o000000000669e2a8;  alias, 0 drivers
v00000000067018c0_0 .net "WMASK_I", 15 0, L_0000000006676700;  1 drivers
v0000000006701a00_0 .var/i "i", 31 0;
v0000000006701460 .array "memory", 255 0, 15 0;
E_00000000066547b0 .event posedge, v0000000006700d80_0;
E_0000000006653eb0 .event posedge, v0000000006701780_0;
S_0000000006703d40 .scope generate, "genblk1" "genblk1" 2 1534, 2 1534 0, S_00000000067041f0;
 .timescale -12 -12;
L_0000000006676700 .functor BUFZ 16, o000000000669e038, C4<0000000000000000>, C4<0000000000000000>, C4<0000000000000000>;
S_0000000006702da0 .scope generate, "genblk2" "genblk2" 2 1555, 2 1555 0, S_00000000067041f0;
 .timescale -12 -12;
S_0000000006703bb0 .scope generate, "genblk3" "genblk3" 2 1576, 2 1576 0, S_00000000067041f0;
 .timescale -12 -12;
L_0000000006676770 .functor BUFZ 16, o000000000669e248, C4<0000000000000000>, C4<0000000000000000>, C4<0000000000000000>;
S_00000000067030c0 .scope generate, "genblk4" "genblk4" 2 1595, 2 1595 0, S_00000000067041f0;
 .timescale -12 -12;
L_0000000006676850 .functor BUFZ 16, v0000000006700600_0, C4<0000000000000000>, C4<0000000000000000>, C4<0000000000000000>;
S_000000000667c300 .scope module, "SB_RAM40_4KNW" "SB_RAM40_4KNW" 2 1862;
 .timescale -12 -12;
    .port_info 0 /OUTPUT 16 "RDATA";
    .port_info 1 /INPUT 1 "RCLK";
    .port_info 2 /INPUT 1 "RCLKE";
    .port_info 3 /INPUT 1 "RE";
    .port_info 4 /INPUT 11 "RADDR";
    .port_info 5 /INPUT 1 "WCLKN";
    .port_info 6 /INPUT 1 "WCLKE";
    .port_info 7 /INPUT 1 "WE";
    .port_info 8 /INPUT 11 "WADDR";
    .port_info 9 /INPUT 16 "MASK";
    .port_info 10 /INPUT 16 "WDATA";
P_0000000004b82d20 .param/l "INIT_0" 0 2 1878, C4<0000000000000000000000000000000000000000000000000000000000000000000000000000000000000000000000000000000000000000000000000000000000000000000000000000000000000000000000000000000000000000000000000000000000000000000000000000000000000000000000000000000000000000>;
P_0000000004b82d58 .param/l "INIT_1" 0 2 1879, C4<0000000000000000000000000000000000000000000000000000000000000000000000000000000000000000000000000000000000000000000000000000000000000000000000000000000000000000000000000000000000000000000000000000000000000000000000000000000000000000000000000000000000000000>;
P_0000000004b82d90 .param/l "INIT_2" 0 2 1880, C4<0000000000000000000000000000000000000000000000000000000000000000000000000000000000000000000000000000000000000000000000000000000000000000000000000000000000000000000000000000000000000000000000000000000000000000000000000000000000000000000000000000000000000000>;
P_0000000004b82dc8 .param/l "INIT_3" 0 2 1881, C4<0000000000000000000000000000000000000000000000000000000000000000000000000000000000000000000000000000000000000000000000000000000000000000000000000000000000000000000000000000000000000000000000000000000000000000000000000000000000000000000000000000000000000000>;
P_0000000004b82e00 .param/l "INIT_4" 0 2 1882, C4<0000000000000000000000000000000000000000000000000000000000000000000000000000000000000000000000000000000000000000000000000000000000000000000000000000000000000000000000000000000000000000000000000000000000000000000000000000000000000000000000000000000000000000>;
P_0000000004b82e38 .param/l "INIT_5" 0 2 1883, C4<0000000000000000000000000000000000000000000000000000000000000000000000000000000000000000000000000000000000000000000000000000000000000000000000000000000000000000000000000000000000000000000000000000000000000000000000000000000000000000000000000000000000000000>;
P_0000000004b82e70 .param/l "INIT_6" 0 2 1884, C4<0000000000000000000000000000000000000000000000000000000000000000000000000000000000000000000000000000000000000000000000000000000000000000000000000000000000000000000000000000000000000000000000000000000000000000000000000000000000000000000000000000000000000000>;
P_0000000004b82ea8 .param/l "INIT_7" 0 2 1885, C4<0000000000000000000000000000000000000000000000000000000000000000000000000000000000000000000000000000000000000000000000000000000000000000000000000000000000000000000000000000000000000000000000000000000000000000000000000000000000000000000000000000000000000000>;
P_0000000004b82ee0 .param/l "INIT_8" 0 2 1886, C4<0000000000000000000000000000000000000000000000000000000000000000000000000000000000000000000000000000000000000000000000000000000000000000000000000000000000000000000000000000000000000000000000000000000000000000000000000000000000000000000000000000000000000000>;
P_0000000004b82f18 .param/l "INIT_9" 0 2 1887, C4<0000000000000000000000000000000000000000000000000000000000000000000000000000000000000000000000000000000000000000000000000000000000000000000000000000000000000000000000000000000000000000000000000000000000000000000000000000000000000000000000000000000000000000>;
P_0000000004b82f50 .param/l "INIT_A" 0 2 1888, C4<0000000000000000000000000000000000000000000000000000000000000000000000000000000000000000000000000000000000000000000000000000000000000000000000000000000000000000000000000000000000000000000000000000000000000000000000000000000000000000000000000000000000000000>;
P_0000000004b82f88 .param/l "INIT_B" 0 2 1889, C4<0000000000000000000000000000000000000000000000000000000000000000000000000000000000000000000000000000000000000000000000000000000000000000000000000000000000000000000000000000000000000000000000000000000000000000000000000000000000000000000000000000000000000000>;
P_0000000004b82fc0 .param/l "INIT_C" 0 2 1890, C4<0000000000000000000000000000000000000000000000000000000000000000000000000000000000000000000000000000000000000000000000000000000000000000000000000000000000000000000000000000000000000000000000000000000000000000000000000000000000000000000000000000000000000000>;
P_0000000004b82ff8 .param/l "INIT_D" 0 2 1891, C4<0000000000000000000000000000000000000000000000000000000000000000000000000000000000000000000000000000000000000000000000000000000000000000000000000000000000000000000000000000000000000000000000000000000000000000000000000000000000000000000000000000000000000000>;
P_0000000004b83030 .param/l "INIT_E" 0 2 1892, C4<0000000000000000000000000000000000000000000000000000000000000000000000000000000000000000000000000000000000000000000000000000000000000000000000000000000000000000000000000000000000000000000000000000000000000000000000000000000000000000000000000000000000000000>;
P_0000000004b83068 .param/l "INIT_F" 0 2 1893, C4<0000000000000000000000000000000000000000000000000000000000000000000000000000000000000000000000000000000000000000000000000000000000000000000000000000000000000000000000000000000000000000000000000000000000000000000000000000000000000000000000000000000000000000>;
P_0000000004b830a0 .param/str "INIT_FILE" 0 2 1895, "\000";
P_0000000004b830d8 .param/l "READ_MODE" 0 2 1876, +C4<00000000000000000000000000000000>;
P_0000000004b83110 .param/l "WRITE_MODE" 0 2 1875, +C4<00000000000000000000000000000000>;
o000000000669ecc8 .functor BUFZ 1, C4<z>; HiZ drive
L_00000000066784c0 .functor NOT 1, o000000000669ecc8, C4<0>, C4<0>, C4<0>;
o000000000669e7b8 .functor BUFZ 16, C4<zzzzzzzzzzzzzzzz>; HiZ drive
v0000000006709ea0_0 .net "MASK", 15 0, o000000000669e7b8;  0 drivers
o000000000669e7e8 .functor BUFZ 11, C4<zzzzzzzzzzz>; HiZ drive
v000000000670b340_0 .net "RADDR", 10 0, o000000000669e7e8;  0 drivers
o000000000669e818 .functor BUFZ 1, C4<z>; HiZ drive
v000000000670bac0_0 .net "RCLK", 0 0, o000000000669e818;  0 drivers
o000000000669e848 .functor BUFZ 1, C4<z>; HiZ drive
v000000000670b480_0 .net "RCLKE", 0 0, o000000000669e848;  0 drivers
v000000000670a800_0 .net "RDATA", 15 0, L_00000000066792c0;  1 drivers
o000000000669e8d8 .functor BUFZ 1, C4<z>; HiZ drive
v000000000670b700_0 .net "RE", 0 0, o000000000669e8d8;  0 drivers
o000000000669e938 .functor BUFZ 11, C4<zzzzzzzzzzz>; HiZ drive
v000000000670a440_0 .net "WADDR", 10 0, o000000000669e938;  0 drivers
o000000000669e998 .functor BUFZ 1, C4<z>; HiZ drive
v000000000670be80_0 .net "WCLKE", 0 0, o000000000669e998;  0 drivers
v000000000670a4e0_0 .net "WCLKN", 0 0, o000000000669ecc8;  0 drivers
o000000000669e9c8 .functor BUFZ 16, C4<zzzzzzzzzzzzzzzz>; HiZ drive
v000000000670bb60_0 .net "WDATA", 15 0, o000000000669e9c8;  0 drivers
o000000000669ea28 .functor BUFZ 1, C4<z>; HiZ drive
v000000000670b3e0_0 .net "WE", 0 0, o000000000669ea28;  0 drivers
S_0000000006703250 .scope module, "RAM" "SB_RAM40_4K" 2 1917, 2 1487 0, S_000000000667c300;
 .timescale -12 -12;
    .port_info 0 /OUTPUT 16 "RDATA";
    .port_info 1 /INPUT 1 "RCLK";
    .port_info 2 /INPUT 1 "RCLKE";
    .port_info 3 /INPUT 1 "RE";
    .port_info 4 /INPUT 11 "RADDR";
    .port_info 5 /INPUT 1 "WCLK";
    .port_info 6 /INPUT 1 "WCLKE";
    .port_info 7 /INPUT 1 "WE";
    .port_info 8 /INPUT 11 "WADDR";
    .port_info 9 /INPUT 16 "MASK";
    .port_info 10 /INPUT 16 "WDATA";
P_000000000670ef70 .param/l "INIT_0" 0 2 1507, C4<0000000000000000000000000000000000000000000000000000000000000000000000000000000000000000000000000000000000000000000000000000000000000000000000000000000000000000000000000000000000000000000000000000000000000000000000000000000000000000000000000000000000000000>;
P_000000000670efa8 .param/l "INIT_1" 0 2 1508, C4<0000000000000000000000000000000000000000000000000000000000000000000000000000000000000000000000000000000000000000000000000000000000000000000000000000000000000000000000000000000000000000000000000000000000000000000000000000000000000000000000000000000000000000>;
P_000000000670efe0 .param/l "INIT_2" 0 2 1509, C4<0000000000000000000000000000000000000000000000000000000000000000000000000000000000000000000000000000000000000000000000000000000000000000000000000000000000000000000000000000000000000000000000000000000000000000000000000000000000000000000000000000000000000000>;
P_000000000670f018 .param/l "INIT_3" 0 2 1510, C4<0000000000000000000000000000000000000000000000000000000000000000000000000000000000000000000000000000000000000000000000000000000000000000000000000000000000000000000000000000000000000000000000000000000000000000000000000000000000000000000000000000000000000000>;
P_000000000670f050 .param/l "INIT_4" 0 2 1511, C4<0000000000000000000000000000000000000000000000000000000000000000000000000000000000000000000000000000000000000000000000000000000000000000000000000000000000000000000000000000000000000000000000000000000000000000000000000000000000000000000000000000000000000000>;
P_000000000670f088 .param/l "INIT_5" 0 2 1512, C4<0000000000000000000000000000000000000000000000000000000000000000000000000000000000000000000000000000000000000000000000000000000000000000000000000000000000000000000000000000000000000000000000000000000000000000000000000000000000000000000000000000000000000000>;
P_000000000670f0c0 .param/l "INIT_6" 0 2 1513, C4<0000000000000000000000000000000000000000000000000000000000000000000000000000000000000000000000000000000000000000000000000000000000000000000000000000000000000000000000000000000000000000000000000000000000000000000000000000000000000000000000000000000000000000>;
P_000000000670f0f8 .param/l "INIT_7" 0 2 1514, C4<0000000000000000000000000000000000000000000000000000000000000000000000000000000000000000000000000000000000000000000000000000000000000000000000000000000000000000000000000000000000000000000000000000000000000000000000000000000000000000000000000000000000000000>;
P_000000000670f130 .param/l "INIT_8" 0 2 1515, C4<0000000000000000000000000000000000000000000000000000000000000000000000000000000000000000000000000000000000000000000000000000000000000000000000000000000000000000000000000000000000000000000000000000000000000000000000000000000000000000000000000000000000000000>;
P_000000000670f168 .param/l "INIT_9" 0 2 1516, C4<0000000000000000000000000000000000000000000000000000000000000000000000000000000000000000000000000000000000000000000000000000000000000000000000000000000000000000000000000000000000000000000000000000000000000000000000000000000000000000000000000000000000000000>;
P_000000000670f1a0 .param/l "INIT_A" 0 2 1517, C4<0000000000000000000000000000000000000000000000000000000000000000000000000000000000000000000000000000000000000000000000000000000000000000000000000000000000000000000000000000000000000000000000000000000000000000000000000000000000000000000000000000000000000000>;
P_000000000670f1d8 .param/l "INIT_B" 0 2 1518, C4<0000000000000000000000000000000000000000000000000000000000000000000000000000000000000000000000000000000000000000000000000000000000000000000000000000000000000000000000000000000000000000000000000000000000000000000000000000000000000000000000000000000000000000>;
P_000000000670f210 .param/l "INIT_C" 0 2 1519, C4<0000000000000000000000000000000000000000000000000000000000000000000000000000000000000000000000000000000000000000000000000000000000000000000000000000000000000000000000000000000000000000000000000000000000000000000000000000000000000000000000000000000000000000>;
P_000000000670f248 .param/l "INIT_D" 0 2 1520, C4<0000000000000000000000000000000000000000000000000000000000000000000000000000000000000000000000000000000000000000000000000000000000000000000000000000000000000000000000000000000000000000000000000000000000000000000000000000000000000000000000000000000000000000>;
P_000000000670f280 .param/l "INIT_E" 0 2 1521, C4<0000000000000000000000000000000000000000000000000000000000000000000000000000000000000000000000000000000000000000000000000000000000000000000000000000000000000000000000000000000000000000000000000000000000000000000000000000000000000000000000000000000000000000>;
P_000000000670f2b8 .param/l "INIT_F" 0 2 1522, C4<0000000000000000000000000000000000000000000000000000000000000000000000000000000000000000000000000000000000000000000000000000000000000000000000000000000000000000000000000000000000000000000000000000000000000000000000000000000000000000000000000000000000000000>;
P_000000000670f2f0 .param/str "INIT_FILE" 0 2 1524, "\000";
P_000000000670f328 .param/l "READ_MODE" 0 2 1505, +C4<00000000000000000000000000000000>;
P_000000000670f360 .param/l "WRITE_MODE" 0 2 1504, +C4<00000000000000000000000000000000>;
v000000000670a120_0 .net "MASK", 15 0, o000000000669e7b8;  alias, 0 drivers
v000000000670b0c0_0 .net "RADDR", 10 0, o000000000669e7e8;  alias, 0 drivers
v000000000670b660_0 .net "RCLK", 0 0, o000000000669e818;  alias, 0 drivers
v000000000670b160_0 .net "RCLKE", 0 0, o000000000669e848;  alias, 0 drivers
v000000000670b200_0 .net "RDATA", 15 0, L_00000000066792c0;  alias, 1 drivers
v0000000006709cc0_0 .var "RDATA_I", 15 0;
v000000000670b2a0_0 .net "RE", 0 0, o000000000669e8d8;  alias, 0 drivers
L_00000000067120a0 .functor BUFT 1, C4<0000000000000000>, C4<0>, C4<0>, C4<0>;
v000000000670ae40_0 .net "RMASK_I", 15 0, L_00000000067120a0;  1 drivers
v000000000670a1c0_0 .net "WADDR", 10 0, o000000000669e938;  alias, 0 drivers
v000000000670ad00_0 .net "WCLK", 0 0, L_00000000066784c0;  1 drivers
v000000000670ac60_0 .net "WCLKE", 0 0, o000000000669e998;  alias, 0 drivers
v000000000670aa80_0 .net "WDATA", 15 0, o000000000669e9c8;  alias, 0 drivers
v000000000670aee0_0 .net "WDATA_I", 15 0, L_0000000006676bd0;  1 drivers
v0000000006709d60_0 .net "WE", 0 0, o000000000669ea28;  alias, 0 drivers
v000000000670b7a0_0 .net "WMASK_I", 15 0, L_0000000006676b60;  1 drivers
v0000000006709860_0 .var/i "i", 31 0;
v000000000670af80 .array "memory", 255 0, 15 0;
E_00000000066541f0 .event posedge, v000000000670b660_0;
E_0000000006654430 .event posedge, v000000000670ad00_0;
S_0000000006704380 .scope generate, "genblk1" "genblk1" 2 1534, 2 1534 0, S_0000000006703250;
 .timescale -12 -12;
L_0000000006676b60 .functor BUFZ 16, o000000000669e7b8, C4<0000000000000000>, C4<0000000000000000>, C4<0000000000000000>;
S_0000000006702f30 .scope generate, "genblk2" "genblk2" 2 1555, 2 1555 0, S_0000000006703250;
 .timescale -12 -12;
S_0000000006704510 .scope generate, "genblk3" "genblk3" 2 1576, 2 1576 0, S_0000000006703250;
 .timescale -12 -12;
L_0000000006676bd0 .functor BUFZ 16, o000000000669e9c8, C4<0000000000000000>, C4<0000000000000000>, C4<0000000000000000>;
S_0000000006702760 .scope generate, "genblk4" "genblk4" 2 1595, 2 1595 0, S_0000000006703250;
 .timescale -12 -12;
L_00000000066792c0 .functor BUFZ 16, v0000000006709cc0_0, C4<0000000000000000>, C4<0000000000000000>, C4<0000000000000000>;
S_000000000667c490 .scope module, "SB_RGBA_DRV" "SB_RGBA_DRV" 2 2692;
 .timescale -12 -12;
    .port_info 0 /INPUT 1 "CURREN";
    .port_info 1 /INPUT 1 "RGBLEDEN";
    .port_info 2 /INPUT 1 "RGB0PWM";
    .port_info 3 /INPUT 1 "RGB1PWM";
    .port_info 4 /INPUT 1 "RGB2PWM";
    .port_info 5 /OUTPUT 1 "RGB0";
    .port_info 6 /OUTPUT 1 "RGB1";
    .port_info 7 /OUTPUT 1 "RGB2";
P_0000000004b83150 .param/str "CURRENT_MODE" 0 2 2702, "0b0";
P_0000000004b83188 .param/str "RGB0_CURRENT" 0 2 2703, "0b000000";
P_0000000004b831c0 .param/str "RGB1_CURRENT" 0 2 2704, "0b000000";
P_0000000004b831f8 .param/str "RGB2_CURRENT" 0 2 2705, "0b000000";
o000000000669ef08 .functor BUFZ 1, C4<z>; HiZ drive
v000000000670b520_0 .net "CURREN", 0 0, o000000000669ef08;  0 drivers
o000000000669ef38 .functor BUFZ 1, C4<z>; HiZ drive
v0000000006709ae0_0 .net "RGB0", 0 0, o000000000669ef38;  0 drivers
o000000000669ef68 .functor BUFZ 1, C4<z>; HiZ drive
v000000000670b840_0 .net "RGB0PWM", 0 0, o000000000669ef68;  0 drivers
o000000000669ef98 .functor BUFZ 1, C4<z>; HiZ drive
v000000000670a9e0_0 .net "RGB1", 0 0, o000000000669ef98;  0 drivers
o000000000669efc8 .functor BUFZ 1, C4<z>; HiZ drive
v000000000670b8e0_0 .net "RGB1PWM", 0 0, o000000000669efc8;  0 drivers
o000000000669eff8 .functor BUFZ 1, C4<z>; HiZ drive
v0000000006709a40_0 .net "RGB2", 0 0, o000000000669eff8;  0 drivers
o000000000669f028 .functor BUFZ 1, C4<z>; HiZ drive
v000000000670ba20_0 .net "RGB2PWM", 0 0, o000000000669f028;  0 drivers
o000000000669f058 .functor BUFZ 1, C4<z>; HiZ drive
v000000000670b980_0 .net "RGBLEDEN", 0 0, o000000000669f058;  0 drivers
S_000000000668f900 .scope module, "SB_RGB_DRV" "SB_RGB_DRV" 2 2716;
 .timescale -12 -12;
    .port_info 0 /INPUT 1 "RGBLEDEN";
    .port_info 1 /INPUT 1 "RGB0PWM";
    .port_info 2 /INPUT 1 "RGB1PWM";
    .port_info 3 /INPUT 1 "RGB2PWM";
    .port_info 4 /INPUT 1 "RGBPU";
    .port_info 5 /OUTPUT 1 "RGB0";
    .port_info 6 /OUTPUT 1 "RGB1";
    .port_info 7 /OUTPUT 1 "RGB2";
P_0000000004bd7d00 .param/str "CURRENT_MODE" 0 2 2726, "0b0";
P_0000000004bd7d38 .param/str "RGB0_CURRENT" 0 2 2727, "0b000000";
P_0000000004bd7d70 .param/str "RGB1_CURRENT" 0 2 2728, "0b000000";
P_0000000004bd7da8 .param/str "RGB2_CURRENT" 0 2 2729, "0b000000";
o000000000669f208 .functor BUFZ 1, C4<z>; HiZ drive
v000000000670bc00_0 .net "RGB0", 0 0, o000000000669f208;  0 drivers
o000000000669f238 .functor BUFZ 1, C4<z>; HiZ drive
v000000000670bca0_0 .net "RGB0PWM", 0 0, o000000000669f238;  0 drivers
o000000000669f268 .functor BUFZ 1, C4<z>; HiZ drive
v000000000670ada0_0 .net "RGB1", 0 0, o000000000669f268;  0 drivers
o000000000669f298 .functor BUFZ 1, C4<z>; HiZ drive
v000000000670bd40_0 .net "RGB1PWM", 0 0, o000000000669f298;  0 drivers
o000000000669f2c8 .functor BUFZ 1, C4<z>; HiZ drive
v000000000670bde0_0 .net "RGB2", 0 0, o000000000669f2c8;  0 drivers
o000000000669f2f8 .functor BUFZ 1, C4<z>; HiZ drive
v000000000670bf20_0 .net "RGB2PWM", 0 0, o000000000669f2f8;  0 drivers
o000000000669f328 .functor BUFZ 1, C4<z>; HiZ drive
v0000000006709900_0 .net "RGBLEDEN", 0 0, o000000000669f328;  0 drivers
o000000000669f358 .functor BUFZ 1, C4<z>; HiZ drive
v00000000067097c0_0 .net "RGBPU", 0 0, o000000000669f358;  0 drivers
S_000000000668e4b0 .scope module, "SB_SPI" "SB_SPI" 2 2776;
 .timescale -12 -12;
    .port_info 0 /INPUT 1 "SBCLKI";
    .port_info 1 /INPUT 1 "SBRWI";
    .port_info 2 /INPUT 1 "SBSTBI";
    .port_info 3 /INPUT 1 "SBADRI7";
    .port_info 4 /INPUT 1 "SBADRI6";
    .port_info 5 /INPUT 1 "SBADRI5";
    .port_info 6 /INPUT 1 "SBADRI4";
    .port_info 7 /INPUT 1 "SBADRI3";
    .port_info 8 /INPUT 1 "SBADRI2";
    .port_info 9 /INPUT 1 "SBADRI1";
    .port_info 10 /INPUT 1 "SBADRI0";
    .port_info 11 /INPUT 1 "SBDATI7";
    .port_info 12 /INPUT 1 "SBDATI6";
    .port_info 13 /INPUT 1 "SBDATI5";
    .port_info 14 /INPUT 1 "SBDATI4";
    .port_info 15 /INPUT 1 "SBDATI3";
    .port_info 16 /INPUT 1 "SBDATI2";
    .port_info 17 /INPUT 1 "SBDATI1";
    .port_info 18 /INPUT 1 "SBDATI0";
    .port_info 19 /INPUT 1 "MI";
    .port_info 20 /INPUT 1 "SI";
    .port_info 21 /INPUT 1 "SCKI";
    .port_info 22 /INPUT 1 "SCSNI";
    .port_info 23 /OUTPUT 1 "SBDATO7";
    .port_info 24 /OUTPUT 1 "SBDATO6";
    .port_info 25 /OUTPUT 1 "SBDATO5";
    .port_info 26 /OUTPUT 1 "SBDATO4";
    .port_info 27 /OUTPUT 1 "SBDATO3";
    .port_info 28 /OUTPUT 1 "SBDATO2";
    .port_info 29 /OUTPUT 1 "SBDATO1";
    .port_info 30 /OUTPUT 1 "SBDATO0";
    .port_info 31 /OUTPUT 1 "SBACKO";
    .port_info 32 /OUTPUT 1 "SPIIRQ";
    .port_info 33 /OUTPUT 1 "SPIWKUP";
    .port_info 34 /OUTPUT 1 "SO";
    .port_info 35 /OUTPUT 1 "SOE";
    .port_info 36 /OUTPUT 1 "MO";
    .port_info 37 /OUTPUT 1 "MOE";
    .port_info 38 /OUTPUT 1 "SCKO";
    .port_info 39 /OUTPUT 1 "SCKOE";
    .port_info 40 /OUTPUT 1 "MCSNO3";
    .port_info 41 /OUTPUT 1 "MCSNO2";
    .port_info 42 /OUTPUT 1 "MCSNO1";
    .port_info 43 /OUTPUT 1 "MCSNO0";
    .port_info 44 /OUTPUT 1 "MCSNOE3";
    .port_info 45 /OUTPUT 1 "MCSNOE2";
    .port_info 46 /OUTPUT 1 "MCSNOE1";
    .port_info 47 /OUTPUT 1 "MCSNOE0";
P_0000000006653db0 .param/str "BUS_ADDR74" 0 2 2826, "0b0000";
o000000000669f508 .functor BUFZ 1, C4<z>; HiZ drive
v0000000006709b80_0 .net "MCSNO0", 0 0, o000000000669f508;  0 drivers
o000000000669f538 .functor BUFZ 1, C4<z>; HiZ drive
v000000000670a8a0_0 .net "MCSNO1", 0 0, o000000000669f538;  0 drivers
o000000000669f568 .functor BUFZ 1, C4<z>; HiZ drive
v0000000006709e00_0 .net "MCSNO2", 0 0, o000000000669f568;  0 drivers
o000000000669f598 .functor BUFZ 1, C4<z>; HiZ drive
v0000000006709f40_0 .net "MCSNO3", 0 0, o000000000669f598;  0 drivers
o000000000669f5c8 .functor BUFZ 1, C4<z>; HiZ drive
v0000000006709fe0_0 .net "MCSNOE0", 0 0, o000000000669f5c8;  0 drivers
o000000000669f5f8 .functor BUFZ 1, C4<z>; HiZ drive
v000000000670a260_0 .net "MCSNOE1", 0 0, o000000000669f5f8;  0 drivers
o000000000669f628 .functor BUFZ 1, C4<z>; HiZ drive
v000000000670a300_0 .net "MCSNOE2", 0 0, o000000000669f628;  0 drivers
o000000000669f658 .functor BUFZ 1, C4<z>; HiZ drive
v000000000670a3a0_0 .net "MCSNOE3", 0 0, o000000000669f658;  0 drivers
o000000000669f688 .functor BUFZ 1, C4<z>; HiZ drive
v000000000670a580_0 .net "MI", 0 0, o000000000669f688;  0 drivers
o000000000669f6b8 .functor BUFZ 1, C4<z>; HiZ drive
v000000000670a620_0 .net "MO", 0 0, o000000000669f6b8;  0 drivers
o000000000669f6e8 .functor BUFZ 1, C4<z>; HiZ drive
v000000000670a940_0 .net "MOE", 0 0, o000000000669f6e8;  0 drivers
o000000000669f718 .functor BUFZ 1, C4<z>; HiZ drive
v000000000670c2e0_0 .net "SBACKO", 0 0, o000000000669f718;  0 drivers
o000000000669f748 .functor BUFZ 1, C4<z>; HiZ drive
v000000000670daa0_0 .net "SBADRI0", 0 0, o000000000669f748;  0 drivers
o000000000669f778 .functor BUFZ 1, C4<z>; HiZ drive
v000000000670c920_0 .net "SBADRI1", 0 0, o000000000669f778;  0 drivers
o000000000669f7a8 .functor BUFZ 1, C4<z>; HiZ drive
v000000000670d1e0_0 .net "SBADRI2", 0 0, o000000000669f7a8;  0 drivers
o000000000669f7d8 .functor BUFZ 1, C4<z>; HiZ drive
v000000000670db40_0 .net "SBADRI3", 0 0, o000000000669f7d8;  0 drivers
o000000000669f808 .functor BUFZ 1, C4<z>; HiZ drive
v000000000670cf60_0 .net "SBADRI4", 0 0, o000000000669f808;  0 drivers
o000000000669f838 .functor BUFZ 1, C4<z>; HiZ drive
v000000000670e220_0 .net "SBADRI5", 0 0, o000000000669f838;  0 drivers
o000000000669f868 .functor BUFZ 1, C4<z>; HiZ drive
v000000000670df00_0 .net "SBADRI6", 0 0, o000000000669f868;  0 drivers
o000000000669f898 .functor BUFZ 1, C4<z>; HiZ drive
v000000000670c560_0 .net "SBADRI7", 0 0, o000000000669f898;  0 drivers
o000000000669f8c8 .functor BUFZ 1, C4<z>; HiZ drive
v000000000670d500_0 .net "SBCLKI", 0 0, o000000000669f8c8;  0 drivers
o000000000669f8f8 .functor BUFZ 1, C4<z>; HiZ drive
v000000000670d140_0 .net "SBDATI0", 0 0, o000000000669f8f8;  0 drivers
o000000000669f928 .functor BUFZ 1, C4<z>; HiZ drive
v000000000670d000_0 .net "SBDATI1", 0 0, o000000000669f928;  0 drivers
o000000000669f958 .functor BUFZ 1, C4<z>; HiZ drive
v000000000670d0a0_0 .net "SBDATI2", 0 0, o000000000669f958;  0 drivers
o000000000669f988 .functor BUFZ 1, C4<z>; HiZ drive
v000000000670dbe0_0 .net "SBDATI3", 0 0, o000000000669f988;  0 drivers
o000000000669f9b8 .functor BUFZ 1, C4<z>; HiZ drive
v000000000670e0e0_0 .net "SBDATI4", 0 0, o000000000669f9b8;  0 drivers
o000000000669f9e8 .functor BUFZ 1, C4<z>; HiZ drive
v000000000670e540_0 .net "SBDATI5", 0 0, o000000000669f9e8;  0 drivers
o000000000669fa18 .functor BUFZ 1, C4<z>; HiZ drive
v000000000670e180_0 .net "SBDATI6", 0 0, o000000000669fa18;  0 drivers
o000000000669fa48 .functor BUFZ 1, C4<z>; HiZ drive
v000000000670d960_0 .net "SBDATI7", 0 0, o000000000669fa48;  0 drivers
o000000000669fa78 .functor BUFZ 1, C4<z>; HiZ drive
v000000000670e2c0_0 .net "SBDATO0", 0 0, o000000000669fa78;  0 drivers
o000000000669faa8 .functor BUFZ 1, C4<z>; HiZ drive
v000000000670c600_0 .net "SBDATO1", 0 0, o000000000669faa8;  0 drivers
o000000000669fad8 .functor BUFZ 1, C4<z>; HiZ drive
v000000000670de60_0 .net "SBDATO2", 0 0, o000000000669fad8;  0 drivers
o000000000669fb08 .functor BUFZ 1, C4<z>; HiZ drive
v000000000670d280_0 .net "SBDATO3", 0 0, o000000000669fb08;  0 drivers
o000000000669fb38 .functor BUFZ 1, C4<z>; HiZ drive
v000000000670d460_0 .net "SBDATO4", 0 0, o000000000669fb38;  0 drivers
o000000000669fb68 .functor BUFZ 1, C4<z>; HiZ drive
v000000000670c380_0 .net "SBDATO5", 0 0, o000000000669fb68;  0 drivers
o000000000669fb98 .functor BUFZ 1, C4<z>; HiZ drive
v000000000670e360_0 .net "SBDATO6", 0 0, o000000000669fb98;  0 drivers
o000000000669fbc8 .functor BUFZ 1, C4<z>; HiZ drive
v000000000670dd20_0 .net "SBDATO7", 0 0, o000000000669fbc8;  0 drivers
o000000000669fbf8 .functor BUFZ 1, C4<z>; HiZ drive
v000000000670e720_0 .net "SBRWI", 0 0, o000000000669fbf8;  0 drivers
o000000000669fc28 .functor BUFZ 1, C4<z>; HiZ drive
v000000000670c240_0 .net "SBSTBI", 0 0, o000000000669fc28;  0 drivers
o000000000669fc58 .functor BUFZ 1, C4<z>; HiZ drive
v000000000670d6e0_0 .net "SCKI", 0 0, o000000000669fc58;  0 drivers
o000000000669fc88 .functor BUFZ 1, C4<z>; HiZ drive
v000000000670e400_0 .net "SCKO", 0 0, o000000000669fc88;  0 drivers
o000000000669fcb8 .functor BUFZ 1, C4<z>; HiZ drive
v000000000670bfc0_0 .net "SCKOE", 0 0, o000000000669fcb8;  0 drivers
o000000000669fce8 .functor BUFZ 1, C4<z>; HiZ drive
v000000000670c6a0_0 .net "SCSNI", 0 0, o000000000669fce8;  0 drivers
o000000000669fd18 .functor BUFZ 1, C4<z>; HiZ drive
v000000000670c1a0_0 .net "SI", 0 0, o000000000669fd18;  0 drivers
o000000000669fd48 .functor BUFZ 1, C4<z>; HiZ drive
v000000000670da00_0 .net "SO", 0 0, o000000000669fd48;  0 drivers
o000000000669fd78 .functor BUFZ 1, C4<z>; HiZ drive
v000000000670dfa0_0 .net "SOE", 0 0, o000000000669fd78;  0 drivers
o000000000669fda8 .functor BUFZ 1, C4<z>; HiZ drive
v000000000670cb00_0 .net "SPIIRQ", 0 0, o000000000669fda8;  0 drivers
o000000000669fdd8 .functor BUFZ 1, C4<z>; HiZ drive
v000000000670e5e0_0 .net "SPIWKUP", 0 0, o000000000669fdd8;  0 drivers
S_000000000668f130 .scope module, "SB_SPRAM256KA" "SB_SPRAM256KA" 2 2600;
 .timescale -12 -12;
    .port_info 0 /INPUT 14 "ADDRESS";
    .port_info 1 /INPUT 16 "DATAIN";
    .port_info 2 /INPUT 4 "MASKWREN";
    .port_info 3 /INPUT 1 "WREN";
    .port_info 4 /INPUT 1 "CHIPSELECT";
    .port_info 5 /INPUT 1 "CLOCK";
    .port_info 6 /INPUT 1 "STANDBY";
    .port_info 7 /INPUT 1 "SLEEP";
    .port_info 8 /INPUT 1 "POWEROFF";
    .port_info 9 /OUTPUT 16 "DATAOUT";
o00000000066a0858 .functor BUFZ 1, C4<z>; HiZ drive
L_0000000006677a40 .functor OR 1, o00000000066a0858, L_000000000675f3e0, C4<0>, C4<0>;
o00000000066a0708 .functor BUFZ 14, C4<zzzzzzzzzzzzzz>; HiZ drive
v000000000670c9c0_0 .net "ADDRESS", 13 0, o00000000066a0708;  0 drivers
o00000000066a0738 .functor BUFZ 1, C4<z>; HiZ drive
v000000000670c740_0 .net "CHIPSELECT", 0 0, o00000000066a0738;  0 drivers
o00000000066a0768 .functor BUFZ 1, C4<z>; HiZ drive
v000000000670c7e0_0 .net "CLOCK", 0 0, o00000000066a0768;  0 drivers
o00000000066a0798 .functor BUFZ 16, C4<zzzzzzzzzzzzzzzz>; HiZ drive
v000000000670ca60_0 .net "DATAIN", 15 0, o00000000066a0798;  0 drivers
v000000000670ddc0_0 .var "DATAOUT", 15 0;
o00000000066a07f8 .functor BUFZ 4, C4<zzzz>; HiZ drive
v000000000670c880_0 .net "MASKWREN", 3 0, o00000000066a07f8;  0 drivers
o00000000066a0828 .functor BUFZ 1, C4<z>; HiZ drive
v000000000670ce20_0 .net "POWEROFF", 0 0, o00000000066a0828;  0 drivers
v000000000670dc80_0 .net "SLEEP", 0 0, o00000000066a0858;  0 drivers
o00000000066a0888 .functor BUFZ 1, C4<z>; HiZ drive
v000000000670cba0_0 .net "STANDBY", 0 0, o00000000066a0888;  0 drivers
o00000000066a08b8 .functor BUFZ 1, C4<z>; HiZ drive
v000000000670c060_0 .net "WREN", 0 0, o00000000066a08b8;  0 drivers
v000000000670cc40_0 .net *"_ivl_1", 0 0, L_000000000675f3e0;  1 drivers
v000000000670d5a0_0 .var/i "i", 31 0;
v000000000670c4c0 .array "mem", 16383 0, 15 0;
v000000000670d320_0 .net "off", 0 0, L_0000000006677a40;  1 drivers
E_00000000066544b0 .event posedge, v000000000670d320_0, v000000000670c7e0_0;
E_0000000006654530 .event negedge, v000000000670ce20_0;
L_000000000675f3e0 .reduce/nor o00000000066a0828;
S_000000000668f5e0 .scope module, "SB_WARMBOOT" "SB_WARMBOOT" 2 2593;
 .timescale -12 -12;
    .port_info 0 /INPUT 1 "BOOT";
    .port_info 1 /INPUT 1 "S1";
    .port_info 2 /INPUT 1 "S0";
o00000000066a0b58 .functor BUFZ 1, C4<z>; HiZ drive
v000000000670e040_0 .net "BOOT", 0 0, o00000000066a0b58;  0 drivers
o00000000066a0b88 .functor BUFZ 1, C4<z>; HiZ drive
v000000000670c100_0 .net "S0", 0 0, o00000000066a0b88;  0 drivers
o00000000066a0bb8 .functor BUFZ 1, C4<z>; HiZ drive
v000000000670d640_0 .net "S1", 0 0, o00000000066a0bb8;  0 drivers
S_000000000668efa0 .scope module, "midi_tb" "midi_tb" 3 5;
 .timescale -9 -11;
P_0000000006653df0 .param/l "DURATION" 1 3 18, +C4<00000000000000000010011100010000>;
v00000000067088c0_0 .var "clk", 0 0;
v0000000006707b00_0 .var "key_one", 0 0;
v0000000006708e60_0 .var "key_zero", 0 0;
v00000000067090e0_0 .net "led", 1 0, L_000000000675f480;  1 drivers
v0000000006709040_0 .var "rst", 0 0;
v0000000006709360_0 .var "set", 0 0;
S_0000000006702a80 .scope module, "uut" "mini_midi" 3 26, 4 1 0, S_000000000668efa0;
 .timescale -12 -12;
    .port_info 0 /INPUT 1 "rst";
    .port_info 1 /INPUT 1 "clk";
    .port_info 2 /INPUT 1 "set";
    .port_info 3 /INPUT 1 "key_zero";
    .port_info 4 /INPUT 1 "key_one";
    .port_info 5 /OUTPUT 2 "led";
P_00000000064e5540 .param/l "STATE_IDLE" 1 4 38, C4<00>;
P_00000000064e5578 .param/l "STATE_PLAYING" 1 4 39, C4<01>;
P_00000000064e55b0 .param/l "STATE_SETTING" 1 4 40, C4<10>;
L_0000000006677e30 .functor NOT 1, v0000000006709040_0, C4<0>, C4<0>, C4<0>;
L_00000000066783e0 .functor NOT 1, v0000000006709360_0, C4<0>, C4<0>, C4<0>;
L_0000000006678f40 .functor NOT 1, v0000000006708e60_0, C4<0>, C4<0>, C4<0>;
L_0000000006678760 .functor NOT 1, v0000000006707b00_0, C4<0>, C4<0>, C4<0>;
v0000000006708460_0 .net *"_ivl_11", 0 0, L_000000000675f0c0;  1 drivers
v00000000067092c0_0 .net *"_ivl_9", 0 0, L_00000000067606a0;  1 drivers
v0000000006709720_0 .net "clk", 0 0, v00000000067088c0_0;  1 drivers
v0000000006707240_0 .net "clk_led", 0 0, v000000000670c420_0;  1 drivers
v00000000067086e0_0 .var "counter_reset", 0 0;
v0000000006707880_0 .net "counter_wire", 3 0, v000000000670cec0_0;  1 drivers
v0000000006707920_0 .net "db_key0", 0 0, L_0000000006677ea0;  1 drivers
v00000000067071a0_0 .net "db_key1", 0 0, L_0000000006678a70;  1 drivers
v0000000006708a00_0 .net "db_set", 0 0, L_0000000006678060;  1 drivers
v0000000006709180_0 .var "go", 0 0;
v0000000006708d20_0 .net "input_key0", 0 0, L_0000000006678f40;  1 drivers
v0000000006708be0_0 .net "input_key1", 0 0, L_0000000006678760;  1 drivers
v00000000067079c0_0 .net "input_rst", 0 0, L_0000000006677e30;  1 drivers
v0000000006707ec0_0 .net "input_set", 0 0, L_00000000066783e0;  1 drivers
v0000000006707ba0_0 .net "intermediate_go", 0 0, v000000000670d780_0;  1 drivers
v0000000006708fa0_0 .net "key_one", 0 0, v0000000006707b00_0;  1 drivers
v0000000006708dc0_0 .net "key_zero", 0 0, v0000000006708e60_0;  1 drivers
v0000000006708320_0 .net "led", 1 0, L_000000000675f480;  alias, 1 drivers
v0000000006708140_0 .var "r_addr", 3 0;
v0000000006707420_0 .var "r_en", 0 0;
v0000000006708280_0 .net "read_test", 7 0, v0000000006708f00_0;  1 drivers
v0000000006708aa0_0 .net "rst", 0 0, v0000000006709040_0;  1 drivers
v0000000006708500_0 .net "set", 0 0, v0000000006709360_0;  1 drivers
v0000000006707060_0 .var "state", 1 0;
v00000000067085a0_0 .var "w_addr", 3 0;
v0000000006707c40_0 .var "w_data", 7 0;
v0000000006707100_0 .var "w_en", 0 0;
L_00000000067606a0 .part v0000000006708f00_0, 1, 1;
L_000000000675f0c0 .part v0000000006708f00_0, 0, 1;
L_000000000675f480 .concat [ 1 1 0 0], L_000000000675f0c0, L_00000000067606a0;
S_0000000006703570 .scope module, "clk_leds" "clock_divider" 4 73, 5 2 0, S_0000000006702a80;
 .timescale -12 -12;
    .port_info 0 /INPUT 1 "clk";
    .port_info 1 /INPUT 1 "rst";
    .port_info 2 /OUTPUT 1 "out";
P_000000000652f0d0 .param/l "COUNT_WIDTH" 0 5 5, +C4<00000000000000000000000000100000>;
P_000000000652f108 .param/l "MAX_COUNT" 0 5 6, C4<000000000001011011100011010111111>;
v000000000670d3c0_0 .net "clk", 0 0, v00000000067088c0_0;  alias, 1 drivers
v000000000670e680_0 .var "count", 32 0;
v000000000670c420_0 .var "out", 0 0;
v000000000670cce0_0 .net "rst", 0 0, L_0000000006677e30;  alias, 1 drivers
E_0000000006653ff0 .event posedge, v000000000670cce0_0, v000000000670d3c0_0;
S_00000000067033e0 .scope module, "counter_block" "counter" 4 91, 6 1 0, S_0000000006702a80;
 .timescale -12 -12;
    .port_info 0 /INPUT 1 "clk";
    .port_info 1 /INPUT 1 "rst";
    .port_info 2 /INPUT 1 "go_btn";
    .port_info 3 /OUTPUT 1 "done_sig";
    .port_info 4 /OUTPUT 4 "o_led";
P_00000000067113b0 .param/l "MAX_LED_COUNT" 1 6 24, C4<1111>;
P_00000000067113e8 .param/l "MIN_LED_COUNT" 1 6 25, C4<0000>;
P_0000000006711420 .param/l "STATE_COUNTING" 1 6 20, C4<01>;
P_0000000006711458 .param/l "STATE_DECOUNTING" 1 6 21, C4<10>;
P_0000000006711490 .param/l "STATE_IDLE" 1 6 19, C4<00>;
P_00000000067114c8 .param/l "option" 0 6 4, +C4<00000000000000000000000000000001>;
v000000000670cd80_0 .net "clk", 0 0, v000000000670c420_0;  alias, 1 drivers
v000000000670d780_0 .var "done_sig", 0 0;
v000000000670d820_0 .net "go_btn", 0 0, v0000000006709180_0;  1 drivers
v000000000670cec0_0 .var "o_led", 3 0;
v000000000670d8c0_0 .net "rst", 0 0, v00000000067086e0_0;  1 drivers
v000000000670ec20_0 .var "state", 1 0;
E_0000000006654bb0 .event posedge, v000000000670d8c0_0, v000000000670c420_0;
S_0000000006702c10 .scope module, "key0_debouncer" "button_debouncer" 4 58, 7 2 0, S_0000000006702a80;
 .timescale -12 -12;
    .port_info 0 /INPUT 1 "rst";
    .port_info 1 /INPUT 1 "clk";
    .port_info 2 /INPUT 1 "button";
    .port_info 3 /OUTPUT 1 "db_button";
L_0000000006679560 .functor AND 1, v000000000670e900_0, v000000000670e860_0, C4<1>, C4<1>;
L_0000000006677ea0 .functor AND 1, L_0000000006679560, v000000000670e9a0_0, C4<1>, C4<1>;
v000000000670eea0_0 .net *"_ivl_0", 0 0, L_0000000006679560;  1 drivers
v000000000670eae0_0 .net "button", 0 0, L_0000000006678f40;  alias, 1 drivers
v000000000670e7c0_0 .net "clk", 0 0, v00000000067088c0_0;  alias, 1 drivers
v000000000670ee00_0 .net "db_button", 0 0, L_0000000006677ea0;  alias, 1 drivers
v000000000670e900_0 .var "delay1", 0 0;
v000000000670e860_0 .var "delay2", 0 0;
v000000000670e9a0_0 .var "delay3", 0 0;
v000000000670ecc0_0 .net "rst", 0 0, L_0000000006677e30;  alias, 1 drivers
S_0000000006703700 .scope module, "key1_debouncer" "button_debouncer" 4 65, 7 2 0, S_0000000006702a80;
 .timescale -12 -12;
    .port_info 0 /INPUT 1 "rst";
    .port_info 1 /INPUT 1 "clk";
    .port_info 2 /INPUT 1 "button";
    .port_info 3 /OUTPUT 1 "db_button";
L_0000000006678fb0 .functor AND 1, v0000000006708640_0, v0000000006707380_0, C4<1>, C4<1>;
L_0000000006678a70 .functor AND 1, L_0000000006678fb0, v0000000006707600_0, C4<1>, C4<1>;
v000000000670ea40_0 .net *"_ivl_0", 0 0, L_0000000006678fb0;  1 drivers
v000000000670ed60_0 .net "button", 0 0, L_0000000006678760;  alias, 1 drivers
v000000000670eb80_0 .net "clk", 0 0, v00000000067088c0_0;  alias, 1 drivers
v00000000067094a0_0 .net "db_button", 0 0, L_0000000006678a70;  alias, 1 drivers
v0000000006708640_0 .var "delay1", 0 0;
v0000000006707380_0 .var "delay2", 0 0;
v0000000006707600_0 .var "delay3", 0 0;
v0000000006706fc0_0 .net "rst", 0 0, L_0000000006677e30;  alias, 1 drivers
S_0000000006703890 .scope module, "my_memory" "memory" 4 80, 8 2 0, S_0000000006702a80;
 .timescale -12 -12;
    .port_info 0 /INPUT 1 "clk";
    .port_info 1 /INPUT 1 "w_en";
    .port_info 2 /INPUT 1 "r_en";
    .port_info 3 /INPUT 4 "w_addr";
    .port_info 4 /INPUT 4 "r_addr";
    .port_info 5 /INPUT 8 "w_data";
    .port_info 6 /OUTPUT 8 "r_data";
P_0000000006654570 .param/str "INIT_FILE" 0 8 5, "\000";
v00000000067076a0_0 .net "clk", 0 0, v00000000067088c0_0;  alias, 1 drivers
v0000000006709540 .array "mem", 15 0, 7 0;
v0000000006708780_0 .net "r_addr", 3 0, v0000000006708140_0;  1 drivers
v0000000006708f00_0 .var "r_data", 7 0;
v0000000006708c80_0 .net "r_en", 0 0, v0000000006707420_0;  1 drivers
v00000000067072e0_0 .net "w_addr", 3 0, v00000000067085a0_0;  1 drivers
v0000000006708820_0 .net "w_data", 7 0, v0000000006707c40_0;  1 drivers
v00000000067081e0_0 .net "w_en", 0 0, v0000000006707100_0;  1 drivers
E_00000000066545b0 .event posedge, v000000000670d3c0_0;
S_0000000006703a20 .scope module, "set_debouncer" "button_debouncer" 4 51, 7 2 0, S_0000000006702a80;
 .timescale -12 -12;
    .port_info 0 /INPUT 1 "rst";
    .port_info 1 /INPUT 1 "clk";
    .port_info 2 /INPUT 1 "button";
    .port_info 3 /OUTPUT 1 "db_button";
L_0000000006678ed0 .functor AND 1, v00000000067083c0_0, v0000000006708960_0, C4<1>, C4<1>;
L_0000000006678060 .functor AND 1, L_0000000006678ed0, v0000000006709220_0, C4<1>, C4<1>;
v0000000006707560_0 .net *"_ivl_0", 0 0, L_0000000006678ed0;  1 drivers
v0000000006707a60_0 .net "button", 0 0, L_00000000066783e0;  alias, 1 drivers
v0000000006708b40_0 .net "clk", 0 0, v00000000067088c0_0;  alias, 1 drivers
v0000000006707740_0 .net "db_button", 0 0, L_0000000006678060;  alias, 1 drivers
v00000000067083c0_0 .var "delay1", 0 0;
v0000000006708960_0 .var "delay2", 0 0;
v0000000006709220_0 .var "delay3", 0 0;
v00000000067077e0_0 .net "rst", 0 0, L_0000000006677e30;  alias, 1 drivers
    .scope S_0000000006688090;
T_2 ;
    %pushi/vec4 0, 0, 1;
    %store/vec4 v0000000006619c50_0, 0, 1;
    %pushi/vec4 0, 0, 1;
    %store/vec4 v0000000006634b90_0, 0, 1;
    %end;
    .thread T_2;
    .scope S_0000000006688090;
T_3 ;
    %wait E_00000000066531b0;
    %load/vec4 v0000000006679f80_0;
    %flag_set/vec4 8;
    %jmp/0xz  T_3.0, 8;
    %load/vec4 v000000000667a0c0_0;
    %flag_set/vec4 8;
    %jmp/0 T_3.2, 8;
    %pushi/vec4 0, 0, 1;
    %jmp/1 T_3.3, 8;
T_3.2 ; End of true expr.
    %load/vec4 v00000000066191b0_0;
    %jmp/0 T_3.3, 8;
 ; End of false expr.
    %blend;
T_3.3;
    %assign/vec4 v0000000006619c50_0, 0;
T_3.0 ;
    %jmp T_3;
    .thread T_3;
    .scope S_0000000006688090;
T_4 ;
    %wait E_0000000006653bf0;
    %load/vec4 v000000000667a0c0_0;
    %flag_set/vec4 8;
    %jmp/0xz  T_4.0, 8;
    %pushi/vec4 0, 0, 1;
    %assign/vec4 v0000000006634b90_0, 0;
    %jmp T_4.1;
T_4.0 ;
    %load/vec4 v0000000006679f80_0;
    %flag_set/vec4 8;
    %jmp/0xz  T_4.2, 8;
    %load/vec4 v00000000066191b0_0;
    %assign/vec4 v0000000006634b90_0, 0;
T_4.2 ;
T_4.1 ;
    %jmp T_4;
    .thread T_4;
    .scope S_000000000668fa90;
T_5 ;
    %pushi/vec4 0, 0, 32;
    %store/vec4 v00000000066e0a30_0, 0, 32;
T_5.0 ; Top of for-loop 
    %load/vec4 v00000000066e0a30_0;
    %cmpi/s 16, 0, 32;
    %jmp/0xz T_5.1, 5;
    %pushi/vec4 0, 0, 256;
    %load/vec4 v00000000066e0a30_0;
    %muli 16, 0, 32;
    %part/s 16;
    %pushi/vec4 0, 0, 32;
    %load/vec4 v00000000066e0a30_0;
    %add;
    %ix/vec4/s 4;
    %store/vec4a v00000000066df310, 4, 0;
    %pushi/vec4 0, 0, 256;
    %load/vec4 v00000000066e0a30_0;
    %muli 16, 0, 32;
    %part/s 16;
    %pushi/vec4 16, 0, 32;
    %load/vec4 v00000000066e0a30_0;
    %add;
    %ix/vec4/s 4;
    %store/vec4a v00000000066df310, 4, 0;
    %pushi/vec4 0, 0, 256;
    %load/vec4 v00000000066e0a30_0;
    %muli 16, 0, 32;
    %part/s 16;
    %pushi/vec4 32, 0, 32;
    %load/vec4 v00000000066e0a30_0;
    %add;
    %ix/vec4/s 4;
    %store/vec4a v00000000066df310, 4, 0;
    %pushi/vec4 0, 0, 256;
    %load/vec4 v00000000066e0a30_0;
    %muli 16, 0, 32;
    %part/s 16;
    %pushi/vec4 48, 0, 32;
    %load/vec4 v00000000066e0a30_0;
    %add;
    %ix/vec4/s 4;
    %store/vec4a v00000000066df310, 4, 0;
    %pushi/vec4 0, 0, 256;
    %load/vec4 v00000000066e0a30_0;
    %muli 16, 0, 32;
    %part/s 16;
    %pushi/vec4 64, 0, 32;
    %load/vec4 v00000000066e0a30_0;
    %add;
    %ix/vec4/s 4;
    %store/vec4a v00000000066df310, 4, 0;
    %pushi/vec4 0, 0, 256;
    %load/vec4 v00000000066e0a30_0;
    %muli 16, 0, 32;
    %part/s 16;
    %pushi/vec4 80, 0, 32;
    %load/vec4 v00000000066e0a30_0;
    %add;
    %ix/vec4/s 4;
    %store/vec4a v00000000066df310, 4, 0;
    %pushi/vec4 0, 0, 256;
    %load/vec4 v00000000066e0a30_0;
    %muli 16, 0, 32;
    %part/s 16;
    %pushi/vec4 96, 0, 32;
    %load/vec4 v00000000066e0a30_0;
    %add;
    %ix/vec4/s 4;
    %store/vec4a v00000000066df310, 4, 0;
    %pushi/vec4 0, 0, 256;
    %load/vec4 v00000000066e0a30_0;
    %muli 16, 0, 32;
    %part/s 16;
    %pushi/vec4 112, 0, 32;
    %load/vec4 v00000000066e0a30_0;
    %add;
    %ix/vec4/s 4;
    %store/vec4a v00000000066df310, 4, 0;
    %pushi/vec4 0, 0, 256;
    %load/vec4 v00000000066e0a30_0;
    %muli 16, 0, 32;
    %part/s 16;
    %pushi/vec4 128, 0, 32;
    %load/vec4 v00000000066e0a30_0;
    %add;
    %ix/vec4/s 4;
    %store/vec4a v00000000066df310, 4, 0;
    %pushi/vec4 0, 0, 256;
    %load/vec4 v00000000066e0a30_0;
    %muli 16, 0, 32;
    %part/s 16;
    %pushi/vec4 144, 0, 32;
    %load/vec4 v00000000066e0a30_0;
    %add;
    %ix/vec4/s 4;
    %store/vec4a v00000000066df310, 4, 0;
    %pushi/vec4 0, 0, 256;
    %load/vec4 v00000000066e0a30_0;
    %muli 16, 0, 32;
    %part/s 16;
    %pushi/vec4 160, 0, 32;
    %load/vec4 v00000000066e0a30_0;
    %add;
    %ix/vec4/s 4;
    %store/vec4a v00000000066df310, 4, 0;
    %pushi/vec4 0, 0, 256;
    %load/vec4 v00000000066e0a30_0;
    %muli 16, 0, 32;
    %part/s 16;
    %pushi/vec4 176, 0, 32;
    %load/vec4 v00000000066e0a30_0;
    %add;
    %ix/vec4/s 4;
    %store/vec4a v00000000066df310, 4, 0;
    %pushi/vec4 0, 0, 256;
    %load/vec4 v00000000066e0a30_0;
    %muli 16, 0, 32;
    %part/s 16;
    %pushi/vec4 192, 0, 32;
    %load/vec4 v00000000066e0a30_0;
    %add;
    %ix/vec4/s 4;
    %store/vec4a v00000000066df310, 4, 0;
    %pushi/vec4 0, 0, 256;
    %load/vec4 v00000000066e0a30_0;
    %muli 16, 0, 32;
    %part/s 16;
    %pushi/vec4 208, 0, 32;
    %load/vec4 v00000000066e0a30_0;
    %add;
    %ix/vec4/s 4;
    %store/vec4a v00000000066df310, 4, 0;
    %pushi/vec4 0, 0, 256;
    %load/vec4 v00000000066e0a30_0;
    %muli 16, 0, 32;
    %part/s 16;
    %pushi/vec4 224, 0, 32;
    %load/vec4 v00000000066e0a30_0;
    %add;
    %ix/vec4/s 4;
    %store/vec4a v00000000066df310, 4, 0;
    %pushi/vec4 0, 0, 256;
    %load/vec4 v00000000066e0a30_0;
    %muli 16, 0, 32;
    %part/s 16;
    %pushi/vec4 240, 0, 32;
    %load/vec4 v00000000066e0a30_0;
    %add;
    %ix/vec4/s 4;
    %store/vec4a v00000000066df310, 4, 0;
T_5.2 ; for-loop step statement
    %load/vec4 v00000000066e0a30_0;
    %addi 1, 0, 32;
    %store/vec4 v00000000066e0a30_0, 0, 32;
    %jmp T_5.0;
T_5.1 ; for-loop exit label
    %end;
    .thread T_5;
    .scope S_000000000668fa90;
T_6 ;
    %wait E_0000000006653cf0;
    %load/vec4 v00000000066e08f0_0;
    %flag_set/vec4 9;
    %flag_get/vec4 9;
    %jmp/0 T_6.2, 9;
    %load/vec4 v00000000065d3b00_0;
    %and;
T_6.2;
    %flag_set/vec4 8;
    %jmp/0xz  T_6.0, 8;
    %load/vec4 v00000000066df1d0_0;
    %parti/s 1, 0, 2;
    %nor/r;
    %flag_set/vec4 8;
    %jmp/0xz  T_6.3, 8;
    %load/vec4 v00000000066e0c10_0;
    %parti/s 1, 0, 2;
    %load/vec4 v0000000006603d60_0;
    %parti/s 8, 0, 2;
    %pad/u 10;
    %ix/vec4 3;
    %ix/load 4, 0, 0; Constant delay
    %assign/vec4/a/d v00000000066df310, 0, 4;
T_6.3 ;
    %load/vec4 v00000000066df1d0_0;
    %parti/s 1, 1, 2;
    %nor/r;
    %flag_set/vec4 8;
    %jmp/0xz  T_6.5, 8;
    %load/vec4 v00000000066e0c10_0;
    %parti/s 1, 1, 2;
    %load/vec4 v0000000006603d60_0;
    %parti/s 8, 0, 2;
    %pad/u 10;
    %ix/vec4 3;
    %ix/load 4, 1, 0; part off
    %ix/load 5, 0, 0; Constant delay
    %assign/vec4/a/d v00000000066df310, 4, 5;
T_6.5 ;
    %load/vec4 v00000000066df1d0_0;
    %parti/s 1, 2, 3;
    %nor/r;
    %flag_set/vec4 8;
    %jmp/0xz  T_6.7, 8;
    %load/vec4 v00000000066e0c10_0;
    %parti/s 1, 2, 3;
    %load/vec4 v0000000006603d60_0;
    %parti/s 8, 0, 2;
    %pad/u 10;
    %ix/vec4 3;
    %ix/load 4, 2, 0; part off
    %ix/load 5, 0, 0; Constant delay
    %assign/vec4/a/d v00000000066df310, 4, 5;
T_6.7 ;
    %load/vec4 v00000000066df1d0_0;
    %parti/s 1, 3, 3;
    %nor/r;
    %flag_set/vec4 8;
    %jmp/0xz  T_6.9, 8;
    %load/vec4 v00000000066e0c10_0;
    %parti/s 1, 3, 3;
    %load/vec4 v0000000006603d60_0;
    %parti/s 8, 0, 2;
    %pad/u 10;
    %ix/vec4 3;
    %ix/load 4, 3, 0; part off
    %ix/load 5, 0, 0; Constant delay
    %assign/vec4/a/d v00000000066df310, 4, 5;
T_6.9 ;
    %load/vec4 v00000000066df1d0_0;
    %parti/s 1, 4, 4;
    %nor/r;
    %flag_set/vec4 8;
    %jmp/0xz  T_6.11, 8;
    %load/vec4 v00000000066e0c10_0;
    %parti/s 1, 4, 4;
    %load/vec4 v0000000006603d60_0;
    %parti/s 8, 0, 2;
    %pad/u 10;
    %ix/vec4 3;
    %ix/load 4, 4, 0; part off
    %ix/load 5, 0, 0; Constant delay
    %assign/vec4/a/d v00000000066df310, 4, 5;
T_6.11 ;
    %load/vec4 v00000000066df1d0_0;
    %parti/s 1, 5, 4;
    %nor/r;
    %flag_set/vec4 8;
    %jmp/0xz  T_6.13, 8;
    %load/vec4 v00000000066e0c10_0;
    %parti/s 1, 5, 4;
    %load/vec4 v0000000006603d60_0;
    %parti/s 8, 0, 2;
    %pad/u 10;
    %ix/vec4 3;
    %ix/load 4, 5, 0; part off
    %ix/load 5, 0, 0; Constant delay
    %assign/vec4/a/d v00000000066df310, 4, 5;
T_6.13 ;
    %load/vec4 v00000000066df1d0_0;
    %parti/s 1, 6, 4;
    %nor/r;
    %flag_set/vec4 8;
    %jmp/0xz  T_6.15, 8;
    %load/vec4 v00000000066e0c10_0;
    %parti/s 1, 6, 4;
    %load/vec4 v0000000006603d60_0;
    %parti/s 8, 0, 2;
    %pad/u 10;
    %ix/vec4 3;
    %ix/load 4, 6, 0; part off
    %ix/load 5, 0, 0; Constant delay
    %assign/vec4/a/d v00000000066df310, 4, 5;
T_6.15 ;
    %load/vec4 v00000000066df1d0_0;
    %parti/s 1, 7, 4;
    %nor/r;
    %flag_set/vec4 8;
    %jmp/0xz  T_6.17, 8;
    %load/vec4 v00000000066e0c10_0;
    %parti/s 1, 7, 4;
    %load/vec4 v0000000006603d60_0;
    %parti/s 8, 0, 2;
    %pad/u 10;
    %ix/vec4 3;
    %ix/load 4, 7, 0; part off
    %ix/load 5, 0, 0; Constant delay
    %assign/vec4/a/d v00000000066df310, 4, 5;
T_6.17 ;
    %load/vec4 v00000000066df1d0_0;
    %parti/s 1, 8, 5;
    %nor/r;
    %flag_set/vec4 8;
    %jmp/0xz  T_6.19, 8;
    %load/vec4 v00000000066e0c10_0;
    %parti/s 1, 8, 5;
    %load/vec4 v0000000006603d60_0;
    %parti/s 8, 0, 2;
    %pad/u 10;
    %ix/vec4 3;
    %ix/load 4, 8, 0; part off
    %ix/load 5, 0, 0; Constant delay
    %assign/vec4/a/d v00000000066df310, 4, 5;
T_6.19 ;
    %load/vec4 v00000000066df1d0_0;
    %parti/s 1, 9, 5;
    %nor/r;
    %flag_set/vec4 8;
    %jmp/0xz  T_6.21, 8;
    %load/vec4 v00000000066e0c10_0;
    %parti/s 1, 9, 5;
    %load/vec4 v0000000006603d60_0;
    %parti/s 8, 0, 2;
    %pad/u 10;
    %ix/vec4 3;
    %ix/load 4, 9, 0; part off
    %ix/load 5, 0, 0; Constant delay
    %assign/vec4/a/d v00000000066df310, 4, 5;
T_6.21 ;
    %load/vec4 v00000000066df1d0_0;
    %parti/s 1, 10, 5;
    %nor/r;
    %flag_set/vec4 8;
    %jmp/0xz  T_6.23, 8;
    %load/vec4 v00000000066e0c10_0;
    %parti/s 1, 10, 5;
    %load/vec4 v0000000006603d60_0;
    %parti/s 8, 0, 2;
    %pad/u 10;
    %ix/vec4 3;
    %ix/load 4, 10, 0; part off
    %ix/load 5, 0, 0; Constant delay
    %assign/vec4/a/d v00000000066df310, 4, 5;
T_6.23 ;
    %load/vec4 v00000000066df1d0_0;
    %parti/s 1, 11, 5;
    %nor/r;
    %flag_set/vec4 8;
    %jmp/0xz  T_6.25, 8;
    %load/vec4 v00000000066e0c10_0;
    %parti/s 1, 11, 5;
    %load/vec4 v0000000006603d60_0;
    %parti/s 8, 0, 2;
    %pad/u 10;
    %ix/vec4 3;
    %ix/load 4, 11, 0; part off
    %ix/load 5, 0, 0; Constant delay
    %assign/vec4/a/d v00000000066df310, 4, 5;
T_6.25 ;
    %load/vec4 v00000000066df1d0_0;
    %parti/s 1, 12, 5;
    %nor/r;
    %flag_set/vec4 8;
    %jmp/0xz  T_6.27, 8;
    %load/vec4 v00000000066e0c10_0;
    %parti/s 1, 12, 5;
    %load/vec4 v0000000006603d60_0;
    %parti/s 8, 0, 2;
    %pad/u 10;
    %ix/vec4 3;
    %ix/load 4, 12, 0; part off
    %ix/load 5, 0, 0; Constant delay
    %assign/vec4/a/d v00000000066df310, 4, 5;
T_6.27 ;
    %load/vec4 v00000000066df1d0_0;
    %parti/s 1, 13, 5;
    %nor/r;
    %flag_set/vec4 8;
    %jmp/0xz  T_6.29, 8;
    %load/vec4 v00000000066e0c10_0;
    %parti/s 1, 13, 5;
    %load/vec4 v0000000006603d60_0;
    %parti/s 8, 0, 2;
    %pad/u 10;
    %ix/vec4 3;
    %ix/load 4, 13, 0; part off
    %ix/load 5, 0, 0; Constant delay
    %assign/vec4/a/d v00000000066df310, 4, 5;
T_6.29 ;
    %load/vec4 v00000000066df1d0_0;
    %parti/s 1, 14, 5;
    %nor/r;
    %flag_set/vec4 8;
    %jmp/0xz  T_6.31, 8;
    %load/vec4 v00000000066e0c10_0;
    %parti/s 1, 14, 5;
    %load/vec4 v0000000006603d60_0;
    %parti/s 8, 0, 2;
    %pad/u 10;
    %ix/vec4 3;
    %ix/load 4, 14, 0; part off
    %ix/load 5, 0, 0; Constant delay
    %assign/vec4/a/d v00000000066df310, 4, 5;
T_6.31 ;
    %load/vec4 v00000000066df1d0_0;
    %parti/s 1, 15, 5;
    %nor/r;
    %flag_set/vec4 8;
    %jmp/0xz  T_6.33, 8;
    %load/vec4 v00000000066e0c10_0;
    %parti/s 1, 15, 5;
    %load/vec4 v0000000006603d60_0;
    %parti/s 8, 0, 2;
    %pad/u 10;
    %ix/vec4 3;
    %ix/load 4, 15, 0; part off
    %ix/load 5, 0, 0; Constant delay
    %assign/vec4/a/d v00000000066df310, 4, 5;
T_6.33 ;
T_6.0 ;
    %jmp T_6;
    .thread T_6;
    .scope S_000000000668fa90;
T_7 ;
    %wait E_0000000006653370;
    %load/vec4 v0000000006603720_0;
    %flag_set/vec4 9;
    %flag_get/vec4 9;
    %jmp/0 T_7.2, 9;
    %load/vec4 v0000000006634870_0;
    %and;
T_7.2;
    %flag_set/vec4 8;
    %jmp/0xz  T_7.0, 8;
    %load/vec4 v0000000006634050_0;
    %parti/s 8, 0, 2;
    %pad/u 10;
    %ix/vec4 4;
    %load/vec4a v00000000066df310, 4;
    %load/vec4 v0000000006603c20_0;
    %inv;
    %and;
    %assign/vec4 v0000000006603220_0, 0;
T_7.0 ;
    %jmp T_7;
    .thread T_7;
    .scope S_0000000004bc31b0;
T_8 ;
    %pushi/vec4 0, 0, 1;
    %store/vec4 v00000000066e9750_0, 0, 1;
    %end;
    .thread T_8;
    .scope S_0000000004bc31b0;
T_9 ;
    %wait E_0000000006653a70;
    %load/vec4 v00000000066e9070_0;
    %assign/vec4 v00000000066e9750_0, 0;
    %jmp T_9;
    .thread T_9;
    .scope S_0000000004bc3340;
T_10 ;
    %pushi/vec4 0, 0, 1;
    %store/vec4 v00000000066e9250_0, 0, 1;
    %end;
    .thread T_10;
    .scope S_0000000004bc3340;
T_11 ;
    %wait E_00000000066531f0;
    %load/vec4 v00000000066e8490_0;
    %flag_set/vec4 8;
    %jmp/0xz  T_11.0, 8;
    %load/vec4 v00000000066e83f0_0;
    %assign/vec4 v00000000066e9250_0, 0;
T_11.0 ;
    %jmp T_11;
    .thread T_11;
    .scope S_0000000004bc7930;
T_12 ;
    %pushi/vec4 0, 0, 1;
    %store/vec4 v00000000066e8cb0_0, 0, 1;
    %end;
    .thread T_12;
    .scope S_0000000004bc7930;
T_13 ;
    %wait E_00000000066533b0;
    %load/vec4 v00000000066e92f0_0;
    %flag_set/vec4 8;
    %jmp/0xz  T_13.0, 8;
    %pushi/vec4 0, 0, 1;
    %assign/vec4 v00000000066e8cb0_0, 0;
    %jmp T_13.1;
T_13.0 ;
    %load/vec4 v00000000066e8350_0;
    %flag_set/vec4 8;
    %jmp/0xz  T_13.2, 8;
    %load/vec4 v00000000066e8530_0;
    %assign/vec4 v00000000066e8cb0_0, 0;
T_13.2 ;
T_13.1 ;
    %jmp T_13;
    .thread T_13;
    .scope S_0000000004bc7ac0;
T_14 ;
    %pushi/vec4 0, 0, 1;
    %store/vec4 v00000000066e8170_0, 0, 1;
    %end;
    .thread T_14;
    .scope S_0000000004bc7ac0;
T_15 ;
    %wait E_00000000066535f0;
    %load/vec4 v00000000066e8ad0_0;
    %flag_set/vec4 8;
    %jmp/0xz  T_15.0, 8;
    %pushi/vec4 1, 0, 1;
    %assign/vec4 v00000000066e8170_0, 0;
    %jmp T_15.1;
T_15.0 ;
    %load/vec4 v00000000066e9110_0;
    %flag_set/vec4 8;
    %jmp/0xz  T_15.2, 8;
    %load/vec4 v00000000066e8210_0;
    %assign/vec4 v00000000066e8170_0, 0;
T_15.2 ;
T_15.1 ;
    %jmp T_15;
    .thread T_15;
    .scope S_0000000004bc7c50;
T_16 ;
    %pushi/vec4 0, 0, 1;
    %store/vec4 v00000000066e8850_0, 0, 1;
    %end;
    .thread T_16;
    .scope S_0000000004bc7c50;
T_17 ;
    %wait E_0000000006653c30;
    %load/vec4 v00000000066e8d50_0;
    %flag_set/vec4 8;
    %jmp/0xz  T_17.0, 8;
    %load/vec4 v00000000066e8df0_0;
    %flag_set/vec4 8;
    %jmp/0xz  T_17.2, 8;
    %pushi/vec4 0, 0, 1;
    %assign/vec4 v00000000066e8850_0, 0;
    %jmp T_17.3;
T_17.2 ;
    %load/vec4 v00000000066e85d0_0;
    %assign/vec4 v00000000066e8850_0, 0;
T_17.3 ;
T_17.0 ;
    %jmp T_17;
    .thread T_17;
    .scope S_0000000004bd1fa0;
T_18 ;
    %pushi/vec4 0, 0, 1;
    %store/vec4 v00000000066e9430_0, 0, 1;
    %end;
    .thread T_18;
    .scope S_0000000004bd1fa0;
T_19 ;
    %wait E_0000000006653c70;
    %load/vec4 v00000000066e9610_0;
    %flag_set/vec4 8;
    %jmp/0xz  T_19.0, 8;
    %load/vec4 v00000000066e87b0_0;
    %flag_set/vec4 8;
    %jmp/0xz  T_19.2, 8;
    %pushi/vec4 1, 0, 1;
    %assign/vec4 v00000000066e9430_0, 0;
    %jmp T_19.3;
T_19.2 ;
    %load/vec4 v00000000066e88f0_0;
    %assign/vec4 v00000000066e9430_0, 0;
T_19.3 ;
T_19.0 ;
    %jmp T_19;
    .thread T_19;
    .scope S_0000000004bd2130;
T_20 ;
    %pushi/vec4 0, 0, 1;
    %store/vec4 v00000000066e82b0_0, 0, 1;
    %end;
    .thread T_20;
    .scope S_0000000004bd2130;
T_21 ;
    %wait E_0000000006652f70;
    %load/vec4 v00000000066e8fd0_0;
    %assign/vec4 v00000000066e82b0_0, 0;
    %jmp T_21;
    .thread T_21;
    .scope S_0000000004bd22c0;
T_22 ;
    %pushi/vec4 0, 0, 1;
    %store/vec4 v00000000066e8670_0, 0, 1;
    %end;
    .thread T_22;
    .scope S_0000000004bd22c0;
T_23 ;
    %wait E_0000000006653470;
    %load/vec4 v00000000066e8710_0;
    %flag_set/vec4 8;
    %jmp/0xz  T_23.0, 8;
    %load/vec4 v00000000066e91b0_0;
    %assign/vec4 v00000000066e8670_0, 0;
T_23.0 ;
    %jmp T_23;
    .thread T_23;
    .scope S_0000000004bcedd0;
T_24 ;
    %pushi/vec4 0, 0, 1;
    %store/vec4 v00000000066e96b0_0, 0, 1;
    %end;
    .thread T_24;
    .scope S_0000000004bcedd0;
T_25 ;
    %wait E_0000000006652e70;
    %load/vec4 v00000000066e5d30_0;
    %flag_set/vec4 8;
    %jmp/0xz  T_25.0, 8;
    %pushi/vec4 0, 0, 1;
    %assign/vec4 v00000000066e96b0_0, 0;
    %jmp T_25.1;
T_25.0 ;
    %load/vec4 v00000000066e9570_0;
    %flag_set/vec4 8;
    %jmp/0xz  T_25.2, 8;
    %load/vec4 v00000000066e94d0_0;
    %assign/vec4 v00000000066e96b0_0, 0;
T_25.2 ;
T_25.1 ;
    %jmp T_25;
    .thread T_25;
    .scope S_0000000004bcef60;
T_26 ;
    %pushi/vec4 0, 0, 1;
    %store/vec4 v00000000066e7770_0, 0, 1;
    %end;
    .thread T_26;
    .scope S_0000000004bcef60;
T_27 ;
    %wait E_0000000006652e30;
    %load/vec4 v00000000066e6550_0;
    %flag_set/vec4 8;
    %jmp/0xz  T_27.0, 8;
    %pushi/vec4 1, 0, 1;
    %assign/vec4 v00000000066e7770_0, 0;
    %jmp T_27.1;
T_27.0 ;
    %load/vec4 v00000000066e58d0_0;
    %flag_set/vec4 8;
    %jmp/0xz  T_27.2, 8;
    %load/vec4 v00000000066e7590_0;
    %assign/vec4 v00000000066e7770_0, 0;
T_27.2 ;
T_27.1 ;
    %jmp T_27;
    .thread T_27;
    .scope S_0000000004bcf0f0;
T_28 ;
    %pushi/vec4 0, 0, 1;
    %store/vec4 v00000000066e5a10_0, 0, 1;
    %end;
    .thread T_28;
    .scope S_0000000004bcf0f0;
T_29 ;
    %wait E_0000000006653cb0;
    %load/vec4 v00000000066e7090_0;
    %flag_set/vec4 8;
    %jmp/0xz  T_29.0, 8;
    %load/vec4 v00000000066e64b0_0;
    %flag_set/vec4 8;
    %jmp/0xz  T_29.2, 8;
    %pushi/vec4 0, 0, 1;
    %assign/vec4 v00000000066e5a10_0, 0;
    %jmp T_29.3;
T_29.2 ;
    %load/vec4 v00000000066e7e50_0;
    %assign/vec4 v00000000066e5a10_0, 0;
T_29.3 ;
T_29.0 ;
    %jmp T_29;
    .thread T_29;
    .scope S_0000000006688dc0;
T_30 ;
    %pushi/vec4 0, 0, 1;
    %store/vec4 v00000000066e7a90_0, 0, 1;
    %end;
    .thread T_30;
    .scope S_0000000006688dc0;
T_31 ;
    %wait E_0000000006652eb0;
    %load/vec4 v00000000066e7b30_0;
    %flag_set/vec4 8;
    %jmp/0xz  T_31.0, 8;
    %load/vec4 v00000000066e7ef0_0;
    %flag_set/vec4 8;
    %jmp/0xz  T_31.2, 8;
    %pushi/vec4 1, 0, 1;
    %assign/vec4 v00000000066e7a90_0, 0;
    %jmp T_31.3;
T_31.2 ;
    %load/vec4 v00000000066e6870_0;
    %assign/vec4 v00000000066e7a90_0, 0;
T_31.3 ;
T_31.0 ;
    %jmp T_31;
    .thread T_31;
    .scope S_0000000006689a40;
T_32 ;
    %pushi/vec4 0, 0, 1;
    %store/vec4 v00000000066e71d0_0, 0, 1;
    %end;
    .thread T_32;
    .scope S_0000000006689a40;
T_33 ;
    %wait E_0000000006653930;
    %load/vec4 v00000000066e5f10_0;
    %flag_set/vec4 8;
    %jmp/0xz  T_33.0, 8;
    %pushi/vec4 0, 0, 1;
    %assign/vec4 v00000000066e71d0_0, 0;
    %jmp T_33.1;
T_33.0 ;
    %load/vec4 v00000000066e7c70_0;
    %assign/vec4 v00000000066e71d0_0, 0;
T_33.1 ;
    %jmp T_33;
    .thread T_33;
    .scope S_0000000006688c30;
T_34 ;
    %pushi/vec4 0, 0, 1;
    %store/vec4 v00000000066e5b50_0, 0, 1;
    %end;
    .thread T_34;
    .scope S_0000000006688c30;
T_35 ;
    %wait E_0000000006652ef0;
    %load/vec4 v00000000066e6910_0;
    %flag_set/vec4 8;
    %jmp/0xz  T_35.0, 8;
    %pushi/vec4 1, 0, 1;
    %assign/vec4 v00000000066e5b50_0, 0;
    %jmp T_35.1;
T_35.0 ;
    %load/vec4 v00000000066e7810_0;
    %assign/vec4 v00000000066e5b50_0, 0;
T_35.1 ;
    %jmp T_35;
    .thread T_35;
    .scope S_0000000006689400;
T_36 ;
    %pushi/vec4 0, 0, 1;
    %store/vec4 v00000000066e78b0_0, 0, 1;
    %end;
    .thread T_36;
    .scope S_0000000006689400;
T_37 ;
    %wait E_0000000006652fb0;
    %load/vec4 v00000000066e65f0_0;
    %flag_set/vec4 8;
    %jmp/0xz  T_37.0, 8;
    %pushi/vec4 0, 0, 1;
    %assign/vec4 v00000000066e78b0_0, 0;
    %jmp T_37.1;
T_37.0 ;
    %load/vec4 v00000000066e6370_0;
    %assign/vec4 v00000000066e78b0_0, 0;
T_37.1 ;
    %jmp T_37;
    .thread T_37;
    .scope S_0000000006688f50;
T_38 ;
    %pushi/vec4 0, 0, 1;
    %store/vec4 v00000000066e7f90_0, 0, 1;
    %end;
    .thread T_38;
    .scope S_0000000006688f50;
T_39 ;
    %wait E_00000000066539f0;
    %load/vec4 v00000000066e5fb0_0;
    %flag_set/vec4 8;
    %jmp/0xz  T_39.0, 8;
    %pushi/vec4 1, 0, 1;
    %assign/vec4 v00000000066e7f90_0, 0;
    %jmp T_39.1;
T_39.0 ;
    %load/vec4 v00000000066e6690_0;
    %assign/vec4 v00000000066e7f90_0, 0;
T_39.1 ;
    %jmp T_39;
    .thread T_39;
    .scope S_0000000006689590;
T_40 ;
    %pushi/vec4 0, 0, 1;
    %store/vec4 v00000000066e5e70_0, 0, 1;
    %end;
    .thread T_40;
    .scope S_0000000006689590;
T_41 ;
    %wait E_00000000066534f0;
    %load/vec4 v00000000066e60f0_0;
    %flag_set/vec4 8;
    %jmp/0xz  T_41.0, 8;
    %pushi/vec4 0, 0, 1;
    %assign/vec4 v00000000066e5e70_0, 0;
    %jmp T_41.1;
T_41.0 ;
    %load/vec4 v00000000066e67d0_0;
    %assign/vec4 v00000000066e5e70_0, 0;
T_41.1 ;
    %jmp T_41;
    .thread T_41;
    .scope S_00000000066890e0;
T_42 ;
    %pushi/vec4 0, 0, 1;
    %store/vec4 v00000000066e7270_0, 0, 1;
    %end;
    .thread T_42;
    .scope S_00000000066890e0;
T_43 ;
    %wait E_00000000066535b0;
    %load/vec4 v00000000066e6230_0;
    %flag_set/vec4 8;
    %jmp/0xz  T_43.0, 8;
    %pushi/vec4 1, 0, 1;
    %assign/vec4 v00000000066e7270_0, 0;
    %jmp T_43.1;
T_43.0 ;
    %load/vec4 v00000000066e8030_0;
    %assign/vec4 v00000000066e7270_0, 0;
T_43.1 ;
    %jmp T_43;
    .thread T_43;
    .scope S_0000000006689270;
T_44 ;
    %pushi/vec4 0, 0, 1;
    %store/vec4 v00000000066e5bf0_0, 0, 1;
    %end;
    .thread T_44;
    .scope S_0000000006689270;
T_45 ;
    %wait E_0000000006653670;
    %load/vec4 v00000000066e69b0_0;
    %flag_set/vec4 8;
    %jmp/0xz  T_45.0, 8;
    %pushi/vec4 0, 0, 1;
    %assign/vec4 v00000000066e5bf0_0, 0;
    %jmp T_45.1;
T_45.0 ;
    %load/vec4 v00000000066e79f0_0;
    %assign/vec4 v00000000066e5bf0_0, 0;
T_45.1 ;
    %jmp T_45;
    .thread T_45;
    .scope S_0000000006689720;
T_46 ;
    %pushi/vec4 0, 0, 1;
    %store/vec4 v00000000066e5c90_0, 0, 1;
    %end;
    .thread T_46;
    .scope S_0000000006689720;
T_47 ;
    %wait E_00000000066537b0;
    %load/vec4 v00000000066e62d0_0;
    %flag_set/vec4 8;
    %jmp/0xz  T_47.0, 8;
    %pushi/vec4 1, 0, 1;
    %assign/vec4 v00000000066e5c90_0, 0;
    %jmp T_47.1;
T_47.0 ;
    %load/vec4 v00000000066e6410_0;
    %assign/vec4 v00000000066e5c90_0, 0;
T_47.1 ;
    %jmp T_47;
    .thread T_47;
    .scope S_000000000668f2c0;
T_48 ;
    %wait E_0000000006654db0;
    %load/vec4 v00000000066ecc20_0;
    %assign/vec4 v00000000066ed260_0, 0;
    %jmp T_48;
    .thread T_48;
    .scope S_000000000668f2c0;
T_49 ;
    %wait E_0000000006654db0;
    %load/vec4 v00000000066ecc20_0;
    %flag_set/vec4 8;
    %jmp/0xz  T_49.0, 8;
    %load/vec4 v00000000066e6eb0_0;
    %assign/vec4 v00000000066ec360_0, 0;
T_49.0 ;
    %jmp T_49;
    .thread T_49;
    .scope S_000000000668f2c0;
T_50 ;
    %wait E_00000000066543b0;
    %load/vec4 v00000000066ed260_0;
    %flag_set/vec4 8;
    %jmp/0xz  T_50.0, 8;
    %load/vec4 v00000000066e6eb0_0;
    %assign/vec4 v00000000066ed300_0, 0;
T_50.0 ;
    %jmp T_50;
    .thread T_50;
    .scope S_000000000668f2c0;
T_51 ;
    %wait E_0000000006654870;
    %load/vec4 v00000000066ecc20_0;
    %assign/vec4 v00000000066ed1c0_0, 0;
    %jmp T_51;
    .thread T_51;
    .scope S_000000000668f2c0;
T_52 ;
    %wait E_0000000006654870;
    %load/vec4 v00000000066ecc20_0;
    %flag_set/vec4 8;
    %jmp/0xz  T_52.0, 8;
    %load/vec4 v00000000066e7630_0;
    %assign/vec4 v00000000066ed3a0_0, 0;
T_52.0 ;
    %jmp T_52;
    .thread T_52;
    .scope S_000000000668f2c0;
T_53 ;
    %wait E_00000000066549f0;
    %load/vec4 v00000000066ed1c0_0;
    %flag_set/vec4 8;
    %jmp/0xz  T_53.0, 8;
    %load/vec4 v00000000066e76d0_0;
    %assign/vec4 v00000000066ecea0_0, 0;
T_53.0 ;
    %jmp T_53;
    .thread T_53;
    .scope S_000000000668f2c0;
T_54 ;
    %wait E_0000000006654870;
    %load/vec4 v00000000066ecc20_0;
    %flag_set/vec4 8;
    %jmp/0xz  T_54.0, 8;
    %load/vec4 v00000000066e6e10_0;
    %assign/vec4 v00000000066eccc0_0, 0;
T_54.0 ;
    %jmp T_54;
    .thread T_54;
    .scope S_000000000668e960;
T_55 ;
    %wait E_0000000006653e30;
    %load/vec4 v00000000066ec360_0;
    %store/vec4 v00000000066ec180_0, 0, 1;
    %load/vec4 v00000000066ed300_0;
    %store/vec4 v00000000066ece00_0, 0, 1;
    %jmp T_55;
    .thread T_55, $push;
    .scope S_000000000668e960;
T_56 ;
    %wait E_0000000006653870;
    %load/vec4 v00000000066e6f50_0;
    %assign/vec4 v00000000066ec900_0, 0;
    %jmp T_56;
    .thread T_56, $push;
    .scope S_000000000668e960;
T_57 ;
    %wait E_0000000006653830;
    %load/vec4 v00000000066ec900_0;
    %assign/vec4 v00000000066ec4a0_0, 0;
    %jmp T_57;
    .thread T_57, $push;
    .scope S_000000000668e960;
T_58 ;
    %wait E_00000000066537f0;
    %load/vec4 v00000000066ec4a0_0;
    %pushi/vec4 0, 0, 1;
    %xor;
    %flag_set/vec4 8;
    %jmp/1 T_58.2, 8;
    %pushi/vec4 0, 0, 1;
    %flag_set/vec4 9;
    %flag_or 8, 9;
T_58.2;
    %jmp/0 T_58.0, 8;
    %load/vec4 v00000000066ed3a0_0;
    %jmp/1 T_58.1, 8;
T_58.0 ; End of true expr.
    %load/vec4 v00000000066ecea0_0;
    %jmp/0 T_58.1, 8;
 ; End of false expr.
    %blend;
T_58.1;
    %store/vec4 v00000000066ec400_0, 0, 1;
    %jmp T_58;
    .thread T_58, $push;
    .scope S_000000000668f770;
T_59 ;
    %wait E_00000000066542f0;
    %load/vec4 v00000000066ebdc0_0;
    %flag_set/vec4 8;
    %jmp/0xz  T_59.0, 8;
    %load/vec4 v00000000066eaa60_0;
    %assign/vec4 v00000000066e9ac0_0, 0;
T_59.0 ;
    %jmp T_59;
    .thread T_59;
    .scope S_000000000668f770;
T_60 ;
    %wait E_0000000006654cb0;
    %load/vec4 v00000000066ebdc0_0;
    %flag_set/vec4 8;
    %jmp/0xz  T_60.0, 8;
    %load/vec4 v00000000066eaa60_0;
    %assign/vec4 v00000000066e9c00_0, 0;
T_60.0 ;
    %jmp T_60;
    .thread T_60;
    .scope S_000000000668f770;
T_61 ;
    %wait E_00000000066544f0;
    %load/vec4 v00000000066ebdc0_0;
    %flag_set/vec4 8;
    %jmp/0xz  T_61.0, 8;
    %load/vec4 v00000000066ebbe0_0;
    %assign/vec4 v00000000066e9ca0_0, 0;
T_61.0 ;
    %jmp T_61;
    .thread T_61;
    .scope S_000000000668f770;
T_62 ;
    %wait E_0000000006654a30;
    %load/vec4 v00000000066ebdc0_0;
    %flag_set/vec4 8;
    %jmp/0xz  T_62.0, 8;
    %load/vec4 v00000000066ebc80_0;
    %assign/vec4 v00000000066eaec0_0, 0;
T_62.0 ;
    %jmp T_62;
    .thread T_62;
    .scope S_000000000668f770;
T_63 ;
    %wait E_00000000066544f0;
    %load/vec4 v00000000066ebdc0_0;
    %flag_set/vec4 8;
    %jmp/0xz  T_63.0, 8;
    %load/vec4 v00000000066ebe60_0;
    %assign/vec4 v00000000066ea740_0, 0;
T_63.0 ;
    %jmp T_63;
    .thread T_63;
    .scope S_000000000667d5c0;
T_64 ;
    %wait E_0000000006654c70;
    %load/vec4 v00000000066e9ac0_0;
    %store/vec4 v00000000066eb460_0, 0, 1;
    %load/vec4 v00000000066e9c00_0;
    %store/vec4 v00000000066e9a20_0, 0, 1;
    %jmp T_64;
    .thread T_64, $push;
    .scope S_000000000667d5c0;
T_65 ;
    %wait E_0000000006654370;
    %load/vec4 v00000000066ebd20_0;
    %assign/vec4 v00000000066ea560_0, 0;
    %jmp T_65;
    .thread T_65, $push;
    .scope S_000000000667d5c0;
T_66 ;
    %wait E_0000000006654cf0;
    %load/vec4 v00000000066ea560_0;
    %assign/vec4 v00000000066ea6a0_0, 0;
    %jmp T_66;
    .thread T_66, $push;
    .scope S_000000000667d5c0;
T_67 ;
    %wait E_0000000006654830;
    %load/vec4 v00000000066ea6a0_0;
    %pushi/vec4 0, 0, 1;
    %xor;
    %flag_set/vec4 8;
    %jmp/1 T_67.2, 8;
    %pushi/vec4 0, 0, 1;
    %flag_set/vec4 9;
    %flag_or 8, 9;
T_67.2;
    %jmp/0 T_67.0, 8;
    %load/vec4 v00000000066e9ca0_0;
    %jmp/1 T_67.1, 8;
T_67.0 ; End of true expr.
    %load/vec4 v00000000066eaec0_0;
    %jmp/0 T_67.1, 8;
 ; End of false expr.
    %blend;
T_67.1;
    %store/vec4 v00000000066eb500_0, 0, 1;
    %jmp T_67;
    .thread T_67, $push;
    .scope S_000000000668e000;
T_68 ;
    %wait E_0000000006654b70;
    %load/vec4 v00000000066ea7e0_0;
    %flag_set/vec4 8;
    %jmp/0xz  T_68.0, 8;
    %load/vec4 v00000000066ef470_0;
    %assign/vec4 v00000000066ee6b0_0, 0;
T_68.0 ;
    %jmp T_68;
    .thread T_68;
    .scope S_000000000668e000;
T_69 ;
    %wait E_0000000006653f70;
    %load/vec4 v00000000066ea7e0_0;
    %flag_set/vec4 8;
    %jmp/0xz  T_69.0, 8;
    %load/vec4 v00000000066ef470_0;
    %assign/vec4 v00000000066efab0_0, 0;
T_69.0 ;
    %jmp T_69;
    .thread T_69;
    .scope S_000000000668e000;
T_70 ;
    %wait E_0000000006654330;
    %load/vec4 v00000000066ea7e0_0;
    %flag_set/vec4 8;
    %jmp/0xz  T_70.0, 8;
    %load/vec4 v00000000066eb000_0;
    %assign/vec4 v00000000066ede90_0, 0;
T_70.0 ;
    %jmp T_70;
    .thread T_70;
    .scope S_000000000668e000;
T_71 ;
    %wait E_0000000006654df0;
    %load/vec4 v00000000066ea7e0_0;
    %flag_set/vec4 8;
    %jmp/0xz  T_71.0, 8;
    %load/vec4 v00000000066eb140_0;
    %assign/vec4 v00000000066eef70_0, 0;
T_71.0 ;
    %jmp T_71;
    .thread T_71;
    .scope S_000000000668e000;
T_72 ;
    %wait E_0000000006654330;
    %load/vec4 v00000000066ea7e0_0;
    %flag_set/vec4 8;
    %jmp/0xz  T_72.0, 8;
    %load/vec4 v00000000066ee610_0;
    %assign/vec4 v00000000066efa10_0, 0;
T_72.0 ;
    %jmp T_72;
    .thread T_72;
    .scope S_000000000667d750;
T_73 ;
    %wait E_0000000006654470;
    %load/vec4 v00000000066ee6b0_0;
    %store/vec4 v00000000066ee890_0, 0, 1;
    %load/vec4 v00000000066efab0_0;
    %store/vec4 v00000000066ee430_0, 0, 1;
    %jmp T_73;
    .thread T_73, $push;
    .scope S_000000000667d750;
T_74 ;
    %wait E_0000000006653fb0;
    %load/vec4 v00000000066ef150_0;
    %assign/vec4 v00000000066ee930_0, 0;
    %jmp T_74;
    .thread T_74, $push;
    .scope S_000000000667d750;
T_75 ;
    %wait E_0000000006654730;
    %load/vec4 v00000000066ee930_0;
    %assign/vec4 v00000000066ef510_0, 0;
    %jmp T_75;
    .thread T_75, $push;
    .scope S_000000000667d750;
T_76 ;
    %wait E_0000000006654930;
    %load/vec4 v00000000066ef510_0;
    %pushi/vec4 0, 0, 1;
    %xor;
    %flag_set/vec4 8;
    %jmp/1 T_76.2, 8;
    %pushi/vec4 0, 0, 1;
    %flag_set/vec4 9;
    %flag_or 8, 9;
T_76.2;
    %jmp/0 T_76.0, 8;
    %load/vec4 v00000000066ede90_0;
    %jmp/1 T_76.1, 8;
T_76.0 ; End of true expr.
    %load/vec4 v00000000066eef70_0;
    %jmp/0 T_76.1, 8;
 ; End of false expr.
    %blend;
T_76.1;
    %store/vec4 v00000000066efe70_0, 0, 1;
    %jmp T_76;
    .thread T_76, $push;
    .scope S_000000000667cdf0;
T_77 ;
    %wait E_0000000006654070;
    %load/vec4 v00000000066f14f0_0;
    %flag_set/vec4 8;
    %jmp/0xz  T_77.0, 8;
    %pushi/vec4 0, 0, 16;
    %assign/vec4 v00000000066fe120_0, 0;
    %pushi/vec4 0, 0, 16;
    %assign/vec4 v00000000066fdfe0_0, 0;
    %jmp T_77.1;
T_77.0 ;
    %load/vec4 v00000000066f0c30_0;
    %flag_set/vec4 8;
    %jmp/0xz  T_77.2, 8;
    %load/vec4 v00000000066f0ff0_0;
    %nor/r;
    %flag_set/vec4 8;
    %jmp/0xz  T_77.4, 8;
    %load/vec4 v00000000066f1450_0;
    %assign/vec4 v00000000066fe120_0, 0;
T_77.4 ;
    %load/vec4 v00000000066edc10_0;
    %nor/r;
    %flag_set/vec4 8;
    %jmp/0xz  T_77.6, 8;
    %load/vec4 v00000000066ed990_0;
    %assign/vec4 v00000000066fdfe0_0, 0;
T_77.6 ;
T_77.2 ;
T_77.1 ;
    %jmp T_77;
    .thread T_77;
    .scope S_000000000667cdf0;
T_78 ;
    %wait E_0000000006654770;
    %load/vec4 v00000000066f07d0_0;
    %flag_set/vec4 8;
    %jmp/0xz  T_78.0, 8;
    %pushi/vec4 0, 0, 16;
    %assign/vec4 v00000000066fcf00_0, 0;
    %pushi/vec4 0, 0, 16;
    %assign/vec4 v00000000066fe260_0, 0;
    %jmp T_78.1;
T_78.0 ;
    %load/vec4 v00000000066f0c30_0;
    %flag_set/vec4 8;
    %jmp/0xz  T_78.2, 8;
    %load/vec4 v00000000066f0af0_0;
    %nor/r;
    %flag_set/vec4 8;
    %jmp/0xz  T_78.4, 8;
    %load/vec4 v00000000066f0410_0;
    %assign/vec4 v00000000066fcf00_0, 0;
T_78.4 ;
    %load/vec4 v00000000066f0190_0;
    %nor/r;
    %flag_set/vec4 8;
    %jmp/0xz  T_78.6, 8;
    %load/vec4 v00000000066f0b90_0;
    %assign/vec4 v00000000066fe260_0, 0;
T_78.6 ;
T_78.2 ;
T_78.1 ;
    %jmp T_78;
    .thread T_78;
    .scope S_000000000667cdf0;
T_79 ;
    %wait E_0000000006654070;
    %load/vec4 v00000000066f14f0_0;
    %flag_set/vec4 8;
    %jmp/0xz  T_79.0, 8;
    %pushi/vec4 0, 0, 16;
    %assign/vec4 v00000000066fdf40_0, 0;
    %pushi/vec4 0, 0, 16;
    %assign/vec4 v00000000066fc640_0, 0;
    %jmp T_79.1;
T_79.0 ;
    %load/vec4 v00000000066f0c30_0;
    %flag_set/vec4 8;
    %jmp/0xz  T_79.2, 8;
    %load/vec4 v00000000066fcbe0_0;
    %assign/vec4 v00000000066fdf40_0, 0;
    %load/vec4 v00000000066fc5a0_0;
    %assign/vec4 v00000000066fc640_0, 0;
T_79.2 ;
T_79.1 ;
    %jmp T_79;
    .thread T_79;
    .scope S_000000000667cdf0;
T_80 ;
    %wait E_0000000006654770;
    %load/vec4 v00000000066f07d0_0;
    %flag_set/vec4 8;
    %jmp/0xz  T_80.0, 8;
    %pushi/vec4 0, 0, 16;
    %assign/vec4 v00000000066fe300_0, 0;
    %pushi/vec4 0, 0, 16;
    %assign/vec4 v00000000066fd680_0, 0;
    %jmp T_80.1;
T_80.0 ;
    %load/vec4 v00000000066f0c30_0;
    %flag_set/vec4 8;
    %jmp/0xz  T_80.2, 8;
    %load/vec4 v00000000066fca00_0;
    %assign/vec4 v00000000066fe300_0, 0;
    %load/vec4 v00000000066fe1c0_0;
    %assign/vec4 v00000000066fd680_0, 0;
T_80.2 ;
T_80.1 ;
    %jmp T_80;
    .thread T_80;
    .scope S_000000000667cdf0;
T_81 ;
    %wait E_0000000006654770;
    %load/vec4 v00000000066f07d0_0;
    %flag_set/vec4 8;
    %jmp/0xz  T_81.0, 8;
    %pushi/vec4 0, 0, 32;
    %assign/vec4 v00000000066fd4a0_0, 0;
    %jmp T_81.1;
T_81.0 ;
    %load/vec4 v00000000066f0c30_0;
    %flag_set/vec4 8;
    %jmp/0xz  T_81.2, 8;
    %load/vec4 v00000000066fe4e0_0;
    %assign/vec4 v00000000066fd4a0_0, 0;
T_81.2 ;
T_81.1 ;
    %jmp T_81;
    .thread T_81;
    .scope S_000000000667cdf0;
T_82 ;
    %wait E_0000000006653e70;
    %load/vec4 v00000000066f09b0_0;
    %flag_set/vec4 8;
    %jmp/0xz  T_82.0, 8;
    %pushi/vec4 0, 0, 16;
    %assign/vec4 v00000000066fe620_0, 0;
    %jmp T_82.1;
T_82.0 ;
    %load/vec4 v00000000066f0c30_0;
    %flag_set/vec4 8;
    %jmp/0xz  T_82.2, 8;
    %load/vec4 v00000000066f0730_0;
    %nor/r;
    %flag_set/vec4 8;
    %jmp/0xz  T_82.4, 8;
    %load/vec4 v00000000066fdc20_0;
    %assign/vec4 v00000000066fe620_0, 0;
T_82.4 ;
T_82.2 ;
T_82.1 ;
    %jmp T_82;
    .thread T_82;
    .scope S_000000000667cdf0;
T_83 ;
    %wait E_0000000006654af0;
    %load/vec4 v00000000066f1590_0;
    %flag_set/vec4 8;
    %jmp/0xz  T_83.0, 8;
    %pushi/vec4 0, 0, 16;
    %assign/vec4 v00000000066fc320_0, 0;
    %jmp T_83.1;
T_83.0 ;
    %load/vec4 v00000000066f0c30_0;
    %flag_set/vec4 8;
    %jmp/0xz  T_83.2, 8;
    %load/vec4 v00000000066f0230_0;
    %nor/r;
    %flag_set/vec4 8;
    %jmp/0xz  T_83.4, 8;
    %load/vec4 v00000000066fc460_0;
    %assign/vec4 v00000000066fc320_0, 0;
T_83.4 ;
T_83.2 ;
T_83.1 ;
    %jmp T_83;
    .thread T_83;
    .scope S_000000000668ec80;
T_84 ;
    %pushi/vec4 0, 0, 32;
    %store/vec4 v00000000066ff8e0_0, 0, 32;
T_84.0 ; Top of for-loop 
    %load/vec4 v00000000066ff8e0_0;
    %cmpi/s 16, 0, 32;
    %jmp/0xz T_84.1, 5;
    %pushi/vec4 0, 0, 256;
    %load/vec4 v00000000066ff8e0_0;
    %muli 16, 0, 32;
    %part/s 16;
    %pushi/vec4 0, 0, 32;
    %load/vec4 v00000000066ff8e0_0;
    %add;
    %ix/vec4/s 4;
    %store/vec4a v00000000066ff340, 4, 0;
    %pushi/vec4 0, 0, 256;
    %load/vec4 v00000000066ff8e0_0;
    %muli 16, 0, 32;
    %part/s 16;
    %pushi/vec4 16, 0, 32;
    %load/vec4 v00000000066ff8e0_0;
    %add;
    %ix/vec4/s 4;
    %store/vec4a v00000000066ff340, 4, 0;
    %pushi/vec4 0, 0, 256;
    %load/vec4 v00000000066ff8e0_0;
    %muli 16, 0, 32;
    %part/s 16;
    %pushi/vec4 32, 0, 32;
    %load/vec4 v00000000066ff8e0_0;
    %add;
    %ix/vec4/s 4;
    %store/vec4a v00000000066ff340, 4, 0;
    %pushi/vec4 0, 0, 256;
    %load/vec4 v00000000066ff8e0_0;
    %muli 16, 0, 32;
    %part/s 16;
    %pushi/vec4 48, 0, 32;
    %load/vec4 v00000000066ff8e0_0;
    %add;
    %ix/vec4/s 4;
    %store/vec4a v00000000066ff340, 4, 0;
    %pushi/vec4 0, 0, 256;
    %load/vec4 v00000000066ff8e0_0;
    %muli 16, 0, 32;
    %part/s 16;
    %pushi/vec4 64, 0, 32;
    %load/vec4 v00000000066ff8e0_0;
    %add;
    %ix/vec4/s 4;
    %store/vec4a v00000000066ff340, 4, 0;
    %pushi/vec4 0, 0, 256;
    %load/vec4 v00000000066ff8e0_0;
    %muli 16, 0, 32;
    %part/s 16;
    %pushi/vec4 80, 0, 32;
    %load/vec4 v00000000066ff8e0_0;
    %add;
    %ix/vec4/s 4;
    %store/vec4a v00000000066ff340, 4, 0;
    %pushi/vec4 0, 0, 256;
    %load/vec4 v00000000066ff8e0_0;
    %muli 16, 0, 32;
    %part/s 16;
    %pushi/vec4 96, 0, 32;
    %load/vec4 v00000000066ff8e0_0;
    %add;
    %ix/vec4/s 4;
    %store/vec4a v00000000066ff340, 4, 0;
    %pushi/vec4 0, 0, 256;
    %load/vec4 v00000000066ff8e0_0;
    %muli 16, 0, 32;
    %part/s 16;
    %pushi/vec4 112, 0, 32;
    %load/vec4 v00000000066ff8e0_0;
    %add;
    %ix/vec4/s 4;
    %store/vec4a v00000000066ff340, 4, 0;
    %pushi/vec4 0, 0, 256;
    %load/vec4 v00000000066ff8e0_0;
    %muli 16, 0, 32;
    %part/s 16;
    %pushi/vec4 128, 0, 32;
    %load/vec4 v00000000066ff8e0_0;
    %add;
    %ix/vec4/s 4;
    %store/vec4a v00000000066ff340, 4, 0;
    %pushi/vec4 0, 0, 256;
    %load/vec4 v00000000066ff8e0_0;
    %muli 16, 0, 32;
    %part/s 16;
    %pushi/vec4 144, 0, 32;
    %load/vec4 v00000000066ff8e0_0;
    %add;
    %ix/vec4/s 4;
    %store/vec4a v00000000066ff340, 4, 0;
    %pushi/vec4 0, 0, 256;
    %load/vec4 v00000000066ff8e0_0;
    %muli 16, 0, 32;
    %part/s 16;
    %pushi/vec4 160, 0, 32;
    %load/vec4 v00000000066ff8e0_0;
    %add;
    %ix/vec4/s 4;
    %store/vec4a v00000000066ff340, 4, 0;
    %pushi/vec4 0, 0, 256;
    %load/vec4 v00000000066ff8e0_0;
    %muli 16, 0, 32;
    %part/s 16;
    %pushi/vec4 176, 0, 32;
    %load/vec4 v00000000066ff8e0_0;
    %add;
    %ix/vec4/s 4;
    %store/vec4a v00000000066ff340, 4, 0;
    %pushi/vec4 0, 0, 256;
    %load/vec4 v00000000066ff8e0_0;
    %muli 16, 0, 32;
    %part/s 16;
    %pushi/vec4 192, 0, 32;
    %load/vec4 v00000000066ff8e0_0;
    %add;
    %ix/vec4/s 4;
    %store/vec4a v00000000066ff340, 4, 0;
    %pushi/vec4 0, 0, 256;
    %load/vec4 v00000000066ff8e0_0;
    %muli 16, 0, 32;
    %part/s 16;
    %pushi/vec4 208, 0, 32;
    %load/vec4 v00000000066ff8e0_0;
    %add;
    %ix/vec4/s 4;
    %store/vec4a v00000000066ff340, 4, 0;
    %pushi/vec4 0, 0, 256;
    %load/vec4 v00000000066ff8e0_0;
    %muli 16, 0, 32;
    %part/s 16;
    %pushi/vec4 224, 0, 32;
    %load/vec4 v00000000066ff8e0_0;
    %add;
    %ix/vec4/s 4;
    %store/vec4a v00000000066ff340, 4, 0;
    %pushi/vec4 0, 0, 256;
    %load/vec4 v00000000066ff8e0_0;
    %muli 16, 0, 32;
    %part/s 16;
    %pushi/vec4 240, 0, 32;
    %load/vec4 v00000000066ff8e0_0;
    %add;
    %ix/vec4/s 4;
    %store/vec4a v00000000066ff340, 4, 0;
T_84.2 ; for-loop step statement
    %load/vec4 v00000000066ff8e0_0;
    %addi 1, 0, 32;
    %store/vec4 v00000000066ff8e0_0, 0, 32;
    %jmp T_84.0;
T_84.1 ; for-loop exit label
    %end;
    .thread T_84;
    .scope S_000000000668ec80;
T_85 ;
    %wait E_00000000066543f0;
    %load/vec4 v00000000067011e0_0;
    %flag_set/vec4 9;
    %flag_get/vec4 9;
    %jmp/0 T_85.2, 9;
    %load/vec4 v0000000006700f60_0;
    %and;
T_85.2;
    %flag_set/vec4 8;
    %jmp/0xz  T_85.0, 8;
    %load/vec4 v00000000066ffa20_0;
    %parti/s 1, 0, 2;
    %nor/r;
    %flag_set/vec4 8;
    %jmp/0xz  T_85.3, 8;
    %load/vec4 v0000000006701000_0;
    %parti/s 1, 0, 2;
    %load/vec4 v00000000066ff840_0;
    %parti/s 8, 0, 2;
    %pad/u 10;
    %ix/vec4 3;
    %ix/load 4, 0, 0; Constant delay
    %assign/vec4/a/d v00000000066ff340, 0, 4;
T_85.3 ;
    %load/vec4 v00000000066ffa20_0;
    %parti/s 1, 1, 2;
    %nor/r;
    %flag_set/vec4 8;
    %jmp/0xz  T_85.5, 8;
    %load/vec4 v0000000006701000_0;
    %parti/s 1, 1, 2;
    %load/vec4 v00000000066ff840_0;
    %parti/s 8, 0, 2;
    %pad/u 10;
    %ix/vec4 3;
    %ix/load 4, 1, 0; part off
    %ix/load 5, 0, 0; Constant delay
    %assign/vec4/a/d v00000000066ff340, 4, 5;
T_85.5 ;
    %load/vec4 v00000000066ffa20_0;
    %parti/s 1, 2, 3;
    %nor/r;
    %flag_set/vec4 8;
    %jmp/0xz  T_85.7, 8;
    %load/vec4 v0000000006701000_0;
    %parti/s 1, 2, 3;
    %load/vec4 v00000000066ff840_0;
    %parti/s 8, 0, 2;
    %pad/u 10;
    %ix/vec4 3;
    %ix/load 4, 2, 0; part off
    %ix/load 5, 0, 0; Constant delay
    %assign/vec4/a/d v00000000066ff340, 4, 5;
T_85.7 ;
    %load/vec4 v00000000066ffa20_0;
    %parti/s 1, 3, 3;
    %nor/r;
    %flag_set/vec4 8;
    %jmp/0xz  T_85.9, 8;
    %load/vec4 v0000000006701000_0;
    %parti/s 1, 3, 3;
    %load/vec4 v00000000066ff840_0;
    %parti/s 8, 0, 2;
    %pad/u 10;
    %ix/vec4 3;
    %ix/load 4, 3, 0; part off
    %ix/load 5, 0, 0; Constant delay
    %assign/vec4/a/d v00000000066ff340, 4, 5;
T_85.9 ;
    %load/vec4 v00000000066ffa20_0;
    %parti/s 1, 4, 4;
    %nor/r;
    %flag_set/vec4 8;
    %jmp/0xz  T_85.11, 8;
    %load/vec4 v0000000006701000_0;
    %parti/s 1, 4, 4;
    %load/vec4 v00000000066ff840_0;
    %parti/s 8, 0, 2;
    %pad/u 10;
    %ix/vec4 3;
    %ix/load 4, 4, 0; part off
    %ix/load 5, 0, 0; Constant delay
    %assign/vec4/a/d v00000000066ff340, 4, 5;
T_85.11 ;
    %load/vec4 v00000000066ffa20_0;
    %parti/s 1, 5, 4;
    %nor/r;
    %flag_set/vec4 8;
    %jmp/0xz  T_85.13, 8;
    %load/vec4 v0000000006701000_0;
    %parti/s 1, 5, 4;
    %load/vec4 v00000000066ff840_0;
    %parti/s 8, 0, 2;
    %pad/u 10;
    %ix/vec4 3;
    %ix/load 4, 5, 0; part off
    %ix/load 5, 0, 0; Constant delay
    %assign/vec4/a/d v00000000066ff340, 4, 5;
T_85.13 ;
    %load/vec4 v00000000066ffa20_0;
    %parti/s 1, 6, 4;
    %nor/r;
    %flag_set/vec4 8;
    %jmp/0xz  T_85.15, 8;
    %load/vec4 v0000000006701000_0;
    %parti/s 1, 6, 4;
    %load/vec4 v00000000066ff840_0;
    %parti/s 8, 0, 2;
    %pad/u 10;
    %ix/vec4 3;
    %ix/load 4, 6, 0; part off
    %ix/load 5, 0, 0; Constant delay
    %assign/vec4/a/d v00000000066ff340, 4, 5;
T_85.15 ;
    %load/vec4 v00000000066ffa20_0;
    %parti/s 1, 7, 4;
    %nor/r;
    %flag_set/vec4 8;
    %jmp/0xz  T_85.17, 8;
    %load/vec4 v0000000006701000_0;
    %parti/s 1, 7, 4;
    %load/vec4 v00000000066ff840_0;
    %parti/s 8, 0, 2;
    %pad/u 10;
    %ix/vec4 3;
    %ix/load 4, 7, 0; part off
    %ix/load 5, 0, 0; Constant delay
    %assign/vec4/a/d v00000000066ff340, 4, 5;
T_85.17 ;
    %load/vec4 v00000000066ffa20_0;
    %parti/s 1, 8, 5;
    %nor/r;
    %flag_set/vec4 8;
    %jmp/0xz  T_85.19, 8;
    %load/vec4 v0000000006701000_0;
    %parti/s 1, 8, 5;
    %load/vec4 v00000000066ff840_0;
    %parti/s 8, 0, 2;
    %pad/u 10;
    %ix/vec4 3;
    %ix/load 4, 8, 0; part off
    %ix/load 5, 0, 0; Constant delay
    %assign/vec4/a/d v00000000066ff340, 4, 5;
T_85.19 ;
    %load/vec4 v00000000066ffa20_0;
    %parti/s 1, 9, 5;
    %nor/r;
    %flag_set/vec4 8;
    %jmp/0xz  T_85.21, 8;
    %load/vec4 v0000000006701000_0;
    %parti/s 1, 9, 5;
    %load/vec4 v00000000066ff840_0;
    %parti/s 8, 0, 2;
    %pad/u 10;
    %ix/vec4 3;
    %ix/load 4, 9, 0; part off
    %ix/load 5, 0, 0; Constant delay
    %assign/vec4/a/d v00000000066ff340, 4, 5;
T_85.21 ;
    %load/vec4 v00000000066ffa20_0;
    %parti/s 1, 10, 5;
    %nor/r;
    %flag_set/vec4 8;
    %jmp/0xz  T_85.23, 8;
    %load/vec4 v0000000006701000_0;
    %parti/s 1, 10, 5;
    %load/vec4 v00000000066ff840_0;
    %parti/s 8, 0, 2;
    %pad/u 10;
    %ix/vec4 3;
    %ix/load 4, 10, 0; part off
    %ix/load 5, 0, 0; Constant delay
    %assign/vec4/a/d v00000000066ff340, 4, 5;
T_85.23 ;
    %load/vec4 v00000000066ffa20_0;
    %parti/s 1, 11, 5;
    %nor/r;
    %flag_set/vec4 8;
    %jmp/0xz  T_85.25, 8;
    %load/vec4 v0000000006701000_0;
    %parti/s 1, 11, 5;
    %load/vec4 v00000000066ff840_0;
    %parti/s 8, 0, 2;
    %pad/u 10;
    %ix/vec4 3;
    %ix/load 4, 11, 0; part off
    %ix/load 5, 0, 0; Constant delay
    %assign/vec4/a/d v00000000066ff340, 4, 5;
T_85.25 ;
    %load/vec4 v00000000066ffa20_0;
    %parti/s 1, 12, 5;
    %nor/r;
    %flag_set/vec4 8;
    %jmp/0xz  T_85.27, 8;
    %load/vec4 v0000000006701000_0;
    %parti/s 1, 12, 5;
    %load/vec4 v00000000066ff840_0;
    %parti/s 8, 0, 2;
    %pad/u 10;
    %ix/vec4 3;
    %ix/load 4, 12, 0; part off
    %ix/load 5, 0, 0; Constant delay
    %assign/vec4/a/d v00000000066ff340, 4, 5;
T_85.27 ;
    %load/vec4 v00000000066ffa20_0;
    %parti/s 1, 13, 5;
    %nor/r;
    %flag_set/vec4 8;
    %jmp/0xz  T_85.29, 8;
    %load/vec4 v0000000006701000_0;
    %parti/s 1, 13, 5;
    %load/vec4 v00000000066ff840_0;
    %parti/s 8, 0, 2;
    %pad/u 10;
    %ix/vec4 3;
    %ix/load 4, 13, 0; part off
    %ix/load 5, 0, 0; Constant delay
    %assign/vec4/a/d v00000000066ff340, 4, 5;
T_85.29 ;
    %load/vec4 v00000000066ffa20_0;
    %parti/s 1, 14, 5;
    %nor/r;
    %flag_set/vec4 8;
    %jmp/0xz  T_85.31, 8;
    %load/vec4 v0000000006701000_0;
    %parti/s 1, 14, 5;
    %load/vec4 v00000000066ff840_0;
    %parti/s 8, 0, 2;
    %pad/u 10;
    %ix/vec4 3;
    %ix/load 4, 14, 0; part off
    %ix/load 5, 0, 0; Constant delay
    %assign/vec4/a/d v00000000066ff340, 4, 5;
T_85.31 ;
    %load/vec4 v00000000066ffa20_0;
    %parti/s 1, 15, 5;
    %nor/r;
    %flag_set/vec4 8;
    %jmp/0xz  T_85.33, 8;
    %load/vec4 v0000000006701000_0;
    %parti/s 1, 15, 5;
    %load/vec4 v00000000066ff840_0;
    %parti/s 8, 0, 2;
    %pad/u 10;
    %ix/vec4 3;
    %ix/load 4, 15, 0; part off
    %ix/load 5, 0, 0; Constant delay
    %assign/vec4/a/d v00000000066ff340, 4, 5;
T_85.33 ;
T_85.0 ;
    %jmp T_85;
    .thread T_85;
    .scope S_000000000668ec80;
T_86 ;
    %wait E_0000000006653ef0;
    %load/vec4 v00000000066ff200_0;
    %flag_set/vec4 9;
    %flag_get/vec4 9;
    %jmp/0 T_86.2, 9;
    %load/vec4 v00000000066ff020_0;
    %and;
T_86.2;
    %flag_set/vec4 8;
    %jmp/0xz  T_86.0, 8;
    %load/vec4 v00000000066ffe80_0;
    %parti/s 8, 0, 2;
    %pad/u 10;
    %ix/vec4 4;
    %load/vec4a v00000000066ff340, 4;
    %load/vec4 v0000000006700100_0;
    %inv;
    %and;
    %assign/vec4 v00000000066fff20_0, 0;
T_86.0 ;
    %jmp T_86;
    .thread T_86;
    .scope S_00000000067041f0;
T_87 ;
    %pushi/vec4 0, 0, 32;
    %store/vec4 v0000000006701a00_0, 0, 32;
T_87.0 ; Top of for-loop 
    %load/vec4 v0000000006701a00_0;
    %cmpi/s 16, 0, 32;
    %jmp/0xz T_87.1, 5;
    %pushi/vec4 0, 0, 256;
    %load/vec4 v0000000006701a00_0;
    %muli 16, 0, 32;
    %part/s 16;
    %pushi/vec4 0, 0, 32;
    %load/vec4 v0000000006701a00_0;
    %add;
    %ix/vec4/s 4;
    %store/vec4a v0000000006701460, 4, 0;
    %pushi/vec4 0, 0, 256;
    %load/vec4 v0000000006701a00_0;
    %muli 16, 0, 32;
    %part/s 16;
    %pushi/vec4 16, 0, 32;
    %load/vec4 v0000000006701a00_0;
    %add;
    %ix/vec4/s 4;
    %store/vec4a v0000000006701460, 4, 0;
    %pushi/vec4 0, 0, 256;
    %load/vec4 v0000000006701a00_0;
    %muli 16, 0, 32;
    %part/s 16;
    %pushi/vec4 32, 0, 32;
    %load/vec4 v0000000006701a00_0;
    %add;
    %ix/vec4/s 4;
    %store/vec4a v0000000006701460, 4, 0;
    %pushi/vec4 0, 0, 256;
    %load/vec4 v0000000006701a00_0;
    %muli 16, 0, 32;
    %part/s 16;
    %pushi/vec4 48, 0, 32;
    %load/vec4 v0000000006701a00_0;
    %add;
    %ix/vec4/s 4;
    %store/vec4a v0000000006701460, 4, 0;
    %pushi/vec4 0, 0, 256;
    %load/vec4 v0000000006701a00_0;
    %muli 16, 0, 32;
    %part/s 16;
    %pushi/vec4 64, 0, 32;
    %load/vec4 v0000000006701a00_0;
    %add;
    %ix/vec4/s 4;
    %store/vec4a v0000000006701460, 4, 0;
    %pushi/vec4 0, 0, 256;
    %load/vec4 v0000000006701a00_0;
    %muli 16, 0, 32;
    %part/s 16;
    %pushi/vec4 80, 0, 32;
    %load/vec4 v0000000006701a00_0;
    %add;
    %ix/vec4/s 4;
    %store/vec4a v0000000006701460, 4, 0;
    %pushi/vec4 0, 0, 256;
    %load/vec4 v0000000006701a00_0;
    %muli 16, 0, 32;
    %part/s 16;
    %pushi/vec4 96, 0, 32;
    %load/vec4 v0000000006701a00_0;
    %add;
    %ix/vec4/s 4;
    %store/vec4a v0000000006701460, 4, 0;
    %pushi/vec4 0, 0, 256;
    %load/vec4 v0000000006701a00_0;
    %muli 16, 0, 32;
    %part/s 16;
    %pushi/vec4 112, 0, 32;
    %load/vec4 v0000000006701a00_0;
    %add;
    %ix/vec4/s 4;
    %store/vec4a v0000000006701460, 4, 0;
    %pushi/vec4 0, 0, 256;
    %load/vec4 v0000000006701a00_0;
    %muli 16, 0, 32;
    %part/s 16;
    %pushi/vec4 128, 0, 32;
    %load/vec4 v0000000006701a00_0;
    %add;
    %ix/vec4/s 4;
    %store/vec4a v0000000006701460, 4, 0;
    %pushi/vec4 0, 0, 256;
    %load/vec4 v0000000006701a00_0;
    %muli 16, 0, 32;
    %part/s 16;
    %pushi/vec4 144, 0, 32;
    %load/vec4 v0000000006701a00_0;
    %add;
    %ix/vec4/s 4;
    %store/vec4a v0000000006701460, 4, 0;
    %pushi/vec4 0, 0, 256;
    %load/vec4 v0000000006701a00_0;
    %muli 16, 0, 32;
    %part/s 16;
    %pushi/vec4 160, 0, 32;
    %load/vec4 v0000000006701a00_0;
    %add;
    %ix/vec4/s 4;
    %store/vec4a v0000000006701460, 4, 0;
    %pushi/vec4 0, 0, 256;
    %load/vec4 v0000000006701a00_0;
    %muli 16, 0, 32;
    %part/s 16;
    %pushi/vec4 176, 0, 32;
    %load/vec4 v0000000006701a00_0;
    %add;
    %ix/vec4/s 4;
    %store/vec4a v0000000006701460, 4, 0;
    %pushi/vec4 0, 0, 256;
    %load/vec4 v0000000006701a00_0;
    %muli 16, 0, 32;
    %part/s 16;
    %pushi/vec4 192, 0, 32;
    %load/vec4 v0000000006701a00_0;
    %add;
    %ix/vec4/s 4;
    %store/vec4a v0000000006701460, 4, 0;
    %pushi/vec4 0, 0, 256;
    %load/vec4 v0000000006701a00_0;
    %muli 16, 0, 32;
    %part/s 16;
    %pushi/vec4 208, 0, 32;
    %load/vec4 v0000000006701a00_0;
    %add;
    %ix/vec4/s 4;
    %store/vec4a v0000000006701460, 4, 0;
    %pushi/vec4 0, 0, 256;
    %load/vec4 v0000000006701a00_0;
    %muli 16, 0, 32;
    %part/s 16;
    %pushi/vec4 224, 0, 32;
    %load/vec4 v0000000006701a00_0;
    %add;
    %ix/vec4/s 4;
    %store/vec4a v0000000006701460, 4, 0;
    %pushi/vec4 0, 0, 256;
    %load/vec4 v0000000006701a00_0;
    %muli 16, 0, 32;
    %part/s 16;
    %pushi/vec4 240, 0, 32;
    %load/vec4 v0000000006701a00_0;
    %add;
    %ix/vec4/s 4;
    %store/vec4a v0000000006701460, 4, 0;
T_87.2 ; for-loop step statement
    %load/vec4 v0000000006701a00_0;
    %addi 1, 0, 32;
    %store/vec4 v0000000006701a00_0, 0, 32;
    %jmp T_87.0;
T_87.1 ; for-loop exit label
    %end;
    .thread T_87;
    .scope S_00000000067041f0;
T_88 ;
    %wait E_0000000006653eb0;
    %load/vec4 v00000000067013c0_0;
    %flag_set/vec4 9;
    %flag_get/vec4 9;
    %jmp/0 T_88.2, 9;
    %load/vec4 v0000000006701320_0;
    %and;
T_88.2;
    %flag_set/vec4 8;
    %jmp/0xz  T_88.0, 8;
    %load/vec4 v00000000067018c0_0;
    %parti/s 1, 0, 2;
    %nor/r;
    %flag_set/vec4 8;
    %jmp/0xz  T_88.3, 8;
    %load/vec4 v0000000006701640_0;
    %parti/s 1, 0, 2;
    %load/vec4 v00000000067016e0_0;
    %parti/s 8, 0, 2;
    %pad/u 10;
    %ix/vec4 3;
    %ix/load 4, 0, 0; Constant delay
    %assign/vec4/a/d v0000000006701460, 0, 4;
T_88.3 ;
    %load/vec4 v00000000067018c0_0;
    %parti/s 1, 1, 2;
    %nor/r;
    %flag_set/vec4 8;
    %jmp/0xz  T_88.5, 8;
    %load/vec4 v0000000006701640_0;
    %parti/s 1, 1, 2;
    %load/vec4 v00000000067016e0_0;
    %parti/s 8, 0, 2;
    %pad/u 10;
    %ix/vec4 3;
    %ix/load 4, 1, 0; part off
    %ix/load 5, 0, 0; Constant delay
    %assign/vec4/a/d v0000000006701460, 4, 5;
T_88.5 ;
    %load/vec4 v00000000067018c0_0;
    %parti/s 1, 2, 3;
    %nor/r;
    %flag_set/vec4 8;
    %jmp/0xz  T_88.7, 8;
    %load/vec4 v0000000006701640_0;
    %parti/s 1, 2, 3;
    %load/vec4 v00000000067016e0_0;
    %parti/s 8, 0, 2;
    %pad/u 10;
    %ix/vec4 3;
    %ix/load 4, 2, 0; part off
    %ix/load 5, 0, 0; Constant delay
    %assign/vec4/a/d v0000000006701460, 4, 5;
T_88.7 ;
    %load/vec4 v00000000067018c0_0;
    %parti/s 1, 3, 3;
    %nor/r;
    %flag_set/vec4 8;
    %jmp/0xz  T_88.9, 8;
    %load/vec4 v0000000006701640_0;
    %parti/s 1, 3, 3;
    %load/vec4 v00000000067016e0_0;
    %parti/s 8, 0, 2;
    %pad/u 10;
    %ix/vec4 3;
    %ix/load 4, 3, 0; part off
    %ix/load 5, 0, 0; Constant delay
    %assign/vec4/a/d v0000000006701460, 4, 5;
T_88.9 ;
    %load/vec4 v00000000067018c0_0;
    %parti/s 1, 4, 4;
    %nor/r;
    %flag_set/vec4 8;
    %jmp/0xz  T_88.11, 8;
    %load/vec4 v0000000006701640_0;
    %parti/s 1, 4, 4;
    %load/vec4 v00000000067016e0_0;
    %parti/s 8, 0, 2;
    %pad/u 10;
    %ix/vec4 3;
    %ix/load 4, 4, 0; part off
    %ix/load 5, 0, 0; Constant delay
    %assign/vec4/a/d v0000000006701460, 4, 5;
T_88.11 ;
    %load/vec4 v00000000067018c0_0;
    %parti/s 1, 5, 4;
    %nor/r;
    %flag_set/vec4 8;
    %jmp/0xz  T_88.13, 8;
    %load/vec4 v0000000006701640_0;
    %parti/s 1, 5, 4;
    %load/vec4 v00000000067016e0_0;
    %parti/s 8, 0, 2;
    %pad/u 10;
    %ix/vec4 3;
    %ix/load 4, 5, 0; part off
    %ix/load 5, 0, 0; Constant delay
    %assign/vec4/a/d v0000000006701460, 4, 5;
T_88.13 ;
    %load/vec4 v00000000067018c0_0;
    %parti/s 1, 6, 4;
    %nor/r;
    %flag_set/vec4 8;
    %jmp/0xz  T_88.15, 8;
    %load/vec4 v0000000006701640_0;
    %parti/s 1, 6, 4;
    %load/vec4 v00000000067016e0_0;
    %parti/s 8, 0, 2;
    %pad/u 10;
    %ix/vec4 3;
    %ix/load 4, 6, 0; part off
    %ix/load 5, 0, 0; Constant delay
    %assign/vec4/a/d v0000000006701460, 4, 5;
T_88.15 ;
    %load/vec4 v00000000067018c0_0;
    %parti/s 1, 7, 4;
    %nor/r;
    %flag_set/vec4 8;
    %jmp/0xz  T_88.17, 8;
    %load/vec4 v0000000006701640_0;
    %parti/s 1, 7, 4;
    %load/vec4 v00000000067016e0_0;
    %parti/s 8, 0, 2;
    %pad/u 10;
    %ix/vec4 3;
    %ix/load 4, 7, 0; part off
    %ix/load 5, 0, 0; Constant delay
    %assign/vec4/a/d v0000000006701460, 4, 5;
T_88.17 ;
    %load/vec4 v00000000067018c0_0;
    %parti/s 1, 8, 5;
    %nor/r;
    %flag_set/vec4 8;
    %jmp/0xz  T_88.19, 8;
    %load/vec4 v0000000006701640_0;
    %parti/s 1, 8, 5;
    %load/vec4 v00000000067016e0_0;
    %parti/s 8, 0, 2;
    %pad/u 10;
    %ix/vec4 3;
    %ix/load 4, 8, 0; part off
    %ix/load 5, 0, 0; Constant delay
    %assign/vec4/a/d v0000000006701460, 4, 5;
T_88.19 ;
    %load/vec4 v00000000067018c0_0;
    %parti/s 1, 9, 5;
    %nor/r;
    %flag_set/vec4 8;
    %jmp/0xz  T_88.21, 8;
    %load/vec4 v0000000006701640_0;
    %parti/s 1, 9, 5;
    %load/vec4 v00000000067016e0_0;
    %parti/s 8, 0, 2;
    %pad/u 10;
    %ix/vec4 3;
    %ix/load 4, 9, 0; part off
    %ix/load 5, 0, 0; Constant delay
    %assign/vec4/a/d v0000000006701460, 4, 5;
T_88.21 ;
    %load/vec4 v00000000067018c0_0;
    %parti/s 1, 10, 5;
    %nor/r;
    %flag_set/vec4 8;
    %jmp/0xz  T_88.23, 8;
    %load/vec4 v0000000006701640_0;
    %parti/s 1, 10, 5;
    %load/vec4 v00000000067016e0_0;
    %parti/s 8, 0, 2;
    %pad/u 10;
    %ix/vec4 3;
    %ix/load 4, 10, 0; part off
    %ix/load 5, 0, 0; Constant delay
    %assign/vec4/a/d v0000000006701460, 4, 5;
T_88.23 ;
    %load/vec4 v00000000067018c0_0;
    %parti/s 1, 11, 5;
    %nor/r;
    %flag_set/vec4 8;
    %jmp/0xz  T_88.25, 8;
    %load/vec4 v0000000006701640_0;
    %parti/s 1, 11, 5;
    %load/vec4 v00000000067016e0_0;
    %parti/s 8, 0, 2;
    %pad/u 10;
    %ix/vec4 3;
    %ix/load 4, 11, 0; part off
    %ix/load 5, 0, 0; Constant delay
    %assign/vec4/a/d v0000000006701460, 4, 5;
T_88.25 ;
    %load/vec4 v00000000067018c0_0;
    %parti/s 1, 12, 5;
    %nor/r;
    %flag_set/vec4 8;
    %jmp/0xz  T_88.27, 8;
    %load/vec4 v0000000006701640_0;
    %parti/s 1, 12, 5;
    %load/vec4 v00000000067016e0_0;
    %parti/s 8, 0, 2;
    %pad/u 10;
    %ix/vec4 3;
    %ix/load 4, 12, 0; part off
    %ix/load 5, 0, 0; Constant delay
    %assign/vec4/a/d v0000000006701460, 4, 5;
T_88.27 ;
    %load/vec4 v00000000067018c0_0;
    %parti/s 1, 13, 5;
    %nor/r;
    %flag_set/vec4 8;
    %jmp/0xz  T_88.29, 8;
    %load/vec4 v0000000006701640_0;
    %parti/s 1, 13, 5;
    %load/vec4 v00000000067016e0_0;
    %parti/s 8, 0, 2;
    %pad/u 10;
    %ix/vec4 3;
    %ix/load 4, 13, 0; part off
    %ix/load 5, 0, 0; Constant delay
    %assign/vec4/a/d v0000000006701460, 4, 5;
T_88.29 ;
    %load/vec4 v00000000067018c0_0;
    %parti/s 1, 14, 5;
    %nor/r;
    %flag_set/vec4 8;
    %jmp/0xz  T_88.31, 8;
    %load/vec4 v0000000006701640_0;
    %parti/s 1, 14, 5;
    %load/vec4 v00000000067016e0_0;
    %parti/s 8, 0, 2;
    %pad/u 10;
    %ix/vec4 3;
    %ix/load 4, 14, 0; part off
    %ix/load 5, 0, 0; Constant delay
    %assign/vec4/a/d v0000000006701460, 4, 5;
T_88.31 ;
    %load/vec4 v00000000067018c0_0;
    %parti/s 1, 15, 5;
    %nor/r;
    %flag_set/vec4 8;
    %jmp/0xz  T_88.33, 8;
    %load/vec4 v0000000006701640_0;
    %parti/s 1, 15, 5;
    %load/vec4 v00000000067016e0_0;
    %parti/s 8, 0, 2;
    %pad/u 10;
    %ix/vec4 3;
    %ix/load 4, 15, 0; part off
    %ix/load 5, 0, 0; Constant delay
    %assign/vec4/a/d v0000000006701460, 4, 5;
T_88.33 ;
T_88.0 ;
    %jmp T_88;
    .thread T_88;
    .scope S_00000000067041f0;
T_89 ;
    %wait E_00000000066547b0;
    %load/vec4 v0000000006700740_0;
    %flag_set/vec4 9;
    %flag_get/vec4 9;
    %jmp/0 T_89.2, 9;
    %load/vec4 v00000000066ffca0_0;
    %and;
T_89.2;
    %flag_set/vec4 8;
    %jmp/0xz  T_89.0, 8;
    %load/vec4 v00000000066ffc00_0;
    %parti/s 8, 0, 2;
    %pad/u 10;
    %ix/vec4 4;
    %load/vec4a v0000000006701460, 4;
    %load/vec4 v0000000006701960_0;
    %inv;
    %and;
    %assign/vec4 v0000000006700600_0, 0;
T_89.0 ;
    %jmp T_89;
    .thread T_89;
    .scope S_0000000006703250;
T_90 ;
    %pushi/vec4 0, 0, 32;
    %store/vec4 v0000000006709860_0, 0, 32;
T_90.0 ; Top of for-loop 
    %load/vec4 v0000000006709860_0;
    %cmpi/s 16, 0, 32;
    %jmp/0xz T_90.1, 5;
    %pushi/vec4 0, 0, 256;
    %load/vec4 v0000000006709860_0;
    %muli 16, 0, 32;
    %part/s 16;
    %pushi/vec4 0, 0, 32;
    %load/vec4 v0000000006709860_0;
    %add;
    %ix/vec4/s 4;
    %store/vec4a v000000000670af80, 4, 0;
    %pushi/vec4 0, 0, 256;
    %load/vec4 v0000000006709860_0;
    %muli 16, 0, 32;
    %part/s 16;
    %pushi/vec4 16, 0, 32;
    %load/vec4 v0000000006709860_0;
    %add;
    %ix/vec4/s 4;
    %store/vec4a v000000000670af80, 4, 0;
    %pushi/vec4 0, 0, 256;
    %load/vec4 v0000000006709860_0;
    %muli 16, 0, 32;
    %part/s 16;
    %pushi/vec4 32, 0, 32;
    %load/vec4 v0000000006709860_0;
    %add;
    %ix/vec4/s 4;
    %store/vec4a v000000000670af80, 4, 0;
    %pushi/vec4 0, 0, 256;
    %load/vec4 v0000000006709860_0;
    %muli 16, 0, 32;
    %part/s 16;
    %pushi/vec4 48, 0, 32;
    %load/vec4 v0000000006709860_0;
    %add;
    %ix/vec4/s 4;
    %store/vec4a v000000000670af80, 4, 0;
    %pushi/vec4 0, 0, 256;
    %load/vec4 v0000000006709860_0;
    %muli 16, 0, 32;
    %part/s 16;
    %pushi/vec4 64, 0, 32;
    %load/vec4 v0000000006709860_0;
    %add;
    %ix/vec4/s 4;
    %store/vec4a v000000000670af80, 4, 0;
    %pushi/vec4 0, 0, 256;
    %load/vec4 v0000000006709860_0;
    %muli 16, 0, 32;
    %part/s 16;
    %pushi/vec4 80, 0, 32;
    %load/vec4 v0000000006709860_0;
    %add;
    %ix/vec4/s 4;
    %store/vec4a v000000000670af80, 4, 0;
    %pushi/vec4 0, 0, 256;
    %load/vec4 v0000000006709860_0;
    %muli 16, 0, 32;
    %part/s 16;
    %pushi/vec4 96, 0, 32;
    %load/vec4 v0000000006709860_0;
    %add;
    %ix/vec4/s 4;
    %store/vec4a v000000000670af80, 4, 0;
    %pushi/vec4 0, 0, 256;
    %load/vec4 v0000000006709860_0;
    %muli 16, 0, 32;
    %part/s 16;
    %pushi/vec4 112, 0, 32;
    %load/vec4 v0000000006709860_0;
    %add;
    %ix/vec4/s 4;
    %store/vec4a v000000000670af80, 4, 0;
    %pushi/vec4 0, 0, 256;
    %load/vec4 v0000000006709860_0;
    %muli 16, 0, 32;
    %part/s 16;
    %pushi/vec4 128, 0, 32;
    %load/vec4 v0000000006709860_0;
    %add;
    %ix/vec4/s 4;
    %store/vec4a v000000000670af80, 4, 0;
    %pushi/vec4 0, 0, 256;
    %load/vec4 v0000000006709860_0;
    %muli 16, 0, 32;
    %part/s 16;
    %pushi/vec4 144, 0, 32;
    %load/vec4 v0000000006709860_0;
    %add;
    %ix/vec4/s 4;
    %store/vec4a v000000000670af80, 4, 0;
    %pushi/vec4 0, 0, 256;
    %load/vec4 v0000000006709860_0;
    %muli 16, 0, 32;
    %part/s 16;
    %pushi/vec4 160, 0, 32;
    %load/vec4 v0000000006709860_0;
    %add;
    %ix/vec4/s 4;
    %store/vec4a v000000000670af80, 4, 0;
    %pushi/vec4 0, 0, 256;
    %load/vec4 v0000000006709860_0;
    %muli 16, 0, 32;
    %part/s 16;
    %pushi/vec4 176, 0, 32;
    %load/vec4 v0000000006709860_0;
    %add;
    %ix/vec4/s 4;
    %store/vec4a v000000000670af80, 4, 0;
    %pushi/vec4 0, 0, 256;
    %load/vec4 v0000000006709860_0;
    %muli 16, 0, 32;
    %part/s 16;
    %pushi/vec4 192, 0, 32;
    %load/vec4 v0000000006709860_0;
    %add;
    %ix/vec4/s 4;
    %store/vec4a v000000000670af80, 4, 0;
    %pushi/vec4 0, 0, 256;
    %load/vec4 v0000000006709860_0;
    %muli 16, 0, 32;
    %part/s 16;
    %pushi/vec4 208, 0, 32;
    %load/vec4 v0000000006709860_0;
    %add;
    %ix/vec4/s 4;
    %store/vec4a v000000000670af80, 4, 0;
    %pushi/vec4 0, 0, 256;
    %load/vec4 v0000000006709860_0;
    %muli 16, 0, 32;
    %part/s 16;
    %pushi/vec4 224, 0, 32;
    %load/vec4 v0000000006709860_0;
    %add;
    %ix/vec4/s 4;
    %store/vec4a v000000000670af80, 4, 0;
    %pushi/vec4 0, 0, 256;
    %load/vec4 v0000000006709860_0;
    %muli 16, 0, 32;
    %part/s 16;
    %pushi/vec4 240, 0, 32;
    %load/vec4 v0000000006709860_0;
    %add;
    %ix/vec4/s 4;
    %store/vec4a v000000000670af80, 4, 0;
T_90.2 ; for-loop step statement
    %load/vec4 v0000000006709860_0;
    %addi 1, 0, 32;
    %store/vec4 v0000000006709860_0, 0, 32;
    %jmp T_90.0;
T_90.1 ; for-loop exit label
    %end;
    .thread T_90;
    .scope S_0000000006703250;
T_91 ;
    %wait E_0000000006654430;
    %load/vec4 v0000000006709d60_0;
    %flag_set/vec4 9;
    %flag_get/vec4 9;
    %jmp/0 T_91.2, 9;
    %load/vec4 v000000000670ac60_0;
    %and;
T_91.2;
    %flag_set/vec4 8;
    %jmp/0xz  T_91.0, 8;
    %load/vec4 v000000000670b7a0_0;
    %parti/s 1, 0, 2;
    %nor/r;
    %flag_set/vec4 8;
    %jmp/0xz  T_91.3, 8;
    %load/vec4 v000000000670aee0_0;
    %parti/s 1, 0, 2;
    %load/vec4 v000000000670a1c0_0;
    %parti/s 8, 0, 2;
    %pad/u 10;
    %ix/vec4 3;
    %ix/load 4, 0, 0; Constant delay
    %assign/vec4/a/d v000000000670af80, 0, 4;
T_91.3 ;
    %load/vec4 v000000000670b7a0_0;
    %parti/s 1, 1, 2;
    %nor/r;
    %flag_set/vec4 8;
    %jmp/0xz  T_91.5, 8;
    %load/vec4 v000000000670aee0_0;
    %parti/s 1, 1, 2;
    %load/vec4 v000000000670a1c0_0;
    %parti/s 8, 0, 2;
    %pad/u 10;
    %ix/vec4 3;
    %ix/load 4, 1, 0; part off
    %ix/load 5, 0, 0; Constant delay
    %assign/vec4/a/d v000000000670af80, 4, 5;
T_91.5 ;
    %load/vec4 v000000000670b7a0_0;
    %parti/s 1, 2, 3;
    %nor/r;
    %flag_set/vec4 8;
    %jmp/0xz  T_91.7, 8;
    %load/vec4 v000000000670aee0_0;
    %parti/s 1, 2, 3;
    %load/vec4 v000000000670a1c0_0;
    %parti/s 8, 0, 2;
    %pad/u 10;
    %ix/vec4 3;
    %ix/load 4, 2, 0; part off
    %ix/load 5, 0, 0; Constant delay
    %assign/vec4/a/d v000000000670af80, 4, 5;
T_91.7 ;
    %load/vec4 v000000000670b7a0_0;
    %parti/s 1, 3, 3;
    %nor/r;
    %flag_set/vec4 8;
    %jmp/0xz  T_91.9, 8;
    %load/vec4 v000000000670aee0_0;
    %parti/s 1, 3, 3;
    %load/vec4 v000000000670a1c0_0;
    %parti/s 8, 0, 2;
    %pad/u 10;
    %ix/vec4 3;
    %ix/load 4, 3, 0; part off
    %ix/load 5, 0, 0; Constant delay
    %assign/vec4/a/d v000000000670af80, 4, 5;
T_91.9 ;
    %load/vec4 v000000000670b7a0_0;
    %parti/s 1, 4, 4;
    %nor/r;
    %flag_set/vec4 8;
    %jmp/0xz  T_91.11, 8;
    %load/vec4 v000000000670aee0_0;
    %parti/s 1, 4, 4;
    %load/vec4 v000000000670a1c0_0;
    %parti/s 8, 0, 2;
    %pad/u 10;
    %ix/vec4 3;
    %ix/load 4, 4, 0; part off
    %ix/load 5, 0, 0; Constant delay
    %assign/vec4/a/d v000000000670af80, 4, 5;
T_91.11 ;
    %load/vec4 v000000000670b7a0_0;
    %parti/s 1, 5, 4;
    %nor/r;
    %flag_set/vec4 8;
    %jmp/0xz  T_91.13, 8;
    %load/vec4 v000000000670aee0_0;
    %parti/s 1, 5, 4;
    %load/vec4 v000000000670a1c0_0;
    %parti/s 8, 0, 2;
    %pad/u 10;
    %ix/vec4 3;
    %ix/load 4, 5, 0; part off
    %ix/load 5, 0, 0; Constant delay
    %assign/vec4/a/d v000000000670af80, 4, 5;
T_91.13 ;
    %load/vec4 v000000000670b7a0_0;
    %parti/s 1, 6, 4;
    %nor/r;
    %flag_set/vec4 8;
    %jmp/0xz  T_91.15, 8;
    %load/vec4 v000000000670aee0_0;
    %parti/s 1, 6, 4;
    %load/vec4 v000000000670a1c0_0;
    %parti/s 8, 0, 2;
    %pad/u 10;
    %ix/vec4 3;
    %ix/load 4, 6, 0; part off
    %ix/load 5, 0, 0; Constant delay
    %assign/vec4/a/d v000000000670af80, 4, 5;
T_91.15 ;
    %load/vec4 v000000000670b7a0_0;
    %parti/s 1, 7, 4;
    %nor/r;
    %flag_set/vec4 8;
    %jmp/0xz  T_91.17, 8;
    %load/vec4 v000000000670aee0_0;
    %parti/s 1, 7, 4;
    %load/vec4 v000000000670a1c0_0;
    %parti/s 8, 0, 2;
    %pad/u 10;
    %ix/vec4 3;
    %ix/load 4, 7, 0; part off
    %ix/load 5, 0, 0; Constant delay
    %assign/vec4/a/d v000000000670af80, 4, 5;
T_91.17 ;
    %load/vec4 v000000000670b7a0_0;
    %parti/s 1, 8, 5;
    %nor/r;
    %flag_set/vec4 8;
    %jmp/0xz  T_91.19, 8;
    %load/vec4 v000000000670aee0_0;
    %parti/s 1, 8, 5;
    %load/vec4 v000000000670a1c0_0;
    %parti/s 8, 0, 2;
    %pad/u 10;
    %ix/vec4 3;
    %ix/load 4, 8, 0; part off
    %ix/load 5, 0, 0; Constant delay
    %assign/vec4/a/d v000000000670af80, 4, 5;
T_91.19 ;
    %load/vec4 v000000000670b7a0_0;
    %parti/s 1, 9, 5;
    %nor/r;
    %flag_set/vec4 8;
    %jmp/0xz  T_91.21, 8;
    %load/vec4 v000000000670aee0_0;
    %parti/s 1, 9, 5;
    %load/vec4 v000000000670a1c0_0;
    %parti/s 8, 0, 2;
    %pad/u 10;
    %ix/vec4 3;
    %ix/load 4, 9, 0; part off
    %ix/load 5, 0, 0; Constant delay
    %assign/vec4/a/d v000000000670af80, 4, 5;
T_91.21 ;
    %load/vec4 v000000000670b7a0_0;
    %parti/s 1, 10, 5;
    %nor/r;
    %flag_set/vec4 8;
    %jmp/0xz  T_91.23, 8;
    %load/vec4 v000000000670aee0_0;
    %parti/s 1, 10, 5;
    %load/vec4 v000000000670a1c0_0;
    %parti/s 8, 0, 2;
    %pad/u 10;
    %ix/vec4 3;
    %ix/load 4, 10, 0; part off
    %ix/load 5, 0, 0; Constant delay
    %assign/vec4/a/d v000000000670af80, 4, 5;
T_91.23 ;
    %load/vec4 v000000000670b7a0_0;
    %parti/s 1, 11, 5;
    %nor/r;
    %flag_set/vec4 8;
    %jmp/0xz  T_91.25, 8;
    %load/vec4 v000000000670aee0_0;
    %parti/s 1, 11, 5;
    %load/vec4 v000000000670a1c0_0;
    %parti/s 8, 0, 2;
    %pad/u 10;
    %ix/vec4 3;
    %ix/load 4, 11, 0; part off
    %ix/load 5, 0, 0; Constant delay
    %assign/vec4/a/d v000000000670af80, 4, 5;
T_91.25 ;
    %load/vec4 v000000000670b7a0_0;
    %parti/s 1, 12, 5;
    %nor/r;
    %flag_set/vec4 8;
    %jmp/0xz  T_91.27, 8;
    %load/vec4 v000000000670aee0_0;
    %parti/s 1, 12, 5;
    %load/vec4 v000000000670a1c0_0;
    %parti/s 8, 0, 2;
    %pad/u 10;
    %ix/vec4 3;
    %ix/load 4, 12, 0; part off
    %ix/load 5, 0, 0; Constant delay
    %assign/vec4/a/d v000000000670af80, 4, 5;
T_91.27 ;
    %load/vec4 v000000000670b7a0_0;
    %parti/s 1, 13, 5;
    %nor/r;
    %flag_set/vec4 8;
    %jmp/0xz  T_91.29, 8;
    %load/vec4 v000000000670aee0_0;
    %parti/s 1, 13, 5;
    %load/vec4 v000000000670a1c0_0;
    %parti/s 8, 0, 2;
    %pad/u 10;
    %ix/vec4 3;
    %ix/load 4, 13, 0; part off
    %ix/load 5, 0, 0; Constant delay
    %assign/vec4/a/d v000000000670af80, 4, 5;
T_91.29 ;
    %load/vec4 v000000000670b7a0_0;
    %parti/s 1, 14, 5;
    %nor/r;
    %flag_set/vec4 8;
    %jmp/0xz  T_91.31, 8;
    %load/vec4 v000000000670aee0_0;
    %parti/s 1, 14, 5;
    %load/vec4 v000000000670a1c0_0;
    %parti/s 8, 0, 2;
    %pad/u 10;
    %ix/vec4 3;
    %ix/load 4, 14, 0; part off
    %ix/load 5, 0, 0; Constant delay
    %assign/vec4/a/d v000000000670af80, 4, 5;
T_91.31 ;
    %load/vec4 v000000000670b7a0_0;
    %parti/s 1, 15, 5;
    %nor/r;
    %flag_set/vec4 8;
    %jmp/0xz  T_91.33, 8;
    %load/vec4 v000000000670aee0_0;
    %parti/s 1, 15, 5;
    %load/vec4 v000000000670a1c0_0;
    %parti/s 8, 0, 2;
    %pad/u 10;
    %ix/vec4 3;
    %ix/load 4, 15, 0; part off
    %ix/load 5, 0, 0; Constant delay
    %assign/vec4/a/d v000000000670af80, 4, 5;
T_91.33 ;
T_91.0 ;
    %jmp T_91;
    .thread T_91;
    .scope S_0000000006703250;
T_92 ;
    %wait E_00000000066541f0;
    %load/vec4 v000000000670b2a0_0;
    %flag_set/vec4 9;
    %flag_get/vec4 9;
    %jmp/0 T_92.2, 9;
    %load/vec4 v000000000670b160_0;
    %and;
T_92.2;
    %flag_set/vec4 8;
    %jmp/0xz  T_92.0, 8;
    %load/vec4 v000000000670b0c0_0;
    %parti/s 8, 0, 2;
    %pad/u 10;
    %ix/vec4 4;
    %load/vec4a v000000000670af80, 4;
    %load/vec4 v000000000670ae40_0;
    %inv;
    %and;
    %assign/vec4 v0000000006709cc0_0, 0;
T_92.0 ;
    %jmp T_92;
    .thread T_92;
    .scope S_000000000668f130;
T_93 ;
    %wait E_0000000006654530;
    %pushi/vec4 0, 0, 32;
    %store/vec4 v000000000670d5a0_0, 0, 32;
T_93.0 ; Top of for-loop 
    %load/vec4 v000000000670d5a0_0;
    %cmpi/s 16383, 0, 32;
    %flag_or 5, 4;
    %jmp/0xz T_93.1, 5;
    %pushi/vec4 65535, 65535, 16;
    %ix/getv/s 4, v000000000670d5a0_0;
    %store/vec4a v000000000670c4c0, 4, 0;
T_93.2 ; for-loop step statement
    %load/vec4 v000000000670d5a0_0;
    %addi 1, 0, 32;
    %store/vec4 v000000000670d5a0_0, 0, 32;
    %jmp T_93.0;
T_93.1 ; for-loop exit label
    %jmp T_93;
    .thread T_93;
    .scope S_000000000668f130;
T_94 ;
    %wait E_00000000066544b0;
    %load/vec4 v000000000670d320_0;
    %flag_set/vec4 8;
    %jmp/0xz  T_94.0, 8;
    %pushi/vec4 0, 0, 16;
    %assign/vec4 v000000000670ddc0_0, 0;
    %jmp T_94.1;
T_94.0 ;
    %load/vec4 v000000000670cba0_0;
    %flag_set/vec4 8;
    %jmp/0xz  T_94.2, 8;
    %pushi/vec4 65535, 65535, 16;
    %assign/vec4 v000000000670ddc0_0, 0;
    %jmp T_94.3;
T_94.2 ;
    %load/vec4 v000000000670c740_0;
    %flag_set/vec4 8;
    %jmp/0xz  T_94.4, 8;
    %load/vec4 v000000000670c060_0;
    %nor/r;
    %flag_set/vec4 8;
    %jmp/0xz  T_94.6, 8;
    %load/vec4 v000000000670c9c0_0;
    %pad/u 16;
    %ix/vec4 4;
    %load/vec4a v000000000670c4c0, 4;
    %assign/vec4 v000000000670ddc0_0, 0;
    %jmp T_94.7;
T_94.6 ;
    %load/vec4 v000000000670c880_0;
    %parti/s 1, 0, 2;
    %flag_set/vec4 8;
    %jmp/0xz  T_94.8, 8;
    %load/vec4 v000000000670ca60_0;
    %parti/s 4, 0, 2;
    %load/vec4 v000000000670c9c0_0;
    %pad/u 16;
    %ix/vec4 3;
    %ix/load 4, 0, 0; Constant delay
    %assign/vec4/a/d v000000000670c4c0, 0, 4;
T_94.8 ;
    %load/vec4 v000000000670c880_0;
    %parti/s 1, 1, 2;
    %flag_set/vec4 8;
    %jmp/0xz  T_94.10, 8;
    %load/vec4 v000000000670ca60_0;
    %parti/s 4, 4, 4;
    %load/vec4 v000000000670c9c0_0;
    %pad/u 16;
    %ix/vec4 3;
    %ix/load 4, 4, 0; part off
    %ix/load 5, 0, 0; Constant delay
    %assign/vec4/a/d v000000000670c4c0, 4, 5;
T_94.10 ;
    %load/vec4 v000000000670c880_0;
    %parti/s 1, 2, 3;
    %flag_set/vec4 8;
    %jmp/0xz  T_94.12, 8;
    %load/vec4 v000000000670ca60_0;
    %parti/s 4, 8, 5;
    %load/vec4 v000000000670c9c0_0;
    %pad/u 16;
    %ix/vec4 3;
    %ix/load 4, 8, 0; part off
    %ix/load 5, 0, 0; Constant delay
    %assign/vec4/a/d v000000000670c4c0, 4, 5;
T_94.12 ;
    %load/vec4 v000000000670c880_0;
    %parti/s 1, 3, 3;
    %flag_set/vec4 8;
    %jmp/0xz  T_94.14, 8;
    %load/vec4 v000000000670ca60_0;
    %parti/s 4, 12, 5;
    %load/vec4 v000000000670c9c0_0;
    %pad/u 16;
    %ix/vec4 3;
    %ix/load 4, 12, 0; part off
    %ix/load 5, 0, 0; Constant delay
    %assign/vec4/a/d v000000000670c4c0, 4, 5;
T_94.14 ;
    %pushi/vec4 65535, 65535, 16;
    %assign/vec4 v000000000670ddc0_0, 0;
T_94.7 ;
T_94.4 ;
T_94.3 ;
T_94.1 ;
    %jmp T_94;
    .thread T_94;
    .scope S_0000000006703a20;
T_95 ;
    %wait E_0000000006653ff0;
    %load/vec4 v00000000067077e0_0;
    %cmpi/e 1, 0, 1;
    %jmp/0xz  T_95.0, 4;
    %pushi/vec4 0, 0, 1;
    %assign/vec4 v00000000067083c0_0, 0;
    %pushi/vec4 0, 0, 1;
    %assign/vec4 v0000000006708960_0, 0;
    %pushi/vec4 0, 0, 1;
    %assign/vec4 v0000000006709220_0, 0;
    %jmp T_95.1;
T_95.0 ;
    %load/vec4 v0000000006707a60_0;
    %assign/vec4 v00000000067083c0_0, 0;
    %load/vec4 v00000000067083c0_0;
    %assign/vec4 v0000000006708960_0, 0;
    %load/vec4 v0000000006708960_0;
    %assign/vec4 v0000000006709220_0, 0;
T_95.1 ;
    %jmp T_95;
    .thread T_95;
    .scope S_0000000006702c10;
T_96 ;
    %wait E_0000000006653ff0;
    %load/vec4 v000000000670ecc0_0;
    %cmpi/e 1, 0, 1;
    %jmp/0xz  T_96.0, 4;
    %pushi/vec4 0, 0, 1;
    %assign/vec4 v000000000670e900_0, 0;
    %pushi/vec4 0, 0, 1;
    %assign/vec4 v000000000670e860_0, 0;
    %pushi/vec4 0, 0, 1;
    %assign/vec4 v000000000670e9a0_0, 0;
    %jmp T_96.1;
T_96.0 ;
    %load/vec4 v000000000670eae0_0;
    %assign/vec4 v000000000670e900_0, 0;
    %load/vec4 v000000000670e900_0;
    %assign/vec4 v000000000670e860_0, 0;
    %load/vec4 v000000000670e860_0;
    %assign/vec4 v000000000670e9a0_0, 0;
T_96.1 ;
    %jmp T_96;
    .thread T_96;
    .scope S_0000000006703700;
T_97 ;
    %wait E_0000000006653ff0;
    %load/vec4 v0000000006706fc0_0;
    %cmpi/e 1, 0, 1;
    %jmp/0xz  T_97.0, 4;
    %pushi/vec4 0, 0, 1;
    %assign/vec4 v0000000006708640_0, 0;
    %pushi/vec4 0, 0, 1;
    %assign/vec4 v0000000006707380_0, 0;
    %pushi/vec4 0, 0, 1;
    %assign/vec4 v0000000006707600_0, 0;
    %jmp T_97.1;
T_97.0 ;
    %load/vec4 v000000000670ed60_0;
    %assign/vec4 v0000000006708640_0, 0;
    %load/vec4 v0000000006708640_0;
    %assign/vec4 v0000000006707380_0, 0;
    %load/vec4 v0000000006707380_0;
    %assign/vec4 v0000000006707600_0, 0;
T_97.1 ;
    %jmp T_97;
    .thread T_97;
    .scope S_0000000006703570;
T_98 ;
    %wait E_0000000006653ff0;
    %load/vec4 v000000000670cce0_0;
    %cmpi/e 1, 0, 1;
    %jmp/0xz  T_98.0, 4;
    %pushi/vec4 0, 0, 33;
    %assign/vec4 v000000000670e680_0, 0;
    %pushi/vec4 0, 0, 1;
    %assign/vec4 v000000000670c420_0, 0;
    %jmp T_98.1;
T_98.0 ;
    %load/vec4 v000000000670e680_0;
    %cmpi/e 2999999, 0, 33;
    %jmp/0xz  T_98.2, 4;
    %pushi/vec4 0, 0, 33;
    %assign/vec4 v000000000670e680_0, 0;
    %load/vec4 v000000000670c420_0;
    %inv;
    %assign/vec4 v000000000670c420_0, 0;
    %jmp T_98.3;
T_98.2 ;
    %load/vec4 v000000000670e680_0;
    %addi 1, 0, 33;
    %assign/vec4 v000000000670e680_0, 0;
T_98.3 ;
T_98.1 ;
    %jmp T_98;
    .thread T_98;
    .scope S_0000000006703890;
T_99 ;
    %wait E_00000000066545b0;
    %load/vec4 v00000000067081e0_0;
    %cmpi/e 1, 0, 1;
    %jmp/0xz  T_99.0, 4;
    %load/vec4 v0000000006708820_0;
    %load/vec4 v00000000067072e0_0;
    %pad/u 6;
    %ix/vec4 3;
    %ix/load 4, 0, 0; Constant delay
    %assign/vec4/a/d v0000000006709540, 0, 4;
T_99.0 ;
    %load/vec4 v0000000006708c80_0;
    %cmpi/e 1, 0, 1;
    %jmp/0xz  T_99.2, 4;
    %load/vec4 v0000000006708780_0;
    %pad/u 6;
    %ix/vec4 4;
    %load/vec4a v0000000006709540, 4;
    %assign/vec4 v0000000006708f00_0, 0;
T_99.2 ;
    %jmp T_99;
    .thread T_99;
    .scope S_0000000006703890;
T_100 ;
    %end;
    .thread T_100;
    .scope S_00000000067033e0;
T_101 ;
    %wait E_0000000006654bb0;
    %load/vec4 v000000000670d8c0_0;
    %cmpi/e 1, 0, 1;
    %jmp/0xz  T_101.0, 4;
    %pushi/vec4 0, 0, 2;
    %assign/vec4 v000000000670ec20_0, 0;
    %jmp T_101.1;
T_101.0 ;
    %load/vec4 v000000000670ec20_0;
    %dup/vec4;
    %pushi/vec4 0, 0, 2;
    %cmp/u;
    %jmp/1 T_101.2, 6;
    %dup/vec4;
    %pushi/vec4 1, 0, 2;
    %cmp/u;
    %jmp/1 T_101.3, 6;
    %dup/vec4;
    %pushi/vec4 2, 0, 2;
    %cmp/u;
    %jmp/1 T_101.4, 6;
    %pushi/vec4 0, 0, 2;
    %assign/vec4 v000000000670ec20_0, 0;
    %jmp T_101.6;
T_101.2 ;
    %pushi/vec4 0, 0, 1;
    %assign/vec4 v000000000670d780_0, 0;
    %load/vec4 v000000000670d820_0;
    %cmpi/e 1, 0, 1;
    %jmp/0xz  T_101.7, 4;
    %pushi/vec4 1, 0, 2;
    %assign/vec4 v000000000670ec20_0, 0;
T_101.7 ;
    %jmp T_101.6;
T_101.3 ;
    %load/vec4 v000000000670cec0_0;
    %cmpi/e 15, 0, 4;
    %jmp/0xz  T_101.9, 4;
    %pushi/vec4 1, 0, 1;
    %assign/vec4 v000000000670d780_0, 0;
    %pushi/vec4 0, 0, 2;
    %assign/vec4 v000000000670ec20_0, 0;
T_101.9 ;
    %jmp T_101.6;
T_101.4 ;
    %load/vec4 v000000000670cec0_0;
    %cmpi/e 0, 0, 4;
    %jmp/0xz  T_101.11, 4;
    %pushi/vec4 1, 0, 1;
    %assign/vec4 v000000000670d780_0, 0;
    %pushi/vec4 0, 0, 2;
    %assign/vec4 v000000000670ec20_0, 0;
T_101.11 ;
    %jmp T_101.6;
T_101.6 ;
    %pop/vec4 1;
T_101.1 ;
    %jmp T_101;
    .thread T_101;
    .scope S_00000000067033e0;
T_102 ;
    %wait E_0000000006654bb0;
    %load/vec4 v000000000670d8c0_0;
    %cmpi/e 1, 0, 1;
    %jmp/0xz  T_102.0, 4;
    %pushi/vec4 0, 0, 4;
    %assign/vec4 v000000000670cec0_0, 0;
    %jmp T_102.1;
T_102.0 ;
    %load/vec4 v000000000670ec20_0;
    %cmpi/e 1, 0, 2;
    %jmp/0xz  T_102.2, 4;
    %load/vec4 v000000000670cec0_0;
    %addi 1, 0, 4;
    %assign/vec4 v000000000670cec0_0, 0;
    %jmp T_102.3;
T_102.2 ;
    %load/vec4 v000000000670ec20_0;
    %cmpi/e 2, 0, 2;
    %flag_get/vec4 4;
    %jmp/0 T_102.6, 4;
    %load/vec4 v000000000670cec0_0;
    %pushi/vec4 0, 0, 4;
    %cmp/ne;
    %flag_get/vec4 4;
    %and;
T_102.6;
    %flag_set/vec4 8;
    %jmp/0xz  T_102.4, 8;
    %load/vec4 v000000000670cec0_0;
    %subi 1, 0, 4;
    %assign/vec4 v000000000670cec0_0, 0;
    %jmp T_102.5;
T_102.4 ;
    %pushi/vec4 0, 0, 4;
    %assign/vec4 v000000000670cec0_0, 0;
T_102.5 ;
T_102.3 ;
T_102.1 ;
    %jmp T_102;
    .thread T_102;
    .scope S_0000000006702a80;
T_103 ;
    %pushi/vec4 0, 0, 1;
    %store/vec4 v0000000006709180_0, 0, 1;
    %pushi/vec4 0, 0, 1;
    %store/vec4 v00000000067086e0_0, 0, 1;
    %pushi/vec4 0, 0, 1;
    %store/vec4 v0000000006707100_0, 0, 1;
    %pushi/vec4 0, 0, 1;
    %store/vec4 v0000000006707420_0, 0, 1;
    %pushi/vec4 0, 0, 4;
    %store/vec4 v00000000067085a0_0, 0, 4;
    %pushi/vec4 0, 0, 4;
    %store/vec4 v0000000006708140_0, 0, 4;
    %pushi/vec4 0, 0, 8;
    %store/vec4 v0000000006707c40_0, 0, 8;
    %end;
    .thread T_103;
    .scope S_0000000006702a80;
T_104 ;
    %wait E_0000000006653ff0;
    %load/vec4 v00000000067079c0_0;
    %cmpi/e 1, 0, 1;
    %jmp/0xz  T_104.0, 4;
    %pushi/vec4 0, 0, 2;
    %assign/vec4 v0000000006707060_0, 0;
    %jmp T_104.1;
T_104.0 ;
    %load/vec4 v0000000006707060_0;
    %dup/vec4;
    %pushi/vec4 0, 0, 2;
    %cmp/u;
    %jmp/1 T_104.2, 6;
    %dup/vec4;
    %pushi/vec4 1, 0, 2;
    %cmp/u;
    %jmp/1 T_104.3, 6;
    %dup/vec4;
    %pushi/vec4 2, 0, 2;
    %cmp/u;
    %jmp/1 T_104.4, 6;
    %pushi/vec4 1, 0, 2;
    %assign/vec4 v0000000006707060_0, 0;
    %jmp T_104.6;
T_104.2 ;
    %pushi/vec4 1, 0, 2;
    %assign/vec4 v0000000006707060_0, 0;
    %jmp T_104.6;
T_104.3 ;
    %load/vec4 v0000000006708a00_0;
    %cmpi/e 1, 0, 1;
    %jmp/0xz  T_104.7, 4;
    %pushi/vec4 2, 0, 2;
    %assign/vec4 v0000000006707060_0, 0;
    %jmp T_104.8;
T_104.7 ;
    %pushi/vec4 1, 0, 2;
    %assign/vec4 v0000000006707060_0, 0;
T_104.8 ;
    %jmp T_104.6;
T_104.4 ;
    %load/vec4 v0000000006708a00_0;
    %cmpi/e 0, 0, 1;
    %jmp/0xz  T_104.9, 4;
    %pushi/vec4 1, 0, 2;
    %assign/vec4 v0000000006707060_0, 0;
    %jmp T_104.10;
T_104.9 ;
    %pushi/vec4 2, 0, 2;
    %assign/vec4 v0000000006707060_0, 0;
T_104.10 ;
    %jmp T_104.6;
T_104.6 ;
    %pop/vec4 1;
T_104.1 ;
    %jmp T_104;
    .thread T_104;
    .scope S_0000000006702a80;
T_105 ;
    %wait E_0000000006653ff0;
    %load/vec4 v00000000067079c0_0;
    %cmpi/e 1, 0, 1;
    %jmp/0xz  T_105.0, 4;
    %pushi/vec4 0, 0, 1;
    %assign/vec4 v0000000006707100_0, 0;
    %jmp T_105.1;
T_105.0 ;
    %load/vec4 v0000000006707060_0;
    %cmpi/e 2, 0, 2;
    %jmp/0xz  T_105.2, 4;
    %load/vec4 v0000000006708be0_0;
    %load/vec4 v0000000006708d20_0;
    %concat/vec4; draw_concat_vec4
    %pad/u 8;
    %assign/vec4 v0000000006707c40_0, 0;
    %pushi/vec4 1, 0, 1;
    %assign/vec4 v0000000006707100_0, 0;
    %jmp T_105.3;
T_105.2 ;
    %load/vec4 v0000000006707100_0;
    %cmpi/e 1, 0, 1;
    %jmp/0xz  T_105.4, 4;
    %load/vec4 v00000000067085a0_0;
    %addi 1, 0, 4;
    %assign/vec4 v00000000067085a0_0, 0;
T_105.4 ;
    %pushi/vec4 0, 0, 1;
    %assign/vec4 v0000000006707100_0, 0;
T_105.3 ;
T_105.1 ;
    %jmp T_105;
    .thread T_105;
    .scope S_0000000006702a80;
T_106 ;
    %wait E_0000000006653ff0;
    %load/vec4 v00000000067079c0_0;
    %cmpi/e 1, 0, 1;
    %jmp/0xz  T_106.0, 4;
    %pushi/vec4 0, 0, 1;
    %assign/vec4 v0000000006707420_0, 0;
    %pushi/vec4 1, 0, 1;
    %assign/vec4 v00000000067086e0_0, 0;
    %jmp T_106.1;
T_106.0 ;
    %load/vec4 v0000000006707060_0;
    %cmpi/e 1, 0, 2;
    %jmp/0xz  T_106.2, 4;
    %pushi/vec4 0, 0, 1;
    %assign/vec4 v00000000067086e0_0, 0;
    %pushi/vec4 1, 0, 1;
    %assign/vec4 v0000000006709180_0, 0;
    %load/vec4 v0000000006707880_0;
    %assign/vec4 v0000000006708140_0, 0;
    %pushi/vec4 1, 0, 1;
    %assign/vec4 v0000000006707420_0, 0;
    %jmp T_106.3;
T_106.2 ;
    %pushi/vec4 0, 0, 1;
    %assign/vec4 v0000000006707420_0, 0;
    %pushi/vec4 0, 0, 1;
    %assign/vec4 v0000000006709180_0, 0;
    %pushi/vec4 1, 0, 1;
    %assign/vec4 v00000000067086e0_0, 0;
T_106.3 ;
T_106.1 ;
    %jmp T_106;
    .thread T_106;
    .scope S_000000000668efa0;
T_107 ;
    %pushi/vec4 1, 0, 1;
    %store/vec4 v0000000006709040_0, 0, 1;
    %pushi/vec4 0, 0, 1;
    %store/vec4 v00000000067088c0_0, 0, 1;
    %pushi/vec4 1, 0, 1;
    %store/vec4 v0000000006709360_0, 0, 1;
    %pushi/vec4 1, 0, 1;
    %store/vec4 v0000000006708e60_0, 0, 1;
    %pushi/vec4 1, 0, 1;
    %store/vec4 v0000000006707b00_0, 0, 1;
    %end;
    .thread T_107;
    .scope S_000000000668efa0;
T_108 ;
    %delay 41670, 0;
    %load/vec4 v00000000067088c0_0;
    %inv;
    %store/vec4 v00000000067088c0_0, 0, 1;
    %jmp T_108;
    .thread T_108;
    .scope S_000000000668efa0;
T_109 ;
    %delay 83340, 0;
    %pushi/vec4 0, 0, 1;
    %store/vec4 v0000000006709040_0, 0, 1;
    %delay 166680, 0;
    %pushi/vec4 1, 0, 1;
    %store/vec4 v0000000006709040_0, 0, 1;
    %delay 83340, 0;
    %pushi/vec4 0, 0, 1;
    %store/vec4 v0000000006709360_0, 0, 1;
    %delay 83340, 0;
    %pushi/vec4 0, 0, 1;
    %store/vec4 v0000000006708e60_0, 0, 1;
    %delay 333360, 0;
    %pushi/vec4 1, 0, 1;
    %store/vec4 v0000000006709360_0, 0, 1;
    %end;
    .thread T_109;
    .scope S_000000000668efa0;
T_110 ;
    %vpi_call 3 56 "$dumpfile", "mini-midi_tb.vcd" {0 0 0};
    %vpi_call 3 57 "$dumpvars", 32'sb00000000000000000000000000000000, S_000000000668efa0 {0 0 0};
    %delay 10000000, 0;
    %vpi_call 3 63 "$display", "Finished!" {0 0 0};
    %vpi_call 3 64 "$finish" {0 0 0};
    %end;
    .thread T_110;
# The file index is used to find the file name in the following table.
:file_names 9;
    "N/A";
    "<interactive>";
    "C:\Users\pc\.apio\packages\tools-oss-cad-suite\share\yosys/ice40/cells_sim.v";
    "mini-midi_tb.v";
    "mini-midi.v";
    "clock-divider.v";
    "counter.v";
    "button-debouncer.v";
    "memory-ram.v";
