#! 
:ivl_version "13.0 (devel)" "(s20221226-321-gd22bb3d25)";
:ivl_delay_selection "TYPICAL";
:vpi_time_precision - 12;
:vpi_module "C:\Users\pc\APIO~1\packages\TOOLS-~2\lib\ivl\system.vpi";
:vpi_module "C:\Users\pc\APIO~1\packages\TOOLS-~2\lib\ivl\vhdl_sys.vpi";
:vpi_module "C:\Users\pc\APIO~1\packages\TOOLS-~2\lib\ivl\vhdl_textio.vpi";
:vpi_module "C:\Users\pc\APIO~1\packages\TOOLS-~2\lib\ivl\v2005_math.vpi";
:vpi_module "C:\Users\pc\APIO~1\packages\TOOLS-~2\lib\ivl\va_math.vpi";
S_000000000656dff0 .scope module, "ICESTORM_LC" "ICESTORM_LC" 2 2136;
 .timescale -12 -12;
    .port_info 0 /INPUT 1 "I0";
    .port_info 1 /INPUT 1 "I1";
    .port_info 2 /INPUT 1 "I2";
    .port_info 3 /INPUT 1 "I3";
    .port_info 4 /INPUT 1 "CIN";
    .port_info 5 /INPUT 1 "CLK";
    .port_info 6 /INPUT 1 "CEN";
    .port_info 7 /INPUT 1 "SR";
    .port_info 8 /OUTPUT 1 "LO";
    .port_info 9 /OUTPUT 1 "O";
    .port_info 10 /OUTPUT 1 "COUT";
P_00000000063d6270 .param/l "ASYNC_SR" 0 2 2148, C4<0>;
P_00000000063d62a8 .param/l "CARRY_ENABLE" 0 2 2145, C4<0>;
P_00000000063d62e0 .param/l "CIN_CONST" 0 2 2150, C4<0>;
P_00000000063d6318 .param/l "CIN_SET" 0 2 2151, C4<0>;
P_00000000063d6350 .param/l "DFF_ENABLE" 0 2 2146, C4<0>;
P_00000000063d6388 .param/l "LUT_INIT" 0 2 2142, C4<0000000000000000>;
P_00000000063d63c0 .param/l "NEG_CLK" 0 2 2144, C4<0>;
P_00000000063d63f8 .param/l "SET_NORESET" 0 2 2147, C4<0>;
o00000000065849f8 .functor BUFZ 1, C4<z>; HiZ drive
L_000000000656b080 .functor BUFZ 1, o00000000065849f8, C4<0>, C4<0>, C4<0>;
L_000000000656a3d0 .functor BUFZ 1, L_000000000664da30, C4<0>, C4<0>, C4<0>;
o0000000006584a28 .functor BUFZ 1, C4<z>; HiZ drive
L_00000000066057f0 .functor BUFT 1, C4<0>, C4<0>, C4<0>, C4<0>;
L_000000000656ad00 .functor XOR 1, o0000000006584a28, L_00000000066057f0, C4<0>, C4<0>;
L_000000000656b6a0 .functor BUFZ 1, L_000000000664da30, C4<0>, C4<0>, C4<0>;
o0000000006584998 .functor BUFZ 1, C4<z>; HiZ drive
v0000000006570f30_0 .net "CEN", 0 0, o0000000006584998;  0 drivers
v0000000006570350_0 .net "CEN_pu", 0 0, L_00000000065f59e0;  1 drivers
v0000000006571f70_0 .net "CIN", 0 0, o00000000065849f8;  0 drivers
v0000000006571430_0 .net "CLK", 0 0, o0000000006584a28;  0 drivers
L_0000000006605718 .functor BUFT 1, C4<x>, C4<0>, C4<0>, C4<0>;
v0000000006570850_0 .net "COUT", 0 0, L_0000000006605718;  1 drivers
o0000000006584a88 .functor BUFZ 1, C4<z>; HiZ drive
v00000000065717f0_0 .net "I0", 0 0, o0000000006584a88;  0 drivers
v0000000006571ed0_0 .net "I0_pd", 0 0, L_00000000065f5bc0;  1 drivers
o0000000006584ae8 .functor BUFZ 1, C4<z>; HiZ drive
v0000000006570530_0 .net "I1", 0 0, o0000000006584ae8;  0 drivers
v0000000006570d50_0 .net "I1_pd", 0 0, L_00000000065f67a0;  1 drivers
o0000000006584b48 .functor BUFZ 1, C4<z>; HiZ drive
v0000000006570df0_0 .net "I2", 0 0, o0000000006584b48;  0 drivers
v0000000006570210_0 .net "I2_pd", 0 0, L_00000000065f7100;  1 drivers
o0000000006584ba8 .functor BUFZ 1, C4<z>; HiZ drive
v0000000006570c10_0 .net "I3", 0 0, o0000000006584ba8;  0 drivers
v0000000006571d90_0 .net "I3_pd", 0 0, L_00000000065f7f60;  1 drivers
v0000000006571250_0 .net "LO", 0 0, L_000000000656a3d0;  1 drivers
v0000000006570fd0_0 .net "O", 0 0, L_000000000656b6a0;  1 drivers
o0000000006584c68 .functor BUFZ 1, C4<z>; HiZ drive
v00000000065711b0_0 .net "SR", 0 0, o0000000006584c68;  0 drivers
v0000000006570990_0 .net "SR_pd", 0 0, L_00000000065f58a0;  1 drivers
o0000000006584cc8 .functor BUFZ 1, C4<z>; HiZ drive
; Elide local net with no drivers, v0000000006570670_0 name=_ivl_0
v00000000065700d0_0 .net *"_ivl_10", 0 0, L_00000000065f5b20;  1 drivers
L_00000000066055b0 .functor BUFT 1, C4<0>, C4<0>, C4<0>, C4<0>;
v0000000006570e90_0 .net/2u *"_ivl_12", 0 0, L_00000000066055b0;  1 drivers
o0000000006584d58 .functor BUFZ 1, C4<z>; HiZ drive
; Elide local net with no drivers, v0000000006571bb0_0 name=_ivl_16
v0000000006571070_0 .net *"_ivl_18", 0 0, L_00000000065f65c0;  1 drivers
v00000000065714d0_0 .net *"_ivl_2", 0 0, L_00000000065f6e80;  1 drivers
L_00000000066055f8 .functor BUFT 1, C4<0>, C4<0>, C4<0>, C4<0>;
v00000000065708f0_0 .net/2u *"_ivl_20", 0 0, L_00000000066055f8;  1 drivers
o0000000006584e18 .functor BUFZ 1, C4<z>; HiZ drive
; Elide local net with no drivers, v0000000006571890_0 name=_ivl_24
v00000000065702b0_0 .net *"_ivl_26", 0 0, L_00000000065f7e20;  1 drivers
L_0000000006605640 .functor BUFT 1, C4<0>, C4<0>, C4<0>, C4<0>;
v00000000065712f0_0 .net/2u *"_ivl_28", 0 0, L_0000000006605640;  1 drivers
o0000000006584ea8 .functor BUFZ 1, C4<z>; HiZ drive
; Elide local net with no drivers, v0000000006571570_0 name=_ivl_32
v00000000065716b0_0 .net *"_ivl_34", 0 0, L_00000000065f5800;  1 drivers
L_0000000006605688 .functor BUFT 1, C4<0>, C4<0>, C4<0>, C4<0>;
v0000000006571750_0 .net/2u *"_ivl_36", 0 0, L_0000000006605688;  1 drivers
L_0000000006605568 .functor BUFT 1, C4<0>, C4<0>, C4<0>, C4<0>;
v0000000006570a30_0 .net/2u *"_ivl_4", 0 0, L_0000000006605568;  1 drivers
o0000000006584f68 .functor BUFZ 1, C4<z>; HiZ drive
; Elide local net with no drivers, v0000000006571930_0 name=_ivl_40
v00000000065719d0_0 .net *"_ivl_42", 0 0, L_00000000065f5940;  1 drivers
L_00000000066056d0 .functor BUFT 1, C4<1>, C4<0>, C4<0>, C4<0>;
v0000000006571c50_0 .net/2u *"_ivl_44", 0 0, L_00000000066056d0;  1 drivers
L_0000000006605760 .functor BUFT 1, C4<00000000>, C4<0>, C4<0>, C4<0>;
v0000000006571a70_0 .net/2u *"_ivl_52", 7 0, L_0000000006605760;  1 drivers
L_00000000066057a8 .functor BUFT 1, C4<00000000>, C4<0>, C4<0>, C4<0>;
v00000000065705d0_0 .net/2u *"_ivl_54", 7 0, L_00000000066057a8;  1 drivers
v0000000006570490_0 .net *"_ivl_59", 3 0, L_00000000065f5d00;  1 drivers
v0000000006571b10_0 .net *"_ivl_61", 3 0, L_00000000065f5da0;  1 drivers
v0000000006571cf0_0 .net *"_ivl_65", 1 0, L_000000000664dfd0;  1 drivers
v0000000006571e30_0 .net *"_ivl_67", 1 0, L_000000000664ec50;  1 drivers
v0000000006570ad0_0 .net *"_ivl_71", 0 0, L_000000000664f1f0;  1 drivers
v0000000006570170_0 .net *"_ivl_73", 0 0, L_000000000664ea70;  1 drivers
v00000000065703f0_0 .net/2u *"_ivl_78", 0 0, L_00000000066057f0;  1 drivers
o00000000065851a8 .functor BUFZ 1, C4<z>; HiZ drive
; Elide local net with no drivers, v0000000006570710_0 name=_ivl_8
v00000000065707b0_0 .net "lut_o", 0 0, L_000000000664da30;  1 drivers
v000000000650a780_0 .net "lut_s1", 1 0, L_000000000664ed90;  1 drivers
v000000000650abe0_0 .net "lut_s2", 3 0, L_000000000664f650;  1 drivers
v000000000650af00_0 .net "lut_s3", 7 0, L_00000000065f5c60;  1 drivers
v000000000650b040_0 .net "mux_cin", 0 0, L_000000000656b080;  1 drivers
v0000000006509560_0 .var "o_reg", 0 0;
v0000000006509740_0 .var "o_reg_async", 0 0;
v0000000006509880_0 .net "polarized_clk", 0 0, L_000000000656ad00;  1 drivers
E_000000000653e450 .event posedge, v0000000006570990_0, v0000000006509880_0;
E_000000000653e490 .event posedge, v0000000006509880_0;
L_00000000065f6e80 .cmp/eeq 1, o0000000006584a88, o0000000006584cc8;
L_00000000065f5bc0 .functor MUXZ 1, o0000000006584a88, L_0000000006605568, L_00000000065f6e80, C4<>;
L_00000000065f5b20 .cmp/eeq 1, o0000000006584ae8, o00000000065851a8;
L_00000000065f67a0 .functor MUXZ 1, o0000000006584ae8, L_00000000066055b0, L_00000000065f5b20, C4<>;
L_00000000065f65c0 .cmp/eeq 1, o0000000006584b48, o0000000006584d58;
L_00000000065f7100 .functor MUXZ 1, o0000000006584b48, L_00000000066055f8, L_00000000065f65c0, C4<>;
L_00000000065f7e20 .cmp/eeq 1, o0000000006584ba8, o0000000006584e18;
L_00000000065f7f60 .functor MUXZ 1, o0000000006584ba8, L_0000000006605640, L_00000000065f7e20, C4<>;
L_00000000065f5800 .cmp/eeq 1, o0000000006584c68, o0000000006584ea8;
L_00000000065f58a0 .functor MUXZ 1, o0000000006584c68, L_0000000006605688, L_00000000065f5800, C4<>;
L_00000000065f5940 .cmp/eeq 1, o0000000006584998, o0000000006584f68;
L_00000000065f59e0 .functor MUXZ 1, o0000000006584998, L_00000000066056d0, L_00000000065f5940, C4<>;
L_00000000065f5c60 .functor MUXZ 8, L_00000000066057a8, L_0000000006605760, L_00000000065f7f60, C4<>;
L_00000000065f5d00 .part L_00000000065f5c60, 4, 4;
L_00000000065f5da0 .part L_00000000065f5c60, 0, 4;
L_000000000664f650 .functor MUXZ 4, L_00000000065f5da0, L_00000000065f5d00, L_00000000065f7100, C4<>;
L_000000000664dfd0 .part L_000000000664f650, 2, 2;
L_000000000664ec50 .part L_000000000664f650, 0, 2;
L_000000000664ed90 .functor MUXZ 2, L_000000000664ec50, L_000000000664dfd0, L_00000000065f67a0, C4<>;
L_000000000664f1f0 .part L_000000000664ed90, 1, 1;
L_000000000664ea70 .part L_000000000664ed90, 0, 1;
L_000000000664da30 .functor MUXZ 1, L_000000000664ea70, L_000000000664f1f0, L_00000000065f5bc0, C4<>;
S_0000000004b6ecf0 .scope module, "ICESTORM_RAM" "ICESTORM_RAM" 2 3167;
 .timescale -12 -12;
    .port_info 0 /OUTPUT 1 "RDATA_15";
    .port_info 1 /OUTPUT 1 "RDATA_14";
    .port_info 2 /OUTPUT 1 "RDATA_13";
    .port_info 3 /OUTPUT 1 "RDATA_12";
    .port_info 4 /OUTPUT 1 "RDATA_11";
    .port_info 5 /OUTPUT 1 "RDATA_10";
    .port_info 6 /OUTPUT 1 "RDATA_9";
    .port_info 7 /OUTPUT 1 "RDATA_8";
    .port_info 8 /OUTPUT 1 "RDATA_7";
    .port_info 9 /OUTPUT 1 "RDATA_6";
    .port_info 10 /OUTPUT 1 "RDATA_5";
    .port_info 11 /OUTPUT 1 "RDATA_4";
    .port_info 12 /OUTPUT 1 "RDATA_3";
    .port_info 13 /OUTPUT 1 "RDATA_2";
    .port_info 14 /OUTPUT 1 "RDATA_1";
    .port_info 15 /OUTPUT 1 "RDATA_0";
    .port_info 16 /INPUT 1 "RCLK";
    .port_info 17 /INPUT 1 "RCLKE";
    .port_info 18 /INPUT 1 "RE";
    .port_info 19 /INPUT 1 "RADDR_10";
    .port_info 20 /INPUT 1 "RADDR_9";
    .port_info 21 /INPUT 1 "RADDR_8";
    .port_info 22 /INPUT 1 "RADDR_7";
    .port_info 23 /INPUT 1 "RADDR_6";
    .port_info 24 /INPUT 1 "RADDR_5";
    .port_info 25 /INPUT 1 "RADDR_4";
    .port_info 26 /INPUT 1 "RADDR_3";
    .port_info 27 /INPUT 1 "RADDR_2";
    .port_info 28 /INPUT 1 "RADDR_1";
    .port_info 29 /INPUT 1 "RADDR_0";
    .port_info 30 /INPUT 1 "WCLK";
    .port_info 31 /INPUT 1 "WCLKE";
    .port_info 32 /INPUT 1 "WE";
    .port_info 33 /INPUT 1 "WADDR_10";
    .port_info 34 /INPUT 1 "WADDR_9";
    .port_info 35 /INPUT 1 "WADDR_8";
    .port_info 36 /INPUT 1 "WADDR_7";
    .port_info 37 /INPUT 1 "WADDR_6";
    .port_info 38 /INPUT 1 "WADDR_5";
    .port_info 39 /INPUT 1 "WADDR_4";
    .port_info 40 /INPUT 1 "WADDR_3";
    .port_info 41 /INPUT 1 "WADDR_2";
    .port_info 42 /INPUT 1 "WADDR_1";
    .port_info 43 /INPUT 1 "WADDR_0";
    .port_info 44 /INPUT 1 "MASK_15";
    .port_info 45 /INPUT 1 "MASK_14";
    .port_info 46 /INPUT 1 "MASK_13";
    .port_info 47 /INPUT 1 "MASK_12";
    .port_info 48 /INPUT 1 "MASK_11";
    .port_info 49 /INPUT 1 "MASK_10";
    .port_info 50 /INPUT 1 "MASK_9";
    .port_info 51 /INPUT 1 "MASK_8";
    .port_info 52 /INPUT 1 "MASK_7";
    .port_info 53 /INPUT 1 "MASK_6";
    .port_info 54 /INPUT 1 "MASK_5";
    .port_info 55 /INPUT 1 "MASK_4";
    .port_info 56 /INPUT 1 "MASK_3";
    .port_info 57 /INPUT 1 "MASK_2";
    .port_info 58 /INPUT 1 "MASK_1";
    .port_info 59 /INPUT 1 "MASK_0";
    .port_info 60 /INPUT 1 "WDATA_15";
    .port_info 61 /INPUT 1 "WDATA_14";
    .port_info 62 /INPUT 1 "WDATA_13";
    .port_info 63 /INPUT 1 "WDATA_12";
    .port_info 64 /INPUT 1 "WDATA_11";
    .port_info 65 /INPUT 1 "WDATA_10";
    .port_info 66 /INPUT 1 "WDATA_9";
    .port_info 67 /INPUT 1 "WDATA_8";
    .port_info 68 /INPUT 1 "WDATA_7";
    .port_info 69 /INPUT 1 "WDATA_6";
    .port_info 70 /INPUT 1 "WDATA_5";
    .port_info 71 /INPUT 1 "WDATA_4";
    .port_info 72 /INPUT 1 "WDATA_3";
    .port_info 73 /INPUT 1 "WDATA_2";
    .port_info 74 /INPUT 1 "WDATA_1";
    .port_info 75 /INPUT 1 "WDATA_0";
P_0000000004ac86c0 .param/l "INIT_0" 0 2 3182, C4<0000000000000000000000000000000000000000000000000000000000000000000000000000000000000000000000000000000000000000000000000000000000000000000000000000000000000000000000000000000000000000000000000000000000000000000000000000000000000000000000000000000000000000>;
P_0000000004ac86f8 .param/l "INIT_1" 0 2 3183, C4<0000000000000000000000000000000000000000000000000000000000000000000000000000000000000000000000000000000000000000000000000000000000000000000000000000000000000000000000000000000000000000000000000000000000000000000000000000000000000000000000000000000000000000>;
P_0000000004ac8730 .param/l "INIT_2" 0 2 3184, C4<0000000000000000000000000000000000000000000000000000000000000000000000000000000000000000000000000000000000000000000000000000000000000000000000000000000000000000000000000000000000000000000000000000000000000000000000000000000000000000000000000000000000000000>;
P_0000000004ac8768 .param/l "INIT_3" 0 2 3185, C4<0000000000000000000000000000000000000000000000000000000000000000000000000000000000000000000000000000000000000000000000000000000000000000000000000000000000000000000000000000000000000000000000000000000000000000000000000000000000000000000000000000000000000000>;
P_0000000004ac87a0 .param/l "INIT_4" 0 2 3186, C4<0000000000000000000000000000000000000000000000000000000000000000000000000000000000000000000000000000000000000000000000000000000000000000000000000000000000000000000000000000000000000000000000000000000000000000000000000000000000000000000000000000000000000000>;
P_0000000004ac87d8 .param/l "INIT_5" 0 2 3187, C4<0000000000000000000000000000000000000000000000000000000000000000000000000000000000000000000000000000000000000000000000000000000000000000000000000000000000000000000000000000000000000000000000000000000000000000000000000000000000000000000000000000000000000000>;
P_0000000004ac8810 .param/l "INIT_6" 0 2 3188, C4<0000000000000000000000000000000000000000000000000000000000000000000000000000000000000000000000000000000000000000000000000000000000000000000000000000000000000000000000000000000000000000000000000000000000000000000000000000000000000000000000000000000000000000>;
P_0000000004ac8848 .param/l "INIT_7" 0 2 3189, C4<0000000000000000000000000000000000000000000000000000000000000000000000000000000000000000000000000000000000000000000000000000000000000000000000000000000000000000000000000000000000000000000000000000000000000000000000000000000000000000000000000000000000000000>;
P_0000000004ac8880 .param/l "INIT_8" 0 2 3190, C4<0000000000000000000000000000000000000000000000000000000000000000000000000000000000000000000000000000000000000000000000000000000000000000000000000000000000000000000000000000000000000000000000000000000000000000000000000000000000000000000000000000000000000000>;
P_0000000004ac88b8 .param/l "INIT_9" 0 2 3191, C4<0000000000000000000000000000000000000000000000000000000000000000000000000000000000000000000000000000000000000000000000000000000000000000000000000000000000000000000000000000000000000000000000000000000000000000000000000000000000000000000000000000000000000000>;
P_0000000004ac88f0 .param/l "INIT_A" 0 2 3192, C4<0000000000000000000000000000000000000000000000000000000000000000000000000000000000000000000000000000000000000000000000000000000000000000000000000000000000000000000000000000000000000000000000000000000000000000000000000000000000000000000000000000000000000000>;
P_0000000004ac8928 .param/l "INIT_B" 0 2 3193, C4<0000000000000000000000000000000000000000000000000000000000000000000000000000000000000000000000000000000000000000000000000000000000000000000000000000000000000000000000000000000000000000000000000000000000000000000000000000000000000000000000000000000000000000>;
P_0000000004ac8960 .param/l "INIT_C" 0 2 3194, C4<0000000000000000000000000000000000000000000000000000000000000000000000000000000000000000000000000000000000000000000000000000000000000000000000000000000000000000000000000000000000000000000000000000000000000000000000000000000000000000000000000000000000000000>;
P_0000000004ac8998 .param/l "INIT_D" 0 2 3195, C4<0000000000000000000000000000000000000000000000000000000000000000000000000000000000000000000000000000000000000000000000000000000000000000000000000000000000000000000000000000000000000000000000000000000000000000000000000000000000000000000000000000000000000000>;
P_0000000004ac89d0 .param/l "INIT_E" 0 2 3196, C4<0000000000000000000000000000000000000000000000000000000000000000000000000000000000000000000000000000000000000000000000000000000000000000000000000000000000000000000000000000000000000000000000000000000000000000000000000000000000000000000000000000000000000000>;
P_0000000004ac8a08 .param/l "INIT_F" 0 2 3197, C4<0000000000000000000000000000000000000000000000000000000000000000000000000000000000000000000000000000000000000000000000000000000000000000000000000000000000000000000000000000000000000000000000000000000000000000000000000000000000000000000000000000000000000000>;
P_0000000004ac8a40 .param/l "NEG_CLK_R" 0 2 3179, C4<0>;
P_0000000004ac8a78 .param/l "NEG_CLK_W" 0 2 3180, C4<0>;
P_0000000004ac8ab0 .param/l "READ_MODE" 0 2 3177, +C4<00000000000000000000000000000000>;
P_0000000004ac8ae8 .param/l "WRITE_MODE" 0 2 3176, +C4<00000000000000000000000000000000>;
L_0000000006605880 .functor BUFT 1, C4<0>, C4<0>, C4<0>, C4<0>;
L_000000000656a9f0 .functor XOR 1, L_000000000664e1b0, L_0000000006605880, C4<0>, C4<0>;
L_00000000066058c8 .functor BUFT 1, C4<0>, C4<0>, C4<0>, C4<0>;
L_000000000656b7f0 .functor XOR 1, L_000000000664ee30, L_00000000066058c8, C4<0>, C4<0>;
o0000000006585b38 .functor BUFZ 1, C4<z>; HiZ drive
v00000000065cc260_0 .net "MASK_0", 0 0, o0000000006585b38;  0 drivers
o0000000006585b68 .functor BUFZ 1, C4<z>; HiZ drive
v00000000065cc300_0 .net "MASK_1", 0 0, o0000000006585b68;  0 drivers
o0000000006585b98 .functor BUFZ 1, C4<z>; HiZ drive
v00000000065cbfe0_0 .net "MASK_10", 0 0, o0000000006585b98;  0 drivers
o0000000006585bc8 .functor BUFZ 1, C4<z>; HiZ drive
v00000000065cc3a0_0 .net "MASK_11", 0 0, o0000000006585bc8;  0 drivers
o0000000006585bf8 .functor BUFZ 1, C4<z>; HiZ drive
v00000000065cb0e0_0 .net "MASK_12", 0 0, o0000000006585bf8;  0 drivers
o0000000006585c28 .functor BUFZ 1, C4<z>; HiZ drive
v00000000065cc440_0 .net "MASK_13", 0 0, o0000000006585c28;  0 drivers
o0000000006585c58 .functor BUFZ 1, C4<z>; HiZ drive
v00000000065cc580_0 .net "MASK_14", 0 0, o0000000006585c58;  0 drivers
o0000000006585c88 .functor BUFZ 1, C4<z>; HiZ drive
v00000000065cc080_0 .net "MASK_15", 0 0, o0000000006585c88;  0 drivers
o0000000006585cb8 .functor BUFZ 1, C4<z>; HiZ drive
v00000000065cbea0_0 .net "MASK_2", 0 0, o0000000006585cb8;  0 drivers
o0000000006585ce8 .functor BUFZ 1, C4<z>; HiZ drive
v00000000065cb180_0 .net "MASK_3", 0 0, o0000000006585ce8;  0 drivers
o0000000006585d18 .functor BUFZ 1, C4<z>; HiZ drive
v00000000065cb9a0_0 .net "MASK_4", 0 0, o0000000006585d18;  0 drivers
o0000000006585d48 .functor BUFZ 1, C4<z>; HiZ drive
v00000000065cbd60_0 .net "MASK_5", 0 0, o0000000006585d48;  0 drivers
o0000000006585d78 .functor BUFZ 1, C4<z>; HiZ drive
v00000000065cb360_0 .net "MASK_6", 0 0, o0000000006585d78;  0 drivers
o0000000006585da8 .functor BUFZ 1, C4<z>; HiZ drive
v00000000065cc620_0 .net "MASK_7", 0 0, o0000000006585da8;  0 drivers
o0000000006585dd8 .functor BUFZ 1, C4<z>; HiZ drive
v00000000065cc6c0_0 .net "MASK_8", 0 0, o0000000006585dd8;  0 drivers
o0000000006585e08 .functor BUFZ 1, C4<z>; HiZ drive
v00000000065cb5e0_0 .net "MASK_9", 0 0, o0000000006585e08;  0 drivers
o0000000006585e38 .functor BUFZ 1, C4<z>; HiZ drive
v00000000065cb7c0_0 .net "RADDR_0", 0 0, o0000000006585e38;  0 drivers
o0000000006585e68 .functor BUFZ 1, C4<z>; HiZ drive
v00000000065cae60_0 .net "RADDR_1", 0 0, o0000000006585e68;  0 drivers
o0000000006585e98 .functor BUFZ 1, C4<z>; HiZ drive
v00000000065cb720_0 .net "RADDR_10", 0 0, o0000000006585e98;  0 drivers
o0000000006585ec8 .functor BUFZ 1, C4<z>; HiZ drive
v00000000065cb2c0_0 .net "RADDR_2", 0 0, o0000000006585ec8;  0 drivers
o0000000006585ef8 .functor BUFZ 1, C4<z>; HiZ drive
v00000000065cb900_0 .net "RADDR_3", 0 0, o0000000006585ef8;  0 drivers
o0000000006585f28 .functor BUFZ 1, C4<z>; HiZ drive
v00000000065cb220_0 .net "RADDR_4", 0 0, o0000000006585f28;  0 drivers
o0000000006585f58 .functor BUFZ 1, C4<z>; HiZ drive
v00000000065cb400_0 .net "RADDR_5", 0 0, o0000000006585f58;  0 drivers
o0000000006585f88 .functor BUFZ 1, C4<z>; HiZ drive
v00000000065cba40_0 .net "RADDR_6", 0 0, o0000000006585f88;  0 drivers
o0000000006585fb8 .functor BUFZ 1, C4<z>; HiZ drive
v00000000065ccb20_0 .net "RADDR_7", 0 0, o0000000006585fb8;  0 drivers
o0000000006585fe8 .functor BUFZ 1, C4<z>; HiZ drive
v00000000065caf00_0 .net "RADDR_8", 0 0, o0000000006585fe8;  0 drivers
o0000000006586018 .functor BUFZ 1, C4<z>; HiZ drive
v00000000065cafa0_0 .net "RADDR_9", 0 0, o0000000006586018;  0 drivers
o0000000006586048 .functor BUFZ 1, C4<z>; HiZ drive
v00000000065cbc20_0 .net "RCLK", 0 0, o0000000006586048;  0 drivers
o0000000006586078 .functor BUFZ 1, C4<z>; HiZ drive
v00000000065cbae0_0 .net "RCLKE", 0 0, o0000000006586078;  0 drivers
v00000000065cbb80_0 .net "RDATA_0", 0 0, L_000000000664e750;  1 drivers
v00000000065cbcc0_0 .net "RDATA_1", 0 0, L_000000000664d5d0;  1 drivers
v00000000065cc120_0 .net "RDATA_10", 0 0, L_000000000664dc10;  1 drivers
v00000000065cbe00_0 .net "RDATA_11", 0 0, L_000000000664e570;  1 drivers
v00000000065cbf40_0 .net "RDATA_12", 0 0, L_000000000664fab0;  1 drivers
v00000000065cc1c0_0 .net "RDATA_13", 0 0, L_000000000664e2f0;  1 drivers
v00000000065cc760_0 .net "RDATA_14", 0 0, L_000000000664e070;  1 drivers
v00000000065cc800_0 .net "RDATA_15", 0 0, L_000000000664f470;  1 drivers
v00000000065ccc60_0 .net "RDATA_2", 0 0, L_000000000664fd30;  1 drivers
v00000000065cc8a0_0 .net "RDATA_3", 0 0, L_000000000664f290;  1 drivers
v00000000065cc940_0 .net "RDATA_4", 0 0, L_000000000664f5b0;  1 drivers
v00000000065ccbc0_0 .net "RDATA_5", 0 0, L_000000000664eb10;  1 drivers
v00000000065cc9e0_0 .net "RDATA_6", 0 0, L_000000000664ecf0;  1 drivers
v00000000065cca80_0 .net "RDATA_7", 0 0, L_000000000664f970;  1 drivers
v00000000065ccd00_0 .net "RDATA_8", 0 0, L_000000000664d7b0;  1 drivers
v00000000065ce5d0_0 .net "RDATA_9", 0 0, L_000000000664e110;  1 drivers
o00000000065863a8 .functor BUFZ 1, C4<z>; HiZ drive
v00000000065cdf90_0 .net "RE", 0 0, o00000000065863a8;  0 drivers
o00000000065863d8 .functor BUFZ 1, C4<z>; HiZ drive
v00000000065cd9f0_0 .net "WADDR_0", 0 0, o00000000065863d8;  0 drivers
o0000000006586408 .functor BUFZ 1, C4<z>; HiZ drive
v00000000065ced50_0 .net "WADDR_1", 0 0, o0000000006586408;  0 drivers
o0000000006586438 .functor BUFZ 1, C4<z>; HiZ drive
v00000000065cec10_0 .net "WADDR_10", 0 0, o0000000006586438;  0 drivers
o0000000006586468 .functor BUFZ 1, C4<z>; HiZ drive
v00000000065cd590_0 .net "WADDR_2", 0 0, o0000000006586468;  0 drivers
o0000000006586498 .functor BUFZ 1, C4<z>; HiZ drive
v00000000065cd090_0 .net "WADDR_3", 0 0, o0000000006586498;  0 drivers
o00000000065864c8 .functor BUFZ 1, C4<z>; HiZ drive
v00000000065cf250_0 .net "WADDR_4", 0 0, o00000000065864c8;  0 drivers
o00000000065864f8 .functor BUFZ 1, C4<z>; HiZ drive
v00000000065cf7f0_0 .net "WADDR_5", 0 0, o00000000065864f8;  0 drivers
o0000000006586528 .functor BUFZ 1, C4<z>; HiZ drive
v00000000065cdc70_0 .net "WADDR_6", 0 0, o0000000006586528;  0 drivers
o0000000006586558 .functor BUFZ 1, C4<z>; HiZ drive
v00000000065cf110_0 .net "WADDR_7", 0 0, o0000000006586558;  0 drivers
o0000000006586588 .functor BUFZ 1, C4<z>; HiZ drive
v00000000065cdd10_0 .net "WADDR_8", 0 0, o0000000006586588;  0 drivers
o00000000065865b8 .functor BUFZ 1, C4<z>; HiZ drive
v00000000065cedf0_0 .net "WADDR_9", 0 0, o00000000065865b8;  0 drivers
o00000000065865e8 .functor BUFZ 1, C4<z>; HiZ drive
v00000000065cf750_0 .net "WCLK", 0 0, o00000000065865e8;  0 drivers
o0000000006586618 .functor BUFZ 1, C4<z>; HiZ drive
v00000000065cf2f0_0 .net "WCLKE", 0 0, o0000000006586618;  0 drivers
o0000000006586648 .functor BUFZ 1, C4<z>; HiZ drive
v00000000065ce490_0 .net "WDATA_0", 0 0, o0000000006586648;  0 drivers
o0000000006586678 .functor BUFZ 1, C4<z>; HiZ drive
v00000000065ce530_0 .net "WDATA_1", 0 0, o0000000006586678;  0 drivers
o00000000065866a8 .functor BUFZ 1, C4<z>; HiZ drive
v00000000065ce2b0_0 .net "WDATA_10", 0 0, o00000000065866a8;  0 drivers
o00000000065866d8 .functor BUFZ 1, C4<z>; HiZ drive
v00000000065ce990_0 .net "WDATA_11", 0 0, o00000000065866d8;  0 drivers
o0000000006586708 .functor BUFZ 1, C4<z>; HiZ drive
v00000000065cead0_0 .net "WDATA_12", 0 0, o0000000006586708;  0 drivers
o0000000006586738 .functor BUFZ 1, C4<z>; HiZ drive
v00000000065cd950_0 .net "WDATA_13", 0 0, o0000000006586738;  0 drivers
o0000000006586768 .functor BUFZ 1, C4<z>; HiZ drive
v00000000065ce8f0_0 .net "WDATA_14", 0 0, o0000000006586768;  0 drivers
o0000000006586798 .functor BUFZ 1, C4<z>; HiZ drive
v00000000065cd130_0 .net "WDATA_15", 0 0, o0000000006586798;  0 drivers
o00000000065867c8 .functor BUFZ 1, C4<z>; HiZ drive
v00000000065ce710_0 .net "WDATA_2", 0 0, o00000000065867c8;  0 drivers
o00000000065867f8 .functor BUFZ 1, C4<z>; HiZ drive
v00000000065cdbd0_0 .net "WDATA_3", 0 0, o00000000065867f8;  0 drivers
o0000000006586828 .functor BUFZ 1, C4<z>; HiZ drive
v00000000065cddb0_0 .net "WDATA_4", 0 0, o0000000006586828;  0 drivers
o0000000006586858 .functor BUFZ 1, C4<z>; HiZ drive
v00000000065cf070_0 .net "WDATA_5", 0 0, o0000000006586858;  0 drivers
o0000000006586888 .functor BUFZ 1, C4<z>; HiZ drive
v00000000065ce670_0 .net "WDATA_6", 0 0, o0000000006586888;  0 drivers
o00000000065868b8 .functor BUFZ 1, C4<z>; HiZ drive
v00000000065cd450_0 .net "WDATA_7", 0 0, o00000000065868b8;  0 drivers
o00000000065868e8 .functor BUFZ 1, C4<z>; HiZ drive
v00000000065cd630_0 .net "WDATA_8", 0 0, o00000000065868e8;  0 drivers
o0000000006586918 .functor BUFZ 1, C4<z>; HiZ drive
v00000000065cd3b0_0 .net "WDATA_9", 0 0, o0000000006586918;  0 drivers
o0000000006586948 .functor BUFZ 1, C4<z>; HiZ drive
v00000000065ce7b0_0 .net "WE", 0 0, o0000000006586948;  0 drivers
v00000000065cf390_0 .net *"_ivl_100", 0 0, L_000000000664d8f0;  1 drivers
v00000000065cde50_0 .net *"_ivl_102", 0 0, L_000000000664d990;  1 drivers
v00000000065cdef0_0 .net *"_ivl_104", 0 0, L_000000000664dd50;  1 drivers
v00000000065ce030_0 .net *"_ivl_106", 0 0, L_000000000664f330;  1 drivers
v00000000065ce850_0 .net *"_ivl_108", 0 0, L_0000000006651270;  1 drivers
v00000000065ceb70_0 .net *"_ivl_110", 0 0, L_0000000006651090;  1 drivers
v00000000065ce0d0_0 .net *"_ivl_112", 0 0, L_00000000066513b0;  1 drivers
v00000000065ce170_0 .net *"_ivl_114", 0 0, L_0000000006651810;  1 drivers
v00000000065cea30_0 .net *"_ivl_116", 0 0, L_00000000066502d0;  1 drivers
v00000000065ce210_0 .net *"_ivl_120", 0 0, L_0000000006651db0;  1 drivers
v00000000065ce350_0 .net *"_ivl_122", 0 0, L_0000000006650a50;  1 drivers
v00000000065cee90_0 .net *"_ivl_124", 0 0, L_00000000066522b0;  1 drivers
v00000000065cecb0_0 .net *"_ivl_126", 0 0, L_0000000006650b90;  1 drivers
v00000000065cda90_0 .net *"_ivl_128", 0 0, L_0000000006650af0;  1 drivers
v00000000065cd8b0_0 .net *"_ivl_130", 0 0, L_0000000006650410;  1 drivers
v00000000065cef30_0 .net *"_ivl_132", 0 0, L_0000000006650690;  1 drivers
v00000000065cf430_0 .net *"_ivl_134", 0 0, L_0000000006650d70;  1 drivers
v00000000065cdb30_0 .net *"_ivl_136", 0 0, L_00000000066507d0;  1 drivers
v00000000065ce3f0_0 .net *"_ivl_138", 0 0, L_0000000006651310;  1 drivers
v00000000065cd270_0 .net *"_ivl_140", 0 0, L_0000000006650730;  1 drivers
v00000000065cefd0_0 .net *"_ivl_142", 0 0, L_0000000006650c30;  1 drivers
v00000000065cd1d0_0 .net *"_ivl_144", 0 0, L_0000000006651450;  1 drivers
v00000000065cf1b0_0 .net *"_ivl_146", 0 0, L_00000000066504b0;  1 drivers
v00000000065cf4d0_0 .net *"_ivl_148", 0 0, L_00000000066518b0;  1 drivers
v00000000065cf570_0 .net *"_ivl_150", 0 0, L_00000000066516d0;  1 drivers
v00000000065cd810_0 .net *"_ivl_18", 0 0, L_000000000664e1b0;  1 drivers
v00000000065cf6b0_0 .net/2u *"_ivl_19", 0 0, L_0000000006605880;  1 drivers
v00000000065cd4f0_0 .net *"_ivl_28", 0 0, L_000000000664de90;  1 drivers
v00000000065cd310_0 .net *"_ivl_30", 0 0, L_000000000664d670;  1 drivers
v00000000065cf610_0 .net *"_ivl_32", 0 0, L_000000000664dad0;  1 drivers
v00000000065cd6d0_0 .net *"_ivl_34", 0 0, L_000000000664f790;  1 drivers
v00000000065cd770_0 .net *"_ivl_36", 0 0, L_000000000664e250;  1 drivers
v00000000065cf9d0_0 .net *"_ivl_38", 0 0, L_000000000664e390;  1 drivers
v00000000065d0790_0 .net *"_ivl_40", 0 0, L_000000000664fc90;  1 drivers
v00000000065cfa70_0 .net *"_ivl_42", 0 0, L_000000000664f6f0;  1 drivers
v00000000065d0330_0 .net *"_ivl_44", 0 0, L_000000000664f830;  1 drivers
v00000000065cff70_0 .net *"_ivl_46", 0 0, L_000000000664ebb0;  1 drivers
v00000000065cfcf0_0 .net *"_ivl_48", 0 0, L_000000000664f3d0;  1 drivers
v00000000065d0150_0 .net *"_ivl_52", 0 0, L_000000000664ee30;  1 drivers
v00000000065d01f0_0 .net/2u *"_ivl_53", 0 0, L_00000000066058c8;  1 drivers
v00000000065d0290_0 .net *"_ivl_62", 0 0, L_000000000664e9d0;  1 drivers
v00000000065d0dd0_0 .net *"_ivl_64", 0 0, L_000000000664e610;  1 drivers
v00000000065d0e70_0 .net *"_ivl_66", 0 0, L_000000000664fa10;  1 drivers
v00000000065cfed0_0 .net *"_ivl_68", 0 0, L_000000000664db70;  1 drivers
v00000000065cfe30_0 .net *"_ivl_70", 0 0, L_000000000664e7f0;  1 drivers
v00000000065d0010_0 .net *"_ivl_72", 0 0, L_000000000664fb50;  1 drivers
v00000000065cfbb0_0 .net *"_ivl_74", 0 0, L_000000000664ef70;  1 drivers
v00000000065cfb10_0 .net *"_ivl_76", 0 0, L_000000000664ddf0;  1 drivers
v00000000065d0f10_0 .net *"_ivl_78", 0 0, L_000000000664e6b0;  1 drivers
v00000000065d0650_0 .net *"_ivl_80", 0 0, L_000000000664fbf0;  1 drivers
v00000000065d00b0_0 .net *"_ivl_82", 0 0, L_000000000664e890;  1 drivers
v00000000065d06f0_0 .net *"_ivl_86", 0 0, L_000000000664d850;  1 drivers
v00000000065d0c90_0 .net *"_ivl_88", 0 0, L_000000000664e930;  1 drivers
v00000000065d03d0_0 .net *"_ivl_90", 0 0, L_000000000664df30;  1 drivers
v00000000065d0470_0 .net *"_ivl_92", 0 0, L_000000000664f010;  1 drivers
v00000000065d0510_0 .net *"_ivl_94", 0 0, L_000000000664dcb0;  1 drivers
v00000000065cfd90_0 .net *"_ivl_96", 0 0, L_000000000664f0b0;  1 drivers
v00000000065d0830_0 .net *"_ivl_98", 0 0, L_000000000664f150;  1 drivers
L_000000000664f470 .part v0000000006523c80_0, 15, 1;
L_000000000664e070 .part v0000000006523c80_0, 14, 1;
L_000000000664e2f0 .part v0000000006523c80_0, 13, 1;
L_000000000664fab0 .part v0000000006523c80_0, 12, 1;
L_000000000664e570 .part v0000000006523c80_0, 11, 1;
L_000000000664dc10 .part v0000000006523c80_0, 10, 1;
L_000000000664e110 .part v0000000006523c80_0, 9, 1;
L_000000000664d7b0 .part v0000000006523c80_0, 8, 1;
L_000000000664f970 .part v0000000006523c80_0, 7, 1;
L_000000000664ecf0 .part v0000000006523c80_0, 6, 1;
L_000000000664eb10 .part v0000000006523c80_0, 5, 1;
L_000000000664f5b0 .part v0000000006523c80_0, 4, 1;
L_000000000664f290 .part v0000000006523c80_0, 3, 1;
L_000000000664fd30 .part v0000000006523c80_0, 2, 1;
L_000000000664d5d0 .part v0000000006523c80_0, 1, 1;
L_000000000664e750 .part v0000000006523c80_0, 0, 1;
L_000000000664e1b0 .ufunc/vec4 TD_ICESTORM_RAM.pd, 1, o0000000006586048 (v00000000065cb680_0) S_0000000006583bd0;
L_000000000664f510 .ufunc/vec4 TD_ICESTORM_RAM.pu, 1, o0000000006586078 (v00000000065cb040_0) S_0000000006583d60;
L_000000000664eed0 .ufunc/vec4 TD_ICESTORM_RAM.pd, 1, o00000000065863a8 (v00000000065cb680_0) S_0000000006583bd0;
L_000000000664de90 .ufunc/vec4 TD_ICESTORM_RAM.pd, 1, o0000000006585e98 (v00000000065cb680_0) S_0000000006583bd0;
L_000000000664d670 .ufunc/vec4 TD_ICESTORM_RAM.pd, 1, o0000000006586018 (v00000000065cb680_0) S_0000000006583bd0;
L_000000000664dad0 .ufunc/vec4 TD_ICESTORM_RAM.pd, 1, o0000000006585fe8 (v00000000065cb680_0) S_0000000006583bd0;
L_000000000664f790 .ufunc/vec4 TD_ICESTORM_RAM.pd, 1, o0000000006585fb8 (v00000000065cb680_0) S_0000000006583bd0;
L_000000000664e250 .ufunc/vec4 TD_ICESTORM_RAM.pd, 1, o0000000006585f88 (v00000000065cb680_0) S_0000000006583bd0;
L_000000000664e390 .ufunc/vec4 TD_ICESTORM_RAM.pd, 1, o0000000006585f58 (v00000000065cb680_0) S_0000000006583bd0;
L_000000000664fc90 .ufunc/vec4 TD_ICESTORM_RAM.pd, 1, o0000000006585f28 (v00000000065cb680_0) S_0000000006583bd0;
L_000000000664f6f0 .ufunc/vec4 TD_ICESTORM_RAM.pd, 1, o0000000006585ef8 (v00000000065cb680_0) S_0000000006583bd0;
L_000000000664f830 .ufunc/vec4 TD_ICESTORM_RAM.pd, 1, o0000000006585ec8 (v00000000065cb680_0) S_0000000006583bd0;
L_000000000664ebb0 .ufunc/vec4 TD_ICESTORM_RAM.pd, 1, o0000000006585e68 (v00000000065cb680_0) S_0000000006583bd0;
L_000000000664f3d0 .ufunc/vec4 TD_ICESTORM_RAM.pd, 1, o0000000006585e38 (v00000000065cb680_0) S_0000000006583bd0;
LS_000000000664e430_0_0 .concat [ 1 1 1 1], L_000000000664f3d0, L_000000000664ebb0, L_000000000664f830, L_000000000664f6f0;
LS_000000000664e430_0_4 .concat [ 1 1 1 1], L_000000000664fc90, L_000000000664e390, L_000000000664e250, L_000000000664f790;
LS_000000000664e430_0_8 .concat [ 1 1 1 0], L_000000000664dad0, L_000000000664d670, L_000000000664de90;
L_000000000664e430 .concat [ 4 4 3 0], LS_000000000664e430_0_0, LS_000000000664e430_0_4, LS_000000000664e430_0_8;
L_000000000664ee30 .ufunc/vec4 TD_ICESTORM_RAM.pd, 1, o00000000065865e8 (v00000000065cb680_0) S_0000000006583bd0;
L_000000000664e4d0 .ufunc/vec4 TD_ICESTORM_RAM.pu, 1, o0000000006586618 (v00000000065cb040_0) S_0000000006583d60;
L_000000000664f8d0 .ufunc/vec4 TD_ICESTORM_RAM.pd, 1, o0000000006586948 (v00000000065cb680_0) S_0000000006583bd0;
L_000000000664e9d0 .ufunc/vec4 TD_ICESTORM_RAM.pd, 1, o0000000006586438 (v00000000065cb680_0) S_0000000006583bd0;
L_000000000664e610 .ufunc/vec4 TD_ICESTORM_RAM.pd, 1, o00000000065865b8 (v00000000065cb680_0) S_0000000006583bd0;
L_000000000664fa10 .ufunc/vec4 TD_ICESTORM_RAM.pd, 1, o0000000006586588 (v00000000065cb680_0) S_0000000006583bd0;
L_000000000664db70 .ufunc/vec4 TD_ICESTORM_RAM.pd, 1, o0000000006586558 (v00000000065cb680_0) S_0000000006583bd0;
L_000000000664e7f0 .ufunc/vec4 TD_ICESTORM_RAM.pd, 1, o0000000006586528 (v00000000065cb680_0) S_0000000006583bd0;
L_000000000664fb50 .ufunc/vec4 TD_ICESTORM_RAM.pd, 1, o00000000065864f8 (v00000000065cb680_0) S_0000000006583bd0;
L_000000000664ef70 .ufunc/vec4 TD_ICESTORM_RAM.pd, 1, o00000000065864c8 (v00000000065cb680_0) S_0000000006583bd0;
L_000000000664ddf0 .ufunc/vec4 TD_ICESTORM_RAM.pd, 1, o0000000006586498 (v00000000065cb680_0) S_0000000006583bd0;
L_000000000664e6b0 .ufunc/vec4 TD_ICESTORM_RAM.pd, 1, o0000000006586468 (v00000000065cb680_0) S_0000000006583bd0;
L_000000000664fbf0 .ufunc/vec4 TD_ICESTORM_RAM.pd, 1, o0000000006586408 (v00000000065cb680_0) S_0000000006583bd0;
L_000000000664e890 .ufunc/vec4 TD_ICESTORM_RAM.pd, 1, o00000000065863d8 (v00000000065cb680_0) S_0000000006583bd0;
LS_000000000664d710_0_0 .concat [ 1 1 1 1], L_000000000664e890, L_000000000664fbf0, L_000000000664e6b0, L_000000000664ddf0;
LS_000000000664d710_0_4 .concat [ 1 1 1 1], L_000000000664ef70, L_000000000664fb50, L_000000000664e7f0, L_000000000664db70;
LS_000000000664d710_0_8 .concat [ 1 1 1 0], L_000000000664fa10, L_000000000664e610, L_000000000664e9d0;
L_000000000664d710 .concat [ 4 4 3 0], LS_000000000664d710_0_0, LS_000000000664d710_0_4, LS_000000000664d710_0_8;
L_000000000664d850 .ufunc/vec4 TD_ICESTORM_RAM.pd, 1, o0000000006585c88 (v00000000065cb680_0) S_0000000006583bd0;
L_000000000664e930 .ufunc/vec4 TD_ICESTORM_RAM.pd, 1, o0000000006585c58 (v00000000065cb680_0) S_0000000006583bd0;
L_000000000664df30 .ufunc/vec4 TD_ICESTORM_RAM.pd, 1, o0000000006585c28 (v00000000065cb680_0) S_0000000006583bd0;
L_000000000664f010 .ufunc/vec4 TD_ICESTORM_RAM.pd, 1, o0000000006585bf8 (v00000000065cb680_0) S_0000000006583bd0;
L_000000000664dcb0 .ufunc/vec4 TD_ICESTORM_RAM.pd, 1, o0000000006585bc8 (v00000000065cb680_0) S_0000000006583bd0;
L_000000000664f0b0 .ufunc/vec4 TD_ICESTORM_RAM.pd, 1, o0000000006585b98 (v00000000065cb680_0) S_0000000006583bd0;
L_000000000664f150 .ufunc/vec4 TD_ICESTORM_RAM.pd, 1, o0000000006585e08 (v00000000065cb680_0) S_0000000006583bd0;
L_000000000664d8f0 .ufunc/vec4 TD_ICESTORM_RAM.pd, 1, o0000000006585dd8 (v00000000065cb680_0) S_0000000006583bd0;
L_000000000664d990 .ufunc/vec4 TD_ICESTORM_RAM.pd, 1, o0000000006585da8 (v00000000065cb680_0) S_0000000006583bd0;
L_000000000664dd50 .ufunc/vec4 TD_ICESTORM_RAM.pd, 1, o0000000006585d78 (v00000000065cb680_0) S_0000000006583bd0;
L_000000000664f330 .ufunc/vec4 TD_ICESTORM_RAM.pd, 1, o0000000006585d48 (v00000000065cb680_0) S_0000000006583bd0;
L_0000000006651270 .ufunc/vec4 TD_ICESTORM_RAM.pd, 1, o0000000006585d18 (v00000000065cb680_0) S_0000000006583bd0;
L_0000000006651090 .ufunc/vec4 TD_ICESTORM_RAM.pd, 1, o0000000006585ce8 (v00000000065cb680_0) S_0000000006583bd0;
L_00000000066513b0 .ufunc/vec4 TD_ICESTORM_RAM.pd, 1, o0000000006585cb8 (v00000000065cb680_0) S_0000000006583bd0;
L_0000000006651810 .ufunc/vec4 TD_ICESTORM_RAM.pd, 1, o0000000006585b68 (v00000000065cb680_0) S_0000000006583bd0;
L_00000000066502d0 .ufunc/vec4 TD_ICESTORM_RAM.pd, 1, o0000000006585b38 (v00000000065cb680_0) S_0000000006583bd0;
LS_0000000006650370_0_0 .concat [ 1 1 1 1], L_00000000066502d0, L_0000000006651810, L_00000000066513b0, L_0000000006651090;
LS_0000000006650370_0_4 .concat [ 1 1 1 1], L_0000000006651270, L_000000000664f330, L_000000000664dd50, L_000000000664d990;
LS_0000000006650370_0_8 .concat [ 1 1 1 1], L_000000000664d8f0, L_000000000664f150, L_000000000664f0b0, L_000000000664dcb0;
LS_0000000006650370_0_12 .concat [ 1 1 1 1], L_000000000664f010, L_000000000664df30, L_000000000664e930, L_000000000664d850;
L_0000000006650370 .concat [ 4 4 4 4], LS_0000000006650370_0_0, LS_0000000006650370_0_4, LS_0000000006650370_0_8, LS_0000000006650370_0_12;
L_0000000006651db0 .ufunc/vec4 TD_ICESTORM_RAM.pd, 1, o0000000006586798 (v00000000065cb680_0) S_0000000006583bd0;
L_0000000006650a50 .ufunc/vec4 TD_ICESTORM_RAM.pd, 1, o0000000006586768 (v00000000065cb680_0) S_0000000006583bd0;
L_00000000066522b0 .ufunc/vec4 TD_ICESTORM_RAM.pd, 1, o0000000006586738 (v00000000065cb680_0) S_0000000006583bd0;
L_0000000006650b90 .ufunc/vec4 TD_ICESTORM_RAM.pd, 1, o0000000006586708 (v00000000065cb680_0) S_0000000006583bd0;
L_0000000006650af0 .ufunc/vec4 TD_ICESTORM_RAM.pd, 1, o00000000065866d8 (v00000000065cb680_0) S_0000000006583bd0;
L_0000000006650410 .ufunc/vec4 TD_ICESTORM_RAM.pd, 1, o00000000065866a8 (v00000000065cb680_0) S_0000000006583bd0;
L_0000000006650690 .ufunc/vec4 TD_ICESTORM_RAM.pd, 1, o0000000006586918 (v00000000065cb680_0) S_0000000006583bd0;
L_0000000006650d70 .ufunc/vec4 TD_ICESTORM_RAM.pd, 1, o00000000065868e8 (v00000000065cb680_0) S_0000000006583bd0;
L_00000000066507d0 .ufunc/vec4 TD_ICESTORM_RAM.pd, 1, o00000000065868b8 (v00000000065cb680_0) S_0000000006583bd0;
L_0000000006651310 .ufunc/vec4 TD_ICESTORM_RAM.pd, 1, o0000000006586888 (v00000000065cb680_0) S_0000000006583bd0;
L_0000000006650730 .ufunc/vec4 TD_ICESTORM_RAM.pd, 1, o0000000006586858 (v00000000065cb680_0) S_0000000006583bd0;
L_0000000006650c30 .ufunc/vec4 TD_ICESTORM_RAM.pd, 1, o0000000006586828 (v00000000065cb680_0) S_0000000006583bd0;
L_0000000006651450 .ufunc/vec4 TD_ICESTORM_RAM.pd, 1, o00000000065867f8 (v00000000065cb680_0) S_0000000006583bd0;
L_00000000066504b0 .ufunc/vec4 TD_ICESTORM_RAM.pd, 1, o00000000065867c8 (v00000000065cb680_0) S_0000000006583bd0;
L_00000000066518b0 .ufunc/vec4 TD_ICESTORM_RAM.pd, 1, o0000000006586678 (v00000000065cb680_0) S_0000000006583bd0;
L_00000000066516d0 .ufunc/vec4 TD_ICESTORM_RAM.pd, 1, o0000000006586648 (v00000000065cb680_0) S_0000000006583bd0;
LS_00000000066509b0_0_0 .concat [ 1 1 1 1], L_00000000066516d0, L_00000000066518b0, L_00000000066504b0, L_0000000006651450;
LS_00000000066509b0_0_4 .concat [ 1 1 1 1], L_0000000006650c30, L_0000000006650730, L_0000000006651310, L_00000000066507d0;
LS_00000000066509b0_0_8 .concat [ 1 1 1 1], L_0000000006650d70, L_0000000006650690, L_0000000006650410, L_0000000006650af0;
LS_00000000066509b0_0_12 .concat [ 1 1 1 1], L_0000000006650b90, L_00000000066522b0, L_0000000006650a50, L_0000000006651db0;
L_00000000066509b0 .concat [ 4 4 4 4], LS_00000000066509b0_0_0, LS_00000000066509b0_0_4, LS_00000000066509b0_0_8, LS_00000000066509b0_0_12;
S_00000000065838b0 .scope module, "RAM" "SB_RAM40_4K" 2 3233, 2 1487 0, S_0000000004b6ecf0;
 .timescale -12 -12;
    .port_info 0 /OUTPUT 16 "RDATA";
    .port_info 1 /INPUT 1 "RCLK";
    .port_info 2 /INPUT 1 "RCLKE";
    .port_info 3 /INPUT 1 "RE";
    .port_info 4 /INPUT 11 "RADDR";
    .port_info 5 /INPUT 1 "WCLK";
    .port_info 6 /INPUT 1 "WCLKE";
    .port_info 7 /INPUT 1 "WE";
    .port_info 8 /INPUT 11 "WADDR";
    .port_info 9 /INPUT 16 "MASK";
    .port_info 10 /INPUT 16 "WDATA";
P_00000000065c89d0 .param/l "INIT_0" 0 2 1507, C4<0000000000000000000000000000000000000000000000000000000000000000000000000000000000000000000000000000000000000000000000000000000000000000000000000000000000000000000000000000000000000000000000000000000000000000000000000000000000000000000000000000000000000000>;
P_00000000065c8a08 .param/l "INIT_1" 0 2 1508, C4<0000000000000000000000000000000000000000000000000000000000000000000000000000000000000000000000000000000000000000000000000000000000000000000000000000000000000000000000000000000000000000000000000000000000000000000000000000000000000000000000000000000000000000>;
P_00000000065c8a40 .param/l "INIT_2" 0 2 1509, C4<0000000000000000000000000000000000000000000000000000000000000000000000000000000000000000000000000000000000000000000000000000000000000000000000000000000000000000000000000000000000000000000000000000000000000000000000000000000000000000000000000000000000000000>;
P_00000000065c8a78 .param/l "INIT_3" 0 2 1510, C4<0000000000000000000000000000000000000000000000000000000000000000000000000000000000000000000000000000000000000000000000000000000000000000000000000000000000000000000000000000000000000000000000000000000000000000000000000000000000000000000000000000000000000000>;
P_00000000065c8ab0 .param/l "INIT_4" 0 2 1511, C4<0000000000000000000000000000000000000000000000000000000000000000000000000000000000000000000000000000000000000000000000000000000000000000000000000000000000000000000000000000000000000000000000000000000000000000000000000000000000000000000000000000000000000000>;
P_00000000065c8ae8 .param/l "INIT_5" 0 2 1512, C4<0000000000000000000000000000000000000000000000000000000000000000000000000000000000000000000000000000000000000000000000000000000000000000000000000000000000000000000000000000000000000000000000000000000000000000000000000000000000000000000000000000000000000000>;
P_00000000065c8b20 .param/l "INIT_6" 0 2 1513, C4<0000000000000000000000000000000000000000000000000000000000000000000000000000000000000000000000000000000000000000000000000000000000000000000000000000000000000000000000000000000000000000000000000000000000000000000000000000000000000000000000000000000000000000>;
P_00000000065c8b58 .param/l "INIT_7" 0 2 1514, C4<0000000000000000000000000000000000000000000000000000000000000000000000000000000000000000000000000000000000000000000000000000000000000000000000000000000000000000000000000000000000000000000000000000000000000000000000000000000000000000000000000000000000000000>;
P_00000000065c8b90 .param/l "INIT_8" 0 2 1515, C4<0000000000000000000000000000000000000000000000000000000000000000000000000000000000000000000000000000000000000000000000000000000000000000000000000000000000000000000000000000000000000000000000000000000000000000000000000000000000000000000000000000000000000000>;
P_00000000065c8bc8 .param/l "INIT_9" 0 2 1516, C4<0000000000000000000000000000000000000000000000000000000000000000000000000000000000000000000000000000000000000000000000000000000000000000000000000000000000000000000000000000000000000000000000000000000000000000000000000000000000000000000000000000000000000000>;
P_00000000065c8c00 .param/l "INIT_A" 0 2 1517, C4<0000000000000000000000000000000000000000000000000000000000000000000000000000000000000000000000000000000000000000000000000000000000000000000000000000000000000000000000000000000000000000000000000000000000000000000000000000000000000000000000000000000000000000>;
P_00000000065c8c38 .param/l "INIT_B" 0 2 1518, C4<0000000000000000000000000000000000000000000000000000000000000000000000000000000000000000000000000000000000000000000000000000000000000000000000000000000000000000000000000000000000000000000000000000000000000000000000000000000000000000000000000000000000000000>;
P_00000000065c8c70 .param/l "INIT_C" 0 2 1519, C4<0000000000000000000000000000000000000000000000000000000000000000000000000000000000000000000000000000000000000000000000000000000000000000000000000000000000000000000000000000000000000000000000000000000000000000000000000000000000000000000000000000000000000000>;
P_00000000065c8ca8 .param/l "INIT_D" 0 2 1520, C4<0000000000000000000000000000000000000000000000000000000000000000000000000000000000000000000000000000000000000000000000000000000000000000000000000000000000000000000000000000000000000000000000000000000000000000000000000000000000000000000000000000000000000000>;
P_00000000065c8ce0 .param/l "INIT_E" 0 2 1521, C4<0000000000000000000000000000000000000000000000000000000000000000000000000000000000000000000000000000000000000000000000000000000000000000000000000000000000000000000000000000000000000000000000000000000000000000000000000000000000000000000000000000000000000000>;
P_00000000065c8d18 .param/l "INIT_F" 0 2 1522, C4<0000000000000000000000000000000000000000000000000000000000000000000000000000000000000000000000000000000000000000000000000000000000000000000000000000000000000000000000000000000000000000000000000000000000000000000000000000000000000000000000000000000000000000>;
P_00000000065c8d50 .param/str "INIT_FILE" 0 2 1524, "\000";
P_00000000065c8d88 .param/l "READ_MODE" 0 2 1505, +C4<00000000000000000000000000000000>;
P_00000000065c8dc0 .param/l "WRITE_MODE" 0 2 1504, +C4<00000000000000000000000000000000>;
v0000000006509a60_0 .net "MASK", 15 0, L_0000000006650370;  1 drivers
v0000000006523aa0_0 .net "RADDR", 10 0, L_000000000664e430;  1 drivers
v00000000065254e0_0 .net "RCLK", 0 0, L_000000000656a9f0;  1 drivers
v0000000006525760_0 .net "RCLKE", 0 0, L_000000000664f510;  1 drivers
v0000000006523b40_0 .net "RDATA", 15 0, v0000000006523c80_0;  1 drivers
v0000000006523c80_0 .var "RDATA_I", 15 0;
v0000000006524220_0 .net "RE", 0 0, L_000000000664eed0;  1 drivers
L_0000000006605838 .functor BUFT 1, C4<0000000000000000>, C4<0>, C4<0>, C4<0>;
v00000000064f38b0_0 .net "RMASK_I", 15 0, L_0000000006605838;  1 drivers
v00000000064f34f0_0 .net "WADDR", 10 0, L_000000000664d710;  1 drivers
v00000000064f2f50_0 .net "WCLK", 0 0, L_000000000656b7f0;  1 drivers
v00000000064f3f90_0 .net "WCLKE", 0 0, L_000000000664e4d0;  1 drivers
v00000000064f43f0_0 .net "WDATA", 15 0, L_00000000066509b0;  1 drivers
v00000000064c3d70_0 .net "WDATA_I", 15 0, L_000000000656a520;  1 drivers
v00000000064c3f50_0 .net "WE", 0 0, L_000000000664f8d0;  1 drivers
v00000000065042f0_0 .net "WMASK_I", 15 0, L_000000000656b8d0;  1 drivers
v00000000065cb860_0 .var/i "i", 31 0;
v00000000065cb4a0 .array "memory", 255 0, 15 0;
E_000000000653e4d0 .event posedge, v00000000065254e0_0;
E_000000000653e690 .event posedge, v00000000064f2f50_0;
S_0000000006583720 .scope generate, "genblk1" "genblk1" 2 1534, 2 1534 0, S_00000000065838b0;
 .timescale -12 -12;
L_000000000656b8d0 .functor BUFZ 16, L_0000000006650370, C4<0000000000000000>, C4<0000000000000000>, C4<0000000000000000>;
S_0000000006582f50 .scope generate, "genblk2" "genblk2" 2 1555, 2 1555 0, S_00000000065838b0;
 .timescale -12 -12;
S_0000000006582c30 .scope generate, "genblk3" "genblk3" 2 1576, 2 1576 0, S_00000000065838b0;
 .timescale -12 -12;
L_000000000656a520 .functor BUFZ 16, L_00000000066509b0, C4<0000000000000000>, C4<0000000000000000>, C4<0000000000000000>;
S_0000000006583270 .scope generate, "genblk4" "genblk4" 2 1595, 2 1595 0, S_00000000065838b0;
 .timescale -12 -12;
S_0000000006583bd0 .scope function.vec4.s1, "pd" "pd" 2 3200, 2 3200 0, S_0000000004b6ecf0;
 .timescale -12 -12;
; Variable pd is vec4 return value of scope S_0000000006583bd0
v00000000065cb680_0 .var "x", 0 0;
TD_ICESTORM_RAM.pd ;
    %load/vec4 v00000000065cb680_0;
    %cmpi/e 0, 1, 1;
    %flag_mov 8, 6;
    %jmp/0 T_0.0, 8;
    %pushi/vec4 0, 0, 1;
    %jmp/1 T_0.1, 8;
T_0.0 ; End of true expr.
    %load/vec4 v00000000065cb680_0;
    %jmp/0 T_0.1, 8;
 ; End of false expr.
    %blend;
T_0.1;
    %ret/vec4 0, 0, 1;  Assign to pd (store_vec4_to_lval)
    %end;
S_0000000006583d60 .scope function.vec4.s1, "pu" "pu" 2 3207, 2 3207 0, S_0000000004b6ecf0;
 .timescale -12 -12;
; Variable pu is vec4 return value of scope S_0000000006583d60
v00000000065cb040_0 .var "x", 0 0;
TD_ICESTORM_RAM.pu ;
    %load/vec4 v00000000065cb040_0;
    %cmpi/e 0, 1, 1;
    %flag_mov 8, 6;
    %jmp/0 T_1.2, 8;
    %pushi/vec4 1, 0, 1;
    %jmp/1 T_1.3, 8;
T_1.2 ; End of true expr.
    %load/vec4 v00000000065cb040_0;
    %jmp/0 T_1.3, 8;
 ; End of false expr.
    %blend;
T_1.3;
    %ret/vec4 0, 0, 1;  Assign to pu (store_vec4_to_lval)
    %end;
S_000000000656eb40 .scope module, "SB_CARRY" "SB_CARRY" 2 228;
 .timescale -12 -12;
    .port_info 0 /OUTPUT 1 "CO";
    .port_info 1 /INPUT 1 "I0";
    .port_info 2 /INPUT 1 "I1";
    .port_info 3 /INPUT 1 "CI";
o00000000065882f8 .functor BUFZ 1, C4<z>; HiZ drive
o0000000006588328 .functor BUFZ 1, C4<z>; HiZ drive
L_000000000656a600 .functor AND 1, o00000000065882f8, o0000000006588328, C4<1>, C4<1>;
L_000000000656b860 .functor OR 1, o00000000065882f8, o0000000006588328, C4<0>, C4<0>;
o0000000006588298 .functor BUFZ 1, C4<z>; HiZ drive
L_000000000656a7c0 .functor AND 1, L_000000000656b860, o0000000006588298, C4<1>, C4<1>;
L_000000000656b320 .functor OR 1, L_000000000656a600, L_000000000656a7c0, C4<0>, C4<0>;
v00000000065cf930_0 .net "CI", 0 0, o0000000006588298;  0 drivers
v00000000065d08d0_0 .net "CO", 0 0, L_000000000656b320;  1 drivers
v00000000065cfc50_0 .net "I0", 0 0, o00000000065882f8;  0 drivers
v00000000065d0970_0 .net "I1", 0 0, o0000000006588328;  0 drivers
v00000000065d05b0_0 .net *"_ivl_1", 0 0, L_000000000656a600;  1 drivers
v00000000065d0a10_0 .net *"_ivl_3", 0 0, L_000000000656b860;  1 drivers
v00000000065d0ab0_0 .net *"_ivl_5", 0 0, L_000000000656a7c0;  1 drivers
S_000000000656ecd0 .scope module, "SB_DFF" "SB_DFF" 2 265;
 .timescale -12 -12;
    .port_info 0 /OUTPUT 1 "Q";
    .port_info 1 /INPUT 1 "C";
    .port_info 2 /INPUT 1 "D";
o00000000065884a8 .functor BUFZ 1, C4<z>; HiZ drive
v00000000065d0b50_0 .net "C", 0 0, o00000000065884a8;  0 drivers
o00000000065884d8 .functor BUFZ 1, C4<z>; HiZ drive
v00000000065d0bf0_0 .net "D", 0 0, o00000000065884d8;  0 drivers
v00000000065d0d30_0 .var "Q", 0 0;
E_000000000653df10 .event posedge, v00000000065d0b50_0;
S_0000000004ac3020 .scope module, "SB_DFFE" "SB_DFFE" 2 303;
 .timescale -12 -12;
    .port_info 0 /OUTPUT 1 "Q";
    .port_info 1 /INPUT 1 "C";
    .port_info 2 /INPUT 1 "E";
    .port_info 3 /INPUT 1 "D";
o00000000065885c8 .functor BUFZ 1, C4<z>; HiZ drive
v00000000065cf890_0 .net "C", 0 0, o00000000065885c8;  0 drivers
o00000000065885f8 .functor BUFZ 1, C4<z>; HiZ drive
v00000000065d3240_0 .net "D", 0 0, o00000000065885f8;  0 drivers
o0000000006588628 .functor BUFZ 1, C4<z>; HiZ drive
v00000000065d3920_0 .net "E", 0 0, o0000000006588628;  0 drivers
v00000000065d1da0_0 .var "Q", 0 0;
E_000000000653e650 .event posedge, v00000000065cf890_0;
S_0000000004ac31b0 .scope module, "SB_DFFER" "SB_DFFER" 2 653;
 .timescale -12 -12;
    .port_info 0 /OUTPUT 1 "Q";
    .port_info 1 /INPUT 1 "C";
    .port_info 2 /INPUT 1 "E";
    .port_info 3 /INPUT 1 "R";
    .port_info 4 /INPUT 1 "D";
o0000000006588748 .functor BUFZ 1, C4<z>; HiZ drive
v00000000065d1f80_0 .net "C", 0 0, o0000000006588748;  0 drivers
o0000000006588778 .functor BUFZ 1, C4<z>; HiZ drive
v00000000065d2a20_0 .net "D", 0 0, o0000000006588778;  0 drivers
o00000000065887a8 .functor BUFZ 1, C4<z>; HiZ drive
v00000000065d2160_0 .net "E", 0 0, o00000000065887a8;  0 drivers
v00000000065d3d80_0 .var "Q", 0 0;
o0000000006588808 .functor BUFZ 1, C4<z>; HiZ drive
v00000000065d2f20_0 .net "R", 0 0, o0000000006588808;  0 drivers
E_000000000653e7d0 .event posedge, v00000000065d2f20_0, v00000000065d1f80_0;
S_0000000004ac3340 .scope module, "SB_DFFES" "SB_DFFES" 2 794;
 .timescale -12 -12;
    .port_info 0 /OUTPUT 1 "Q";
    .port_info 1 /INPUT 1 "C";
    .port_info 2 /INPUT 1 "E";
    .port_info 3 /INPUT 1 "S";
    .port_info 4 /INPUT 1 "D";
o0000000006588928 .functor BUFZ 1, C4<z>; HiZ drive
v00000000065d39c0_0 .net "C", 0 0, o0000000006588928;  0 drivers
o0000000006588958 .functor BUFZ 1, C4<z>; HiZ drive
v00000000065d4280_0 .net "D", 0 0, o0000000006588958;  0 drivers
o0000000006588988 .functor BUFZ 1, C4<z>; HiZ drive
v00000000065d3e20_0 .net "E", 0 0, o0000000006588988;  0 drivers
v00000000065d27a0_0 .var "Q", 0 0;
o00000000065889e8 .functor BUFZ 1, C4<z>; HiZ drive
v00000000065d3b00_0 .net "S", 0 0, o00000000065889e8;  0 drivers
E_000000000653e810 .event posedge, v00000000065d3b00_0, v00000000065d39c0_0;
S_0000000004ac7930 .scope module, "SB_DFFESR" "SB_DFFESR" 2 592;
 .timescale -12 -12;
    .port_info 0 /OUTPUT 1 "Q";
    .port_info 1 /INPUT 1 "C";
    .port_info 2 /INPUT 1 "E";
    .port_info 3 /INPUT 1 "R";
    .port_info 4 /INPUT 1 "D";
o0000000006588b08 .functor BUFZ 1, C4<z>; HiZ drive
v00000000065d3ec0_0 .net "C", 0 0, o0000000006588b08;  0 drivers
o0000000006588b38 .functor BUFZ 1, C4<z>; HiZ drive
v00000000065d2840_0 .net "D", 0 0, o0000000006588b38;  0 drivers
o0000000006588b68 .functor BUFZ 1, C4<z>; HiZ drive
v00000000065d2980_0 .net "E", 0 0, o0000000006588b68;  0 drivers
v00000000065d2ac0_0 .var "Q", 0 0;
o0000000006588bc8 .functor BUFZ 1, C4<z>; HiZ drive
v00000000065d2200_0 .net "R", 0 0, o0000000006588bc8;  0 drivers
E_000000000653dc90 .event posedge, v00000000065d3ec0_0;
S_0000000004ac7ac0 .scope module, "SB_DFFESS" "SB_DFFESS" 2 733;
 .timescale -12 -12;
    .port_info 0 /OUTPUT 1 "Q";
    .port_info 1 /INPUT 1 "C";
    .port_info 2 /INPUT 1 "E";
    .port_info 3 /INPUT 1 "S";
    .port_info 4 /INPUT 1 "D";
o0000000006588ce8 .functor BUFZ 1, C4<z>; HiZ drive
v00000000065d1b20_0 .net "C", 0 0, o0000000006588ce8;  0 drivers
o0000000006588d18 .functor BUFZ 1, C4<z>; HiZ drive
v00000000065d2fc0_0 .net "D", 0 0, o0000000006588d18;  0 drivers
o0000000006588d48 .functor BUFZ 1, C4<z>; HiZ drive
v00000000065d3880_0 .net "E", 0 0, o0000000006588d48;  0 drivers
v00000000065d3420_0 .var "Q", 0 0;
o0000000006588da8 .functor BUFZ 1, C4<z>; HiZ drive
v00000000065d3f60_0 .net "S", 0 0, o0000000006588da8;  0 drivers
E_000000000653e050 .event posedge, v00000000065d1b20_0;
S_0000000004ac7c50 .scope module, "SB_DFFN" "SB_DFFN" 2 876;
 .timescale -12 -12;
    .port_info 0 /OUTPUT 1 "Q";
    .port_info 1 /INPUT 1 "C";
    .port_info 2 /INPUT 1 "D";
o0000000006588ec8 .functor BUFZ 1, C4<z>; HiZ drive
v00000000065d2b60_0 .net "C", 0 0, o0000000006588ec8;  0 drivers
o0000000006588ef8 .functor BUFZ 1, C4<z>; HiZ drive
v00000000065d1bc0_0 .net "D", 0 0, o0000000006588ef8;  0 drivers
v00000000065d2c00_0 .var "Q", 0 0;
E_000000000653dd10 .event negedge, v00000000065d2b60_0;
S_0000000004ad1fa0 .scope module, "SB_DFFNE" "SB_DFFNE" 2 914;
 .timescale -12 -12;
    .port_info 0 /OUTPUT 1 "Q";
    .port_info 1 /INPUT 1 "C";
    .port_info 2 /INPUT 1 "E";
    .port_info 3 /INPUT 1 "D";
o0000000006588fe8 .functor BUFZ 1, C4<z>; HiZ drive
v00000000065d2de0_0 .net "C", 0 0, o0000000006588fe8;  0 drivers
o0000000006589018 .functor BUFZ 1, C4<z>; HiZ drive
v00000000065d2e80_0 .net "D", 0 0, o0000000006589018;  0 drivers
o0000000006589048 .functor BUFZ 1, C4<z>; HiZ drive
v00000000065d2ca0_0 .net "E", 0 0, o0000000006589048;  0 drivers
v00000000065d3740_0 .var "Q", 0 0;
E_000000000653e0d0 .event negedge, v00000000065d2de0_0;
S_0000000004ad2130 .scope module, "SB_DFFNER" "SB_DFFNER" 2 1264;
 .timescale -12 -12;
    .port_info 0 /OUTPUT 1 "Q";
    .port_info 1 /INPUT 1 "C";
    .port_info 2 /INPUT 1 "E";
    .port_info 3 /INPUT 1 "R";
    .port_info 4 /INPUT 1 "D";
o0000000006589168 .functor BUFZ 1, C4<z>; HiZ drive
v00000000065d37e0_0 .net "C", 0 0, o0000000006589168;  0 drivers
o0000000006589198 .functor BUFZ 1, C4<z>; HiZ drive
v00000000065d25c0_0 .net "D", 0 0, o0000000006589198;  0 drivers
o00000000065891c8 .functor BUFZ 1, C4<z>; HiZ drive
v00000000065d34c0_0 .net "E", 0 0, o00000000065891c8;  0 drivers
v00000000065d2340_0 .var "Q", 0 0;
o0000000006589228 .functor BUFZ 1, C4<z>; HiZ drive
v00000000065d3ba0_0 .net "R", 0 0, o0000000006589228;  0 drivers
E_000000000653e890/0 .event negedge, v00000000065d37e0_0;
E_000000000653e890/1 .event posedge, v00000000065d3ba0_0;
E_000000000653e890 .event/or E_000000000653e890/0, E_000000000653e890/1;
S_0000000004ad22c0 .scope module, "SB_DFFNES" "SB_DFFNES" 2 1405;
 .timescale -12 -12;
    .port_info 0 /OUTPUT 1 "Q";
    .port_info 1 /INPUT 1 "C";
    .port_info 2 /INPUT 1 "E";
    .port_info 3 /INPUT 1 "S";
    .port_info 4 /INPUT 1 "D";
o0000000006589348 .functor BUFZ 1, C4<z>; HiZ drive
v00000000065d3a60_0 .net "C", 0 0, o0000000006589348;  0 drivers
o0000000006589378 .functor BUFZ 1, C4<z>; HiZ drive
v00000000065d2480_0 .net "D", 0 0, o0000000006589378;  0 drivers
o00000000065893a8 .functor BUFZ 1, C4<z>; HiZ drive
v00000000065d1c60_0 .net "E", 0 0, o00000000065893a8;  0 drivers
v00000000065d32e0_0 .var "Q", 0 0;
o0000000006589408 .functor BUFZ 1, C4<z>; HiZ drive
v00000000065d3380_0 .net "S", 0 0, o0000000006589408;  0 drivers
E_000000000653e850/0 .event negedge, v00000000065d3a60_0;
E_000000000653e850/1 .event posedge, v00000000065d3380_0;
E_000000000653e850 .event/or E_000000000653e850/0, E_000000000653e850/1;
S_0000000004acedd0 .scope module, "SB_DFFNESR" "SB_DFFNESR" 2 1203;
 .timescale -12 -12;
    .port_info 0 /OUTPUT 1 "Q";
    .port_info 1 /INPUT 1 "C";
    .port_info 2 /INPUT 1 "E";
    .port_info 3 /INPUT 1 "R";
    .port_info 4 /INPUT 1 "D";
o0000000006589528 .functor BUFZ 1, C4<z>; HiZ drive
v00000000065d3c40_0 .net "C", 0 0, o0000000006589528;  0 drivers
o0000000006589558 .functor BUFZ 1, C4<z>; HiZ drive
v00000000065d1d00_0 .net "D", 0 0, o0000000006589558;  0 drivers
o0000000006589588 .functor BUFZ 1, C4<z>; HiZ drive
v00000000065d28e0_0 .net "E", 0 0, o0000000006589588;  0 drivers
v00000000065d1e40_0 .var "Q", 0 0;
o00000000065895e8 .functor BUFZ 1, C4<z>; HiZ drive
v00000000065d22a0_0 .net "R", 0 0, o00000000065895e8;  0 drivers
E_000000000653dd50 .event negedge, v00000000065d3c40_0;
S_000000000657a730 .scope module, "SB_DFFNESS" "SB_DFFNESS" 2 1344;
 .timescale -12 -12;
    .port_info 0 /OUTPUT 1 "Q";
    .port_info 1 /INPUT 1 "C";
    .port_info 2 /INPUT 1 "E";
    .port_info 3 /INPUT 1 "S";
    .port_info 4 /INPUT 1 "D";
o0000000006589708 .functor BUFZ 1, C4<z>; HiZ drive
v00000000065d4000_0 .net "C", 0 0, o0000000006589708;  0 drivers
o0000000006589738 .functor BUFZ 1, C4<z>; HiZ drive
v00000000065d20c0_0 .net "D", 0 0, o0000000006589738;  0 drivers
o0000000006589768 .functor BUFZ 1, C4<z>; HiZ drive
v00000000065d1ee0_0 .net "E", 0 0, o0000000006589768;  0 drivers
v00000000065d2020_0 .var "Q", 0 0;
o00000000065897c8 .functor BUFZ 1, C4<z>; HiZ drive
v00000000065d23e0_0 .net "S", 0 0, o00000000065897c8;  0 drivers
E_000000000653e110 .event negedge, v00000000065d4000_0;
S_000000000657a5a0 .scope module, "SB_DFFNR" "SB_DFFNR" 2 1011;
 .timescale -12 -12;
    .port_info 0 /OUTPUT 1 "Q";
    .port_info 1 /INPUT 1 "C";
    .port_info 2 /INPUT 1 "R";
    .port_info 3 /INPUT 1 "D";
o00000000065898e8 .functor BUFZ 1, C4<z>; HiZ drive
v00000000065d3ce0_0 .net "C", 0 0, o00000000065898e8;  0 drivers
o0000000006589918 .functor BUFZ 1, C4<z>; HiZ drive
v00000000065d2520_0 .net "D", 0 0, o0000000006589918;  0 drivers
v00000000065d2660_0 .var "Q", 0 0;
o0000000006589978 .functor BUFZ 1, C4<z>; HiZ drive
v00000000065d2700_0 .net "R", 0 0, o0000000006589978;  0 drivers
E_000000000653e150/0 .event negedge, v00000000065d3ce0_0;
E_000000000653e150/1 .event posedge, v00000000065d2700_0;
E_000000000653e150 .event/or E_000000000653e150/0, E_000000000653e150/1;
S_000000000657a8c0 .scope module, "SB_DFFNS" "SB_DFFNS" 2 1132;
 .timescale -12 -12;
    .port_info 0 /OUTPUT 1 "Q";
    .port_info 1 /INPUT 1 "C";
    .port_info 2 /INPUT 1 "S";
    .port_info 3 /INPUT 1 "D";
o0000000006589a68 .functor BUFZ 1, C4<z>; HiZ drive
v00000000065d2d40_0 .net "C", 0 0, o0000000006589a68;  0 drivers
o0000000006589a98 .functor BUFZ 1, C4<z>; HiZ drive
v00000000065d3060_0 .net "D", 0 0, o0000000006589a98;  0 drivers
v00000000065d3100_0 .var "Q", 0 0;
o0000000006589af8 .functor BUFZ 1, C4<z>; HiZ drive
v00000000065d31a0_0 .net "S", 0 0, o0000000006589af8;  0 drivers
E_000000000653fa50/0 .event negedge, v00000000065d2d40_0;
E_000000000653fa50/1 .event posedge, v00000000065d31a0_0;
E_000000000653fa50 .event/or E_000000000653fa50/0, E_000000000653fa50/1;
S_000000000657abe0 .scope module, "SB_DFFNSR" "SB_DFFNSR" 2 961;
 .timescale -12 -12;
    .port_info 0 /OUTPUT 1 "Q";
    .port_info 1 /INPUT 1 "C";
    .port_info 2 /INPUT 1 "R";
    .port_info 3 /INPUT 1 "D";
o0000000006589be8 .functor BUFZ 1, C4<z>; HiZ drive
v00000000065d40a0_0 .net "C", 0 0, o0000000006589be8;  0 drivers
o0000000006589c18 .functor BUFZ 1, C4<z>; HiZ drive
v00000000065d4140_0 .net "D", 0 0, o0000000006589c18;  0 drivers
v00000000065d41e0_0 .var "Q", 0 0;
o0000000006589c78 .functor BUFZ 1, C4<z>; HiZ drive
v00000000065d3560_0 .net "R", 0 0, o0000000006589c78;  0 drivers
E_000000000653f1d0 .event negedge, v00000000065d40a0_0;
S_000000000657aa50 .scope module, "SB_DFFNSS" "SB_DFFNSS" 2 1082;
 .timescale -12 -12;
    .port_info 0 /OUTPUT 1 "Q";
    .port_info 1 /INPUT 1 "C";
    .port_info 2 /INPUT 1 "S";
    .port_info 3 /INPUT 1 "D";
o0000000006589d68 .functor BUFZ 1, C4<z>; HiZ drive
v00000000065d3600_0 .net "C", 0 0, o0000000006589d68;  0 drivers
o0000000006589d98 .functor BUFZ 1, C4<z>; HiZ drive
v00000000065d36a0_0 .net "D", 0 0, o0000000006589d98;  0 drivers
v00000000065d4460_0 .var "Q", 0 0;
o0000000006589df8 .functor BUFZ 1, C4<z>; HiZ drive
v00000000065d4500_0 .net "S", 0 0, o0000000006589df8;  0 drivers
E_000000000653eb90 .event negedge, v00000000065d3600_0;
S_000000000657ad70 .scope module, "SB_DFFR" "SB_DFFR" 2 400;
 .timescale -12 -12;
    .port_info 0 /OUTPUT 1 "Q";
    .port_info 1 /INPUT 1 "C";
    .port_info 2 /INPUT 1 "R";
    .port_info 3 /INPUT 1 "D";
o0000000006589ee8 .functor BUFZ 1, C4<z>; HiZ drive
v00000000065d5860_0 .net "C", 0 0, o0000000006589ee8;  0 drivers
o0000000006589f18 .functor BUFZ 1, C4<z>; HiZ drive
v00000000065d4be0_0 .net "D", 0 0, o0000000006589f18;  0 drivers
v00000000065d4640_0 .var "Q", 0 0;
o0000000006589f78 .functor BUFZ 1, C4<z>; HiZ drive
v00000000065d4960_0 .net "R", 0 0, o0000000006589f78;  0 drivers
E_000000000653fa90 .event posedge, v00000000065d4960_0, v00000000065d5860_0;
S_000000000657af00 .scope module, "SB_DFFS" "SB_DFFS" 2 521;
 .timescale -12 -12;
    .port_info 0 /OUTPUT 1 "Q";
    .port_info 1 /INPUT 1 "C";
    .port_info 2 /INPUT 1 "S";
    .port_info 3 /INPUT 1 "D";
o000000000658a068 .functor BUFZ 1, C4<z>; HiZ drive
v00000000065d5040_0 .net "C", 0 0, o000000000658a068;  0 drivers
o000000000658a098 .functor BUFZ 1, C4<z>; HiZ drive
v00000000065d4fa0_0 .net "D", 0 0, o000000000658a098;  0 drivers
v00000000065d5540_0 .var "Q", 0 0;
o000000000658a0f8 .functor BUFZ 1, C4<z>; HiZ drive
v00000000065d5360_0 .net "S", 0 0, o000000000658a0f8;  0 drivers
E_000000000653f990 .event posedge, v00000000065d5360_0, v00000000065d5040_0;
S_000000000657a0f0 .scope module, "SB_DFFSR" "SB_DFFSR" 2 350;
 .timescale -12 -12;
    .port_info 0 /OUTPUT 1 "Q";
    .port_info 1 /INPUT 1 "C";
    .port_info 2 /INPUT 1 "R";
    .port_info 3 /INPUT 1 "D";
o000000000658a1e8 .functor BUFZ 1, C4<z>; HiZ drive
v00000000065d59a0_0 .net "C", 0 0, o000000000658a1e8;  0 drivers
o000000000658a218 .functor BUFZ 1, C4<z>; HiZ drive
v00000000065d50e0_0 .net "D", 0 0, o000000000658a218;  0 drivers
v00000000065d4a00_0 .var "Q", 0 0;
o000000000658a278 .functor BUFZ 1, C4<z>; HiZ drive
v00000000065d5180_0 .net "R", 0 0, o000000000658a278;  0 drivers
E_000000000653ec90 .event posedge, v00000000065d59a0_0;
S_000000000657a410 .scope module, "SB_DFFSS" "SB_DFFSS" 2 471;
 .timescale -12 -12;
    .port_info 0 /OUTPUT 1 "Q";
    .port_info 1 /INPUT 1 "C";
    .port_info 2 /INPUT 1 "S";
    .port_info 3 /INPUT 1 "D";
o000000000658a368 .functor BUFZ 1, C4<z>; HiZ drive
v00000000065d52c0_0 .net "C", 0 0, o000000000658a368;  0 drivers
o000000000658a398 .functor BUFZ 1, C4<z>; HiZ drive
v00000000065d5220_0 .net "D", 0 0, o000000000658a398;  0 drivers
v00000000065d4b40_0 .var "Q", 0 0;
o000000000658a3f8 .functor BUFZ 1, C4<z>; HiZ drive
v00000000065d46e0_0 .net "S", 0 0, o000000000658a3f8;  0 drivers
E_000000000653f350 .event posedge, v00000000065d52c0_0;
S_000000000657a280 .scope module, "SB_FILTER_50NS" "SB_FILTER_50NS" 2 2856;
 .timescale -12 -12;
    .port_info 0 /INPUT 1 "FILTERIN";
    .port_info 1 /OUTPUT 1 "FILTEROUT";
o000000000658a4e8 .functor BUFZ 1, C4<z>; HiZ drive
v00000000065d4aa0_0 .net "FILTERIN", 0 0, o000000000658a4e8;  0 drivers
o000000000658a518 .functor BUFZ 1, C4<z>; HiZ drive
v00000000065d4780_0 .net "FILTEROUT", 0 0, o000000000658a518;  0 drivers
S_000000000657bd80 .scope module, "SB_GB" "SB_GB" 2 162;
 .timescale -12 -12;
    .port_info 0 /INPUT 1 "USER_SIGNAL_TO_GLOBAL_BUFFER";
    .port_info 1 /OUTPUT 1 "GLOBAL_BUFFER_OUTPUT";
o000000000658a5d8 .functor BUFZ 1, C4<z>; HiZ drive
L_000000000656b390 .functor BUFZ 1, o000000000658a5d8, C4<0>, C4<0>, C4<0>;
v00000000065d4f00_0 .net "GLOBAL_BUFFER_OUTPUT", 0 0, L_000000000656b390;  1 drivers
v00000000065d5400_0 .net "USER_SIGNAL_TO_GLOBAL_BUFFER", 0 0, o000000000658a5d8;  0 drivers
S_000000000657ba60 .scope module, "SB_GB_IO" "SB_GB_IO" 2 123;
 .timescale -12 -12;
    .port_info 0 /INOUT 1 "PACKAGE_PIN";
    .port_info 1 /OUTPUT 1 "GLOBAL_BUFFER_OUTPUT";
    .port_info 2 /INPUT 1 "LATCH_INPUT_VALUE";
    .port_info 3 /INPUT 1 "CLOCK_ENABLE";
    .port_info 4 /INPUT 1 "INPUT_CLK";
    .port_info 5 /INPUT 1 "OUTPUT_CLK";
    .port_info 6 /INPUT 1 "OUTPUT_ENABLE";
    .port_info 7 /INPUT 1 "D_OUT_0";
    .port_info 8 /INPUT 1 "D_OUT_1";
    .port_info 9 /OUTPUT 1 "D_IN_0";
    .port_info 10 /OUTPUT 1 "D_IN_1";
P_0000000004b6ee80 .param/str "IO_STANDARD" 0 2 139, "SB_LVCMOS";
P_0000000004b6eeb8 .param/l "NEG_TRIGGER" 0 2 138, C4<0>;
P_0000000004b6eef0 .param/l "PIN_TYPE" 0 2 136, C4<000000>;
P_0000000004b6ef28 .param/l "PULLUP" 0 2 137, C4<0>;
o000000000658a818 .functor BUFZ 1, C4<z>; HiZ drive
L_000000000656b400 .functor BUFZ 1, o000000000658a818, C4<0>, C4<0>, C4<0>;
o000000000658a668 .functor BUFZ 1, C4<z>; HiZ drive
v00000000065d7430_0 .net "CLOCK_ENABLE", 0 0, o000000000658a668;  0 drivers
v00000000065d6cb0_0 .net "D_IN_0", 0 0, L_000000000656b710;  1 drivers
v00000000065d6990_0 .net "D_IN_1", 0 0, L_000000000656b780;  1 drivers
o000000000658a6f8 .functor BUFZ 1, C4<z>; HiZ drive
v00000000065d7110_0 .net "D_OUT_0", 0 0, o000000000658a6f8;  0 drivers
o000000000658a728 .functor BUFZ 1, C4<z>; HiZ drive
v00000000065d6030_0 .net "D_OUT_1", 0 0, o000000000658a728;  0 drivers
v00000000065d77f0_0 .net "GLOBAL_BUFFER_OUTPUT", 0 0, L_000000000656b400;  1 drivers
o000000000658a758 .functor BUFZ 1, C4<z>; HiZ drive
v00000000065d63f0_0 .net "INPUT_CLK", 0 0, o000000000658a758;  0 drivers
o000000000658a788 .functor BUFZ 1, C4<z>; HiZ drive
v00000000065d6850_0 .net "LATCH_INPUT_VALUE", 0 0, o000000000658a788;  0 drivers
o000000000658a7b8 .functor BUFZ 1, C4<z>; HiZ drive
v00000000065d7570_0 .net "OUTPUT_CLK", 0 0, o000000000658a7b8;  0 drivers
o000000000658a7e8 .functor BUFZ 1, C4<z>; HiZ drive
v00000000065d8010_0 .net "OUTPUT_ENABLE", 0 0, o000000000658a7e8;  0 drivers
v00000000065d7610_0 .net "PACKAGE_PIN", 0 0, o000000000658a818;  0 drivers
S_0000000006582aa0 .scope module, "IO" "SB_IO" 2 148, 2 17 0, S_000000000657ba60;
 .timescale -12 -12;
    .port_info 0 /INOUT 1 "PACKAGE_PIN";
    .port_info 1 /INPUT 1 "LATCH_INPUT_VALUE";
    .port_info 2 /INPUT 1 "CLOCK_ENABLE";
    .port_info 3 /INPUT 1 "INPUT_CLK";
    .port_info 4 /INPUT 1 "OUTPUT_CLK";
    .port_info 5 /INPUT 1 "OUTPUT_ENABLE";
    .port_info 6 /INPUT 1 "D_OUT_0";
    .port_info 7 /INPUT 1 "D_OUT_1";
    .port_info 8 /OUTPUT 1 "D_IN_0";
    .port_info 9 /OUTPUT 1 "D_IN_1";
P_0000000004acdc10 .param/str "IO_STANDARD" 0 2 32, "SB_LVCMOS";
P_0000000004acdc48 .param/l "NEG_TRIGGER" 0 2 31, C4<0>;
P_0000000004acdc80 .param/l "PIN_TYPE" 0 2 29, C4<000000>;
P_0000000004acdcb8 .param/l "PULLUP" 0 2 30, C4<0>;
L_000000000656a4b0 .functor OR 1, o000000000658a668, L_0000000006650870, C4<0>, C4<0>;
L_000000000656b710 .functor BUFZ 1, v00000000065d7390_0, C4<0>, C4<0>, C4<0>;
L_000000000656b780 .functor BUFZ 1, v00000000065d67b0_0, C4<0>, C4<0>, C4<0>;
v00000000065d4c80_0 .net "CLOCK_ENABLE", 0 0, o000000000658a668;  alias, 0 drivers
v00000000065d4320_0 .net "D_IN_0", 0 0, L_000000000656b710;  alias, 1 drivers
v00000000065d4d20_0 .net "D_IN_1", 0 0, L_000000000656b780;  alias, 1 drivers
v00000000065d4820_0 .net "D_OUT_0", 0 0, o000000000658a6f8;  alias, 0 drivers
v00000000065d45a0_0 .net "D_OUT_1", 0 0, o000000000658a728;  alias, 0 drivers
v00000000065d54a0_0 .net "INPUT_CLK", 0 0, o000000000658a758;  alias, 0 drivers
v00000000065d4e60_0 .net "LATCH_INPUT_VALUE", 0 0, o000000000658a788;  alias, 0 drivers
v00000000065d4dc0_0 .net "OUTPUT_CLK", 0 0, o000000000658a7b8;  alias, 0 drivers
v00000000065d55e0_0 .net "OUTPUT_ENABLE", 0 0, o000000000658a7e8;  alias, 0 drivers
v00000000065d5680_0 .net "PACKAGE_PIN", 0 0, o000000000658a818;  alias, 0 drivers
o000000000658a848 .functor BUFZ 1, C4<z>; HiZ drive
; Elide local net with no drivers, v00000000065d5720_0 name=_ivl_0
v00000000065d48c0_0 .net *"_ivl_2", 0 0, L_0000000006650870;  1 drivers
v00000000065d57c0_0 .net "clken_pulled", 0 0, L_000000000656a4b0;  1 drivers
v00000000065d5900_0 .var "clken_pulled_ri", 0 0;
v00000000065d43c0_0 .var "clken_pulled_ro", 0 0;
v00000000065d7390_0 .var "din_0", 0 0;
v00000000065d67b0_0 .var "din_1", 0 0;
v00000000065d7f70_0 .var "din_q_0", 0 0;
v00000000065d6350_0 .var "din_q_1", 0 0;
v00000000065d7bb0_0 .var "dout", 0 0;
v00000000065d6210_0 .var "dout_q_0", 0 0;
v00000000065d74d0_0 .var "dout_q_1", 0 0;
v00000000065d6530_0 .var "outclk_delayed_1", 0 0;
v00000000065d7c50_0 .var "outclk_delayed_2", 0 0;
v00000000065d71b0_0 .var "outena_q", 0 0;
E_000000000653f550 .event anyedge, v00000000065d7c50_0, v00000000065d6210_0, v00000000065d74d0_0;
E_000000000653f950 .event anyedge, v00000000065d6530_0;
E_000000000653f390 .event anyedge, v00000000065d4dc0_0;
E_000000000653f690 .event anyedge, v00000000065d7f70_0, v00000000065d6350_0;
L_0000000006650870 .cmp/eeq 1, o000000000658a668, o000000000658a848;
S_00000000065830e0 .scope generate, "genblk1" "genblk1" 2 45, 2 45 0, S_0000000006582aa0;
 .timescale -12 -12;
E_000000000653f910 .event posedge, v00000000065d4dc0_0;
E_000000000653f650 .event negedge, v00000000065d4dc0_0;
E_000000000653f290 .event negedge, v00000000065d54a0_0;
E_000000000653ecd0 .event posedge, v00000000065d54a0_0;
S_000000000657bbf0 .scope module, "SB_HFOSC" "SB_HFOSC" 2 2664;
 .timescale -12 -12;
    .port_info 0 /INPUT 1 "TRIM0";
    .port_info 1 /INPUT 1 "TRIM1";
    .port_info 2 /INPUT 1 "TRIM2";
    .port_info 3 /INPUT 1 "TRIM3";
    .port_info 4 /INPUT 1 "TRIM4";
    .port_info 5 /INPUT 1 "TRIM5";
    .port_info 6 /INPUT 1 "TRIM6";
    .port_info 7 /INPUT 1 "TRIM7";
    .port_info 8 /INPUT 1 "TRIM8";
    .port_info 9 /INPUT 1 "TRIM9";
    .port_info 10 /INPUT 1 "CLKHFPU";
    .port_info 11 /INPUT 1 "CLKHFEN";
    .port_info 12 /OUTPUT 1 "CLKHF";
P_00000000064202f0 .param/str "CLKHF_DIV" 0 2 2680, "0b00";
P_0000000006420328 .param/str "TRIM_EN" 0 2 2679, "0b0";
o000000000658af38 .functor BUFZ 1, C4<z>; HiZ drive
v00000000065d6d50_0 .net "CLKHF", 0 0, o000000000658af38;  0 drivers
o000000000658af68 .functor BUFZ 1, C4<z>; HiZ drive
v00000000065d7930_0 .net "CLKHFEN", 0 0, o000000000658af68;  0 drivers
o000000000658af98 .functor BUFZ 1, C4<z>; HiZ drive
v00000000065d8290_0 .net "CLKHFPU", 0 0, o000000000658af98;  0 drivers
o000000000658afc8 .functor BUFZ 1, C4<z>; HiZ drive
v00000000065d7e30_0 .net "TRIM0", 0 0, o000000000658afc8;  0 drivers
o000000000658aff8 .functor BUFZ 1, C4<z>; HiZ drive
v00000000065d7250_0 .net "TRIM1", 0 0, o000000000658aff8;  0 drivers
o000000000658b028 .functor BUFZ 1, C4<z>; HiZ drive
v00000000065d7b10_0 .net "TRIM2", 0 0, o000000000658b028;  0 drivers
o000000000658b058 .functor BUFZ 1, C4<z>; HiZ drive
v00000000065d6f30_0 .net "TRIM3", 0 0, o000000000658b058;  0 drivers
o000000000658b088 .functor BUFZ 1, C4<z>; HiZ drive
v00000000065d5ef0_0 .net "TRIM4", 0 0, o000000000658b088;  0 drivers
o000000000658b0b8 .functor BUFZ 1, C4<z>; HiZ drive
v00000000065d60d0_0 .net "TRIM5", 0 0, o000000000658b0b8;  0 drivers
o000000000658b0e8 .functor BUFZ 1, C4<z>; HiZ drive
v00000000065d8150_0 .net "TRIM6", 0 0, o000000000658b0e8;  0 drivers
o000000000658b118 .functor BUFZ 1, C4<z>; HiZ drive
v00000000065d5e50_0 .net "TRIM7", 0 0, o000000000658b118;  0 drivers
o000000000658b148 .functor BUFZ 1, C4<z>; HiZ drive
v00000000065d6b70_0 .net "TRIM8", 0 0, o000000000658b148;  0 drivers
o000000000658b178 .functor BUFZ 1, C4<z>; HiZ drive
v00000000065d68f0_0 .net "TRIM9", 0 0, o000000000658b178;  0 drivers
S_000000000657b420 .scope module, "SB_I2C" "SB_I2C" 2 2733;
 .timescale -12 -12;
    .port_info 0 /INPUT 1 "SBCLKI";
    .port_info 1 /INPUT 1 "SBRWI";
    .port_info 2 /INPUT 1 "SBSTBI";
    .port_info 3 /INPUT 1 "SBADRI7";
    .port_info 4 /INPUT 1 "SBADRI6";
    .port_info 5 /INPUT 1 "SBADRI5";
    .port_info 6 /INPUT 1 "SBADRI4";
    .port_info 7 /INPUT 1 "SBADRI3";
    .port_info 8 /INPUT 1 "SBADRI2";
    .port_info 9 /INPUT 1 "SBADRI1";
    .port_info 10 /INPUT 1 "SBADRI0";
    .port_info 11 /INPUT 1 "SBDATI7";
    .port_info 12 /INPUT 1 "SBDATI6";
    .port_info 13 /INPUT 1 "SBDATI5";
    .port_info 14 /INPUT 1 "SBDATI4";
    .port_info 15 /INPUT 1 "SBDATI3";
    .port_info 16 /INPUT 1 "SBDATI2";
    .port_info 17 /INPUT 1 "SBDATI1";
    .port_info 18 /INPUT 1 "SBDATI0";
    .port_info 19 /INPUT 1 "SCLI";
    .port_info 20 /INPUT 1 "SDAI";
    .port_info 21 /OUTPUT 1 "SBDATO7";
    .port_info 22 /OUTPUT 1 "SBDATO6";
    .port_info 23 /OUTPUT 1 "SBDATO5";
    .port_info 24 /OUTPUT 1 "SBDATO4";
    .port_info 25 /OUTPUT 1 "SBDATO3";
    .port_info 26 /OUTPUT 1 "SBDATO2";
    .port_info 27 /OUTPUT 1 "SBDATO1";
    .port_info 28 /OUTPUT 1 "SBDATO0";
    .port_info 29 /OUTPUT 1 "SBACKO";
    .port_info 30 /OUTPUT 1 "I2CIRQ";
    .port_info 31 /OUTPUT 1 "I2CWKUP";
    .port_info 32 /OUTPUT 1 "SCLO";
    .port_info 33 /OUTPUT 1 "SCLOE";
    .port_info 34 /OUTPUT 1 "SDAO";
    .port_info 35 /OUTPUT 1 "SDAOE";
P_000000000641fc70 .param/str "BUS_ADDR74" 0 2 2772, "0b0001";
P_000000000641fca8 .param/str "I2C_SLAVE_INIT_ADDR" 0 2 2771, "0b1111100001";
o000000000658b418 .functor BUFZ 1, C4<z>; HiZ drive
v00000000065d76b0_0 .net "I2CIRQ", 0 0, o000000000658b418;  0 drivers
o000000000658b448 .functor BUFZ 1, C4<z>; HiZ drive
v00000000065d7ed0_0 .net "I2CWKUP", 0 0, o000000000658b448;  0 drivers
o000000000658b478 .functor BUFZ 1, C4<z>; HiZ drive
v00000000065d6fd0_0 .net "SBACKO", 0 0, o000000000658b478;  0 drivers
o000000000658b4a8 .functor BUFZ 1, C4<z>; HiZ drive
v00000000065d7750_0 .net "SBADRI0", 0 0, o000000000658b4a8;  0 drivers
o000000000658b4d8 .functor BUFZ 1, C4<z>; HiZ drive
v00000000065d6c10_0 .net "SBADRI1", 0 0, o000000000658b4d8;  0 drivers
o000000000658b508 .functor BUFZ 1, C4<z>; HiZ drive
v00000000065d7890_0 .net "SBADRI2", 0 0, o000000000658b508;  0 drivers
o000000000658b538 .functor BUFZ 1, C4<z>; HiZ drive
v00000000065d6a30_0 .net "SBADRI3", 0 0, o000000000658b538;  0 drivers
o000000000658b568 .functor BUFZ 1, C4<z>; HiZ drive
v00000000065d79d0_0 .net "SBADRI4", 0 0, o000000000658b568;  0 drivers
o000000000658b598 .functor BUFZ 1, C4<z>; HiZ drive
v00000000065d6490_0 .net "SBADRI5", 0 0, o000000000658b598;  0 drivers
o000000000658b5c8 .functor BUFZ 1, C4<z>; HiZ drive
v00000000065d65d0_0 .net "SBADRI6", 0 0, o000000000658b5c8;  0 drivers
o000000000658b5f8 .functor BUFZ 1, C4<z>; HiZ drive
v00000000065d7a70_0 .net "SBADRI7", 0 0, o000000000658b5f8;  0 drivers
o000000000658b628 .functor BUFZ 1, C4<z>; HiZ drive
v00000000065d6ad0_0 .net "SBCLKI", 0 0, o000000000658b628;  0 drivers
o000000000658b658 .functor BUFZ 1, C4<z>; HiZ drive
v00000000065d80b0_0 .net "SBDATI0", 0 0, o000000000658b658;  0 drivers
o000000000658b688 .functor BUFZ 1, C4<z>; HiZ drive
v00000000065d81f0_0 .net "SBDATI1", 0 0, o000000000658b688;  0 drivers
o000000000658b6b8 .functor BUFZ 1, C4<z>; HiZ drive
v00000000065d6df0_0 .net "SBDATI2", 0 0, o000000000658b6b8;  0 drivers
o000000000658b6e8 .functor BUFZ 1, C4<z>; HiZ drive
v00000000065d6710_0 .net "SBDATI3", 0 0, o000000000658b6e8;  0 drivers
o000000000658b718 .functor BUFZ 1, C4<z>; HiZ drive
v00000000065d72f0_0 .net "SBDATI4", 0 0, o000000000658b718;  0 drivers
o000000000658b748 .functor BUFZ 1, C4<z>; HiZ drive
v00000000065d6e90_0 .net "SBDATI5", 0 0, o000000000658b748;  0 drivers
o000000000658b778 .functor BUFZ 1, C4<z>; HiZ drive
v00000000065d7070_0 .net "SBDATI6", 0 0, o000000000658b778;  0 drivers
o000000000658b7a8 .functor BUFZ 1, C4<z>; HiZ drive
v00000000065d5c70_0 .net "SBDATI7", 0 0, o000000000658b7a8;  0 drivers
o000000000658b7d8 .functor BUFZ 1, C4<z>; HiZ drive
v00000000065d7cf0_0 .net "SBDATO0", 0 0, o000000000658b7d8;  0 drivers
o000000000658b808 .functor BUFZ 1, C4<z>; HiZ drive
v00000000065d7d90_0 .net "SBDATO1", 0 0, o000000000658b808;  0 drivers
o000000000658b838 .functor BUFZ 1, C4<z>; HiZ drive
v00000000065d5b30_0 .net "SBDATO2", 0 0, o000000000658b838;  0 drivers
o000000000658b868 .functor BUFZ 1, C4<z>; HiZ drive
v00000000065d5bd0_0 .net "SBDATO3", 0 0, o000000000658b868;  0 drivers
o000000000658b898 .functor BUFZ 1, C4<z>; HiZ drive
v00000000065d5d10_0 .net "SBDATO4", 0 0, o000000000658b898;  0 drivers
o000000000658b8c8 .functor BUFZ 1, C4<z>; HiZ drive
v00000000065d5db0_0 .net "SBDATO5", 0 0, o000000000658b8c8;  0 drivers
o000000000658b8f8 .functor BUFZ 1, C4<z>; HiZ drive
v00000000065d6170_0 .net "SBDATO6", 0 0, o000000000658b8f8;  0 drivers
o000000000658b928 .functor BUFZ 1, C4<z>; HiZ drive
v00000000065d5f90_0 .net "SBDATO7", 0 0, o000000000658b928;  0 drivers
o000000000658b958 .functor BUFZ 1, C4<z>; HiZ drive
v00000000065d62b0_0 .net "SBRWI", 0 0, o000000000658b958;  0 drivers
o000000000658b988 .functor BUFZ 1, C4<z>; HiZ drive
v00000000065d6670_0 .net "SBSTBI", 0 0, o000000000658b988;  0 drivers
o000000000658b9b8 .functor BUFZ 1, C4<z>; HiZ drive
v00000000065d8a10_0 .net "SCLI", 0 0, o000000000658b9b8;  0 drivers
o000000000658b9e8 .functor BUFZ 1, C4<z>; HiZ drive
v00000000065d9190_0 .net "SCLO", 0 0, o000000000658b9e8;  0 drivers
o000000000658ba18 .functor BUFZ 1, C4<z>; HiZ drive
v00000000065d8e70_0 .net "SCLOE", 0 0, o000000000658ba18;  0 drivers
o000000000658ba48 .functor BUFZ 1, C4<z>; HiZ drive
v00000000065d9910_0 .net "SDAI", 0 0, o000000000658ba48;  0 drivers
o000000000658ba78 .functor BUFZ 1, C4<z>; HiZ drive
v00000000065d8470_0 .net "SDAO", 0 0, o000000000658ba78;  0 drivers
o000000000658baa8 .functor BUFZ 1, C4<z>; HiZ drive
v00000000065d8c90_0 .net "SDAOE", 0 0, o000000000658baa8;  0 drivers
S_000000000657c230 .scope module, "SB_IO_I3C" "SB_IO_I3C" 2 2862;
 .timescale -12 -12;
    .port_info 0 /INOUT 1 "PACKAGE_PIN";
    .port_info 1 /INPUT 1 "LATCH_INPUT_VALUE";
    .port_info 2 /INPUT 1 "CLOCK_ENABLE";
    .port_info 3 /INPUT 1 "INPUT_CLK";
    .port_info 4 /INPUT 1 "OUTPUT_CLK";
    .port_info 5 /INPUT 1 "OUTPUT_ENABLE";
    .port_info 6 /INPUT 1 "D_OUT_0";
    .port_info 7 /INPUT 1 "D_OUT_1";
    .port_info 8 /OUTPUT 1 "D_IN_0";
    .port_info 9 /OUTPUT 1 "D_IN_1";
    .port_info 10 /INPUT 1 "PU_ENB";
    .port_info 11 /INPUT 1 "WEAK_PU_ENB";
P_0000000004ad37f0 .param/str "IO_STANDARD" 0 2 2880, "SB_LVCMOS";
P_0000000004ad3828 .param/l "NEG_TRIGGER" 0 2 2879, C4<0>;
P_0000000004ad3860 .param/l "PIN_TYPE" 0 2 2876, C4<000000>;
P_0000000004ad3898 .param/l "PULLUP" 0 2 2877, C4<0>;
P_0000000004ad38d0 .param/l "WEAK_PULLUP" 0 2 2878, C4<0>;
L_000000000656b1d0 .functor BUFZ 1, v00000000065d90f0_0, C4<0>, C4<0>, C4<0>;
L_000000000656b470 .functor BUFZ 1, v00000000065d9050_0, C4<0>, C4<0>, C4<0>;
o000000000658c198 .functor BUFZ 1, C4<z>; HiZ drive
v00000000065d83d0_0 .net "CLOCK_ENABLE", 0 0, o000000000658c198;  0 drivers
v00000000065d8510_0 .net "D_IN_0", 0 0, L_000000000656b1d0;  1 drivers
v00000000065d8ab0_0 .net "D_IN_1", 0 0, L_000000000656b470;  1 drivers
o000000000658c228 .functor BUFZ 1, C4<z>; HiZ drive
v00000000065d8330_0 .net "D_OUT_0", 0 0, o000000000658c228;  0 drivers
o000000000658c258 .functor BUFZ 1, C4<z>; HiZ drive
v00000000065d8f10_0 .net "D_OUT_1", 0 0, o000000000658c258;  0 drivers
o000000000658c288 .functor BUFZ 1, C4<z>; HiZ drive
v00000000065d88d0_0 .net "INPUT_CLK", 0 0, o000000000658c288;  0 drivers
o000000000658c2b8 .functor BUFZ 1, C4<z>; HiZ drive
v00000000065d8fb0_0 .net "LATCH_INPUT_VALUE", 0 0, o000000000658c2b8;  0 drivers
o000000000658c2e8 .functor BUFZ 1, C4<z>; HiZ drive
v00000000065d8b50_0 .net "OUTPUT_CLK", 0 0, o000000000658c2e8;  0 drivers
o000000000658c318 .functor BUFZ 1, C4<z>; HiZ drive
v00000000065d8d30_0 .net "OUTPUT_ENABLE", 0 0, o000000000658c318;  0 drivers
o000000000658c348 .functor BUFZ 1, C4<z>; HiZ drive
v00000000065d8dd0_0 .net "PACKAGE_PIN", 0 0, o000000000658c348;  0 drivers
o000000000658c378 .functor BUFZ 1, C4<z>; HiZ drive
v00000000065d85b0_0 .net "PU_ENB", 0 0, o000000000658c378;  0 drivers
o000000000658c3a8 .functor BUFZ 1, C4<z>; HiZ drive
v00000000065d9370_0 .net "WEAK_PU_ENB", 0 0, o000000000658c3a8;  0 drivers
v00000000065d90f0_0 .var "din_0", 0 0;
v00000000065d9050_0 .var "din_1", 0 0;
v00000000065d9870_0 .var "din_q_0", 0 0;
v00000000065d8970_0 .var "din_q_1", 0 0;
v00000000065d9230_0 .var "dout", 0 0;
v00000000065d8bf0_0 .var "dout_q_0", 0 0;
v00000000065d8650_0 .var "dout_q_1", 0 0;
v00000000065d86f0_0 .var "outclk_delayed_1", 0 0;
v00000000065d8790_0 .var "outclk_delayed_2", 0 0;
v00000000065d92d0_0 .var "outena_q", 0 0;
E_000000000653efd0 .event anyedge, v00000000065d8790_0, v00000000065d8bf0_0, v00000000065d8650_0;
E_000000000653f3d0 .event anyedge, v00000000065d86f0_0;
E_000000000653ed50 .event anyedge, v00000000065d8b50_0;
E_000000000653f090 .event anyedge, v00000000065d9870_0, v00000000065d8970_0;
S_00000000065822d0 .scope generate, "genblk1" "genblk1" 2 2888, 2 2888 0, S_000000000657c230;
 .timescale -12 -12;
E_000000000653eed0 .event posedge, v00000000065d8b50_0;
E_000000000653fb10 .event negedge, v00000000065d8b50_0;
E_000000000653f810 .event negedge, v00000000065d88d0_0;
E_000000000653f790 .event posedge, v00000000065d88d0_0;
S_000000000657bf10 .scope module, "SB_IO_OD" "SB_IO_OD" 2 2931;
 .timescale -12 -12;
    .port_info 0 /INOUT 1 "PACKAGEPIN";
    .port_info 1 /INPUT 1 "LATCHINPUTVALUE";
    .port_info 2 /INPUT 1 "CLOCKENABLE";
    .port_info 3 /INPUT 1 "INPUTCLK";
    .port_info 4 /INPUT 1 "OUTPUTCLK";
    .port_info 5 /INPUT 1 "OUTPUTENABLE";
    .port_info 6 /INPUT 1 "DOUT1";
    .port_info 7 /INPUT 1 "DOUT0";
    .port_info 8 /OUTPUT 1 "DIN1";
    .port_info 9 /OUTPUT 1 "DIN0";
P_000000000641f870 .param/l "NEG_TRIGGER" 0 2 2944, C4<0>;
P_000000000641f8a8 .param/l "PIN_TYPE" 0 2 2943, C4<000000>;
L_000000000656b4e0 .functor BUFZ 1, v00000000065dbb20_0, C4<0>, C4<0>, C4<0>;
L_000000000656a210 .functor BUFZ 1, v00000000065db620_0, C4<0>, C4<0>, C4<0>;
o000000000658c7f8 .functor BUFZ 1, C4<z>; HiZ drive
v00000000065d99b0_0 .net "CLOCKENABLE", 0 0, o000000000658c7f8;  0 drivers
v00000000065d95f0_0 .net "DIN0", 0 0, L_000000000656b4e0;  1 drivers
v00000000065d9410_0 .net "DIN1", 0 0, L_000000000656a210;  1 drivers
o000000000658c888 .functor BUFZ 1, C4<z>; HiZ drive
v00000000065d94b0_0 .net "DOUT0", 0 0, o000000000658c888;  0 drivers
o000000000658c8b8 .functor BUFZ 1, C4<z>; HiZ drive
v00000000065d9550_0 .net "DOUT1", 0 0, o000000000658c8b8;  0 drivers
o000000000658c8e8 .functor BUFZ 1, C4<z>; HiZ drive
v00000000065d9690_0 .net "INPUTCLK", 0 0, o000000000658c8e8;  0 drivers
o000000000658c918 .functor BUFZ 1, C4<z>; HiZ drive
v00000000065d9730_0 .net "LATCHINPUTVALUE", 0 0, o000000000658c918;  0 drivers
o000000000658c948 .functor BUFZ 1, C4<z>; HiZ drive
v00000000065d8830_0 .net "OUTPUTCLK", 0 0, o000000000658c948;  0 drivers
o000000000658c978 .functor BUFZ 1, C4<z>; HiZ drive
v00000000065d97d0_0 .net "OUTPUTENABLE", 0 0, o000000000658c978;  0 drivers
o000000000658c9a8 .functor BUFZ 1, C4<z>; HiZ drive
v00000000065da0e0_0 .net "PACKAGEPIN", 0 0, o000000000658c9a8;  0 drivers
v00000000065dbb20_0 .var "din_0", 0 0;
v00000000065db620_0 .var "din_1", 0 0;
v00000000065da9a0_0 .var "din_q_0", 0 0;
v00000000065d9e60_0 .var "din_q_1", 0 0;
v00000000065d9f00_0 .var "dout", 0 0;
v00000000065da360_0 .var "dout_q_0", 0 0;
v00000000065dbf80_0 .var "dout_q_1", 0 0;
v00000000065da180_0 .var "outclk_delayed_1", 0 0;
v00000000065dbbc0_0 .var "outclk_delayed_2", 0 0;
v00000000065dab80_0 .var "outena_q", 0 0;
E_000000000653f050 .event anyedge, v00000000065dbbc0_0, v00000000065da360_0, v00000000065dbf80_0;
E_000000000653f9d0 .event anyedge, v00000000065da180_0;
E_000000000653fad0 .event anyedge, v00000000065d8830_0;
E_000000000653ee10 .event anyedge, v00000000065da9a0_0, v00000000065d9e60_0;
S_0000000006582140 .scope generate, "genblk1" "genblk1" 2 2952, 2 2952 0, S_000000000657bf10;
 .timescale -12 -12;
E_000000000653f890 .event posedge, v00000000065d8830_0;
E_000000000653f490 .event negedge, v00000000065d8830_0;
E_000000000653f750 .event negedge, v00000000065d9690_0;
E_000000000653ec50 .event posedge, v00000000065d9690_0;
S_000000000657c0a0 .scope module, "SB_LEDDA_IP" "SB_LEDDA_IP" 2 2830;
 .timescale -12 -12;
    .port_info 0 /INPUT 1 "LEDDCS";
    .port_info 1 /INPUT 1 "LEDDCLK";
    .port_info 2 /INPUT 1 "LEDDDAT7";
    .port_info 3 /INPUT 1 "LEDDDAT6";
    .port_info 4 /INPUT 1 "LEDDDAT5";
    .port_info 5 /INPUT 1 "LEDDDAT4";
    .port_info 6 /INPUT 1 "LEDDDAT3";
    .port_info 7 /INPUT 1 "LEDDDAT2";
    .port_info 8 /INPUT 1 "LEDDDAT1";
    .port_info 9 /INPUT 1 "LEDDDAT0";
    .port_info 10 /INPUT 1 "LEDDADDR3";
    .port_info 11 /INPUT 1 "LEDDADDR2";
    .port_info 12 /INPUT 1 "LEDDADDR1";
    .port_info 13 /INPUT 1 "LEDDADDR0";
    .port_info 14 /INPUT 1 "LEDDDEN";
    .port_info 15 /INPUT 1 "LEDDEXE";
    .port_info 16 /INPUT 1 "LEDDRST";
    .port_info 17 /OUTPUT 1 "PWMOUT0";
    .port_info 18 /OUTPUT 1 "PWMOUT1";
    .port_info 19 /OUTPUT 1 "PWMOUT2";
    .port_info 20 /OUTPUT 1 "LEDDON";
o000000000658cd98 .functor BUFZ 1, C4<z>; HiZ drive
v00000000065d9b40_0 .net "LEDDADDR0", 0 0, o000000000658cd98;  0 drivers
o000000000658cdc8 .functor BUFZ 1, C4<z>; HiZ drive
v00000000065dbd00_0 .net "LEDDADDR1", 0 0, o000000000658cdc8;  0 drivers
o000000000658cdf8 .functor BUFZ 1, C4<z>; HiZ drive
v00000000065da040_0 .net "LEDDADDR2", 0 0, o000000000658cdf8;  0 drivers
o000000000658ce28 .functor BUFZ 1, C4<z>; HiZ drive
v00000000065da400_0 .net "LEDDADDR3", 0 0, o000000000658ce28;  0 drivers
o000000000658ce58 .functor BUFZ 1, C4<z>; HiZ drive
v00000000065da720_0 .net "LEDDCLK", 0 0, o000000000658ce58;  0 drivers
o000000000658ce88 .functor BUFZ 1, C4<z>; HiZ drive
v00000000065daa40_0 .net "LEDDCS", 0 0, o000000000658ce88;  0 drivers
o000000000658ceb8 .functor BUFZ 1, C4<z>; HiZ drive
v00000000065dc020_0 .net "LEDDDAT0", 0 0, o000000000658ceb8;  0 drivers
o000000000658cee8 .functor BUFZ 1, C4<z>; HiZ drive
v00000000065db260_0 .net "LEDDDAT1", 0 0, o000000000658cee8;  0 drivers
o000000000658cf18 .functor BUFZ 1, C4<z>; HiZ drive
v00000000065dae00_0 .net "LEDDDAT2", 0 0, o000000000658cf18;  0 drivers
o000000000658cf48 .functor BUFZ 1, C4<z>; HiZ drive
v00000000065daae0_0 .net "LEDDDAT3", 0 0, o000000000658cf48;  0 drivers
o000000000658cf78 .functor BUFZ 1, C4<z>; HiZ drive
v00000000065da4a0_0 .net "LEDDDAT4", 0 0, o000000000658cf78;  0 drivers
o000000000658cfa8 .functor BUFZ 1, C4<z>; HiZ drive
v00000000065db800_0 .net "LEDDDAT5", 0 0, o000000000658cfa8;  0 drivers
o000000000658cfd8 .functor BUFZ 1, C4<z>; HiZ drive
v00000000065db6c0_0 .net "LEDDDAT6", 0 0, o000000000658cfd8;  0 drivers
o000000000658d008 .functor BUFZ 1, C4<z>; HiZ drive
v00000000065da220_0 .net "LEDDDAT7", 0 0, o000000000658d008;  0 drivers
o000000000658d038 .functor BUFZ 1, C4<z>; HiZ drive
v00000000065d9be0_0 .net "LEDDDEN", 0 0, o000000000658d038;  0 drivers
o000000000658d068 .functor BUFZ 1, C4<z>; HiZ drive
v00000000065dbda0_0 .net "LEDDEXE", 0 0, o000000000658d068;  0 drivers
o000000000658d098 .functor BUFZ 1, C4<z>; HiZ drive
v00000000065dc2a0_0 .net "LEDDON", 0 0, o000000000658d098;  0 drivers
o000000000658d0c8 .functor BUFZ 1, C4<z>; HiZ drive
v00000000065db300_0 .net "LEDDRST", 0 0, o000000000658d0c8;  0 drivers
o000000000658d0f8 .functor BUFZ 1, C4<z>; HiZ drive
v00000000065da540_0 .net "PWMOUT0", 0 0, o000000000658d0f8;  0 drivers
o000000000658d128 .functor BUFZ 1, C4<z>; HiZ drive
v00000000065dc0c0_0 .net "PWMOUT1", 0 0, o000000000658d128;  0 drivers
o000000000658d158 .functor BUFZ 1, C4<z>; HiZ drive
v00000000065db440_0 .net "PWMOUT2", 0 0, o000000000658d158;  0 drivers
S_000000000657ceb0 .scope module, "SB_LED_DRV_CUR" "SB_LED_DRV_CUR" 2 2709;
 .timescale -12 -12;
    .port_info 0 /INPUT 1 "EN";
    .port_info 1 /OUTPUT 1 "LEDPU";
o000000000658d578 .functor BUFZ 1, C4<z>; HiZ drive
v00000000065da680_0 .net "EN", 0 0, o000000000658d578;  0 drivers
o000000000658d5a8 .functor BUFZ 1, C4<z>; HiZ drive
v00000000065dbe40_0 .net "LEDPU", 0 0, o000000000658d5a8;  0 drivers
S_000000000657b100 .scope module, "SB_LFOSC" "SB_LFOSC" 2 2684;
 .timescale -12 -12;
    .port_info 0 /INPUT 1 "CLKLFPU";
    .port_info 1 /INPUT 1 "CLKLFEN";
    .port_info 2 /OUTPUT 1 "CLKLF";
o000000000658d638 .functor BUFZ 1, C4<z>; HiZ drive
v00000000065daf40_0 .net "CLKLF", 0 0, o000000000658d638;  0 drivers
o000000000658d668 .functor BUFZ 1, C4<z>; HiZ drive
v00000000065d9fa0_0 .net "CLKLFEN", 0 0, o000000000658d668;  0 drivers
o000000000658d698 .functor BUFZ 1, C4<z>; HiZ drive
v00000000065da2c0_0 .net "CLKLFPU", 0 0, o000000000658d698;  0 drivers
S_000000000657ca00 .scope module, "SB_LUT4" "SB_LUT4" 2 177;
 .timescale -12 -12;
    .port_info 0 /OUTPUT 1 "O";
    .port_info 1 /INPUT 1 "I0";
    .port_info 2 /INPUT 1 "I1";
    .port_info 3 /INPUT 1 "I2";
    .port_info 4 /INPUT 1 "I3";
P_000000000653e410 .param/l "LUT_INIT" 0 2 184, C4<0000000000000000>;
o000000000658d758 .functor BUFZ 1, C4<z>; HiZ drive
v00000000065dac20_0 .net "I0", 0 0, o000000000658d758;  0 drivers
o000000000658d788 .functor BUFZ 1, C4<z>; HiZ drive
v00000000065dacc0_0 .net "I1", 0 0, o000000000658d788;  0 drivers
o000000000658d7b8 .functor BUFZ 1, C4<z>; HiZ drive
v00000000065db3a0_0 .net "I2", 0 0, o000000000658d7b8;  0 drivers
o000000000658d7e8 .functor BUFZ 1, C4<z>; HiZ drive
v00000000065db760_0 .net "I3", 0 0, o000000000658d7e8;  0 drivers
v00000000065dad60_0 .net "O", 0 0, L_00000000066514f0;  1 drivers
L_0000000006605910 .functor BUFT 1, C4<00000000>, C4<0>, C4<0>, C4<0>;
v00000000065da7c0_0 .net/2u *"_ivl_0", 7 0, L_0000000006605910;  1 drivers
v00000000065d9c80_0 .net *"_ivl_13", 1 0, L_0000000006650e10;  1 drivers
v00000000065dafe0_0 .net *"_ivl_15", 1 0, L_0000000006650cd0;  1 drivers
v00000000065db8a0_0 .net *"_ivl_19", 0 0, L_0000000006650910;  1 drivers
L_0000000006605958 .functor BUFT 1, C4<00000000>, C4<0>, C4<0>, C4<0>;
v00000000065db940_0 .net/2u *"_ivl_2", 7 0, L_0000000006605958;  1 drivers
v00000000065db4e0_0 .net *"_ivl_21", 0 0, L_0000000006650eb0;  1 drivers
v00000000065da5e0_0 .net *"_ivl_7", 3 0, L_0000000006650550;  1 drivers
v00000000065da860_0 .net *"_ivl_9", 3 0, L_0000000006651bd0;  1 drivers
v00000000065db9e0_0 .net "s1", 1 0, L_00000000066500f0;  1 drivers
v00000000065dbee0_0 .net "s2", 3 0, L_00000000066505f0;  1 drivers
v00000000065da900_0 .net "s3", 7 0, L_0000000006650f50;  1 drivers
L_0000000006650f50 .functor MUXZ 8, L_0000000006605958, L_0000000006605910, o000000000658d7e8, C4<>;
L_0000000006650550 .part L_0000000006650f50, 4, 4;
L_0000000006651bd0 .part L_0000000006650f50, 0, 4;
L_00000000066505f0 .functor MUXZ 4, L_0000000006651bd0, L_0000000006650550, o000000000658d7b8, C4<>;
L_0000000006650e10 .part L_00000000066505f0, 2, 2;
L_0000000006650cd0 .part L_00000000066505f0, 0, 2;
L_00000000066500f0 .functor MUXZ 2, L_0000000006650cd0, L_0000000006650e10, o000000000658d788, C4<>;
L_0000000006650910 .part L_00000000066500f0, 1, 1;
L_0000000006650eb0 .part L_00000000066500f0, 0, 1;
L_00000000066514f0 .functor MUXZ 1, L_0000000006650eb0, L_0000000006650910, o000000000658d758, C4<>;
S_000000000657c3c0 .scope module, "SB_MAC16" "SB_MAC16" 2 2996;
 .timescale -12 -12;
    .port_info 0 /INPUT 1 "CLK";
    .port_info 1 /INPUT 1 "CE";
    .port_info 2 /INPUT 16 "C";
    .port_info 3 /INPUT 16 "A";
    .port_info 4 /INPUT 16 "B";
    .port_info 5 /INPUT 16 "D";
    .port_info 6 /INPUT 1 "AHOLD";
    .port_info 7 /INPUT 1 "BHOLD";
    .port_info 8 /INPUT 1 "CHOLD";
    .port_info 9 /INPUT 1 "DHOLD";
    .port_info 10 /INPUT 1 "IRSTTOP";
    .port_info 11 /INPUT 1 "IRSTBOT";
    .port_info 12 /INPUT 1 "ORSTTOP";
    .port_info 13 /INPUT 1 "ORSTBOT";
    .port_info 14 /INPUT 1 "OLOADTOP";
    .port_info 15 /INPUT 1 "OLOADBOT";
    .port_info 16 /INPUT 1 "ADDSUBTOP";
    .port_info 17 /INPUT 1 "ADDSUBBOT";
    .port_info 18 /INPUT 1 "OHOLDTOP";
    .port_info 19 /INPUT 1 "OHOLDBOT";
    .port_info 20 /INPUT 1 "CI";
    .port_info 21 /INPUT 1 "ACCUMCI";
    .port_info 22 /INPUT 1 "SIGNEXTIN";
    .port_info 23 /OUTPUT 32 "O";
    .port_info 24 /OUTPUT 1 "CO";
    .port_info 25 /OUTPUT 1 "ACCUMCO";
    .port_info 26 /OUTPUT 1 "SIGNEXTOUT";
P_0000000004adfbe0 .param/l "A_REG" 0 2 3011, C4<0>;
P_0000000004adfc18 .param/l "A_SIGNED" 0 2 3027, C4<0>;
P_0000000004adfc50 .param/l "BOTADDSUB_CARRYSELECT" 0 2 3025, C4<00>;
P_0000000004adfc88 .param/l "BOTADDSUB_LOWERINPUT" 0 2 3023, C4<00>;
P_0000000004adfcc0 .param/l "BOTADDSUB_UPPERINPUT" 0 2 3024, C4<0>;
P_0000000004adfcf8 .param/l "BOTOUTPUT_SELECT" 0 2 3022, C4<00>;
P_0000000004adfd30 .param/l "BOT_8x8_MULT_REG" 0 2 3015, C4<0>;
P_0000000004adfd68 .param/l "B_REG" 0 2 3012, C4<0>;
P_0000000004adfda0 .param/l "B_SIGNED" 0 2 3028, C4<0>;
P_0000000004adfdd8 .param/l "C_REG" 0 2 3010, C4<0>;
P_0000000004adfe10 .param/l "D_REG" 0 2 3013, C4<0>;
P_0000000004adfe48 .param/l "MODE_8x8" 0 2 3026, C4<0>;
P_0000000004adfe80 .param/l "NEG_TRIGGER" 0 2 3009, C4<0>;
P_0000000004adfeb8 .param/l "PIPELINE_16x16_MULT_REG1" 0 2 3016, C4<0>;
P_0000000004adfef0 .param/l "PIPELINE_16x16_MULT_REG2" 0 2 3017, C4<0>;
P_0000000004adff28 .param/l "TOPADDSUB_CARRYSELECT" 0 2 3021, C4<00>;
P_0000000004adff60 .param/l "TOPADDSUB_LOWERINPUT" 0 2 3019, C4<00>;
P_0000000004adff98 .param/l "TOPADDSUB_UPPERINPUT" 0 2 3020, C4<0>;
P_0000000004adffd0 .param/l "TOPOUTPUT_SELECT" 0 2 3018, C4<00>;
P_0000000004ae0008 .param/l "TOP_8x8_MULT_REG" 0 2 3014, C4<0>;
o000000000658de48 .functor BUFZ 1, C4<z>; HiZ drive
L_00000000066059a0 .functor BUFT 1, C4<0>, C4<0>, C4<0>, C4<0>;
L_000000000656ac90 .functor XOR 1, o000000000658de48, L_00000000066059a0, C4<0>, C4<0>;
o000000000658dd88 .functor BUFZ 16, C4<zzzzzzzzzzzzzzzz>; HiZ drive
L_000000000656a6e0 .functor BUFZ 16, o000000000658dd88, C4<0000000000000000>, C4<0000000000000000>, C4<0000000000000000>;
o000000000658db48 .functor BUFZ 16, C4<zzzzzzzzzzzzzzzz>; HiZ drive
L_000000000656a750 .functor BUFZ 16, o000000000658db48, C4<0000000000000000>, C4<0000000000000000>, C4<0000000000000000>;
o000000000658dcc8 .functor BUFZ 16, C4<zzzzzzzzzzzzzzzz>; HiZ drive
L_000000000656aad0 .functor BUFZ 16, o000000000658dcc8, C4<0000000000000000>, C4<0000000000000000>, C4<0000000000000000>;
o000000000658dea8 .functor BUFZ 16, C4<zzzzzzzzzzzzzzzz>; HiZ drive
L_000000000656b9b0 .functor BUFZ 16, o000000000658dea8, C4<0000000000000000>, C4<0000000000000000>, C4<0000000000000000>;
L_000000000656ab40 .functor BUFZ 16, L_00000000066511d0, C4<0000000000000000>, C4<0000000000000000>, C4<0000000000000000>;
L_000000000656abb0 .functor BUFZ 16, L_00000000066523f0, C4<0000000000000000>, C4<0000000000000000>, C4<0000000000000000>;
L_000000000656ac20 .functor BUFZ 16, L_0000000006651770, C4<0000000000000000>, C4<0000000000000000>, C4<0000000000000000>;
L_000000000656a0c0 .functor BUFZ 16, L_0000000006651d10, C4<0000000000000000>, C4<0000000000000000>, C4<0000000000000000>;
L_000000000656ae50 .functor BUFZ 32, L_0000000006652990, C4<00000000000000000000000000000000>, C4<00000000000000000000000000000000>, C4<00000000000000000000000000000000>;
L_000000000656aec0 .functor BUFZ 16, v00000000065e0530_0, C4<0000000000000000>, C4<0000000000000000>, C4<0000000000000000>;
L_000000000656a2f0 .functor BUFZ 16, L_000000000656a750, C4<0000000000000000>, C4<0000000000000000>, C4<0000000000000000>;
L_000000000656b940 .functor XOR 17, L_00000000066532f0, L_00000000066527b0, C4<00000000000000000>, C4<00000000000000000>;
o000000000658dc08 .functor BUFZ 1, C4<z>; HiZ drive
L_000000000656b550 .functor XOR 1, L_0000000006653930, o000000000658dc08, C4<0>, C4<0>;
L_000000000656ba90 .functor XOR 16, L_0000000006654290, L_0000000006652850, C4<0000000000000000>, C4<0000000000000000>;
L_000000000656a130 .functor BUFZ 16, L_0000000006653110, C4<0000000000000000>, C4<0000000000000000>, C4<0000000000000000>;
L_000000000656a1a0 .functor BUFZ 16, v00000000065e1c50_0, C4<0000000000000000>, C4<0000000000000000>, C4<0000000000000000>;
L_000000000656a280 .functor BUFZ 16, L_000000000656aad0, C4<0000000000000000>, C4<0000000000000000>, C4<0000000000000000>;
L_000000000656bda0 .functor XOR 17, L_00000000066543d0, L_00000000066539d0, C4<00000000000000000>, C4<00000000000000000>;
L_000000000656d2a0 .functor XOR 16, L_0000000006653570, L_0000000006652d50, C4<0000000000000000>, C4<0000000000000000>;
L_000000000656cb30 .functor BUFZ 16, L_0000000006654010, C4<0000000000000000>, C4<0000000000000000>, C4<0000000000000000>;
v00000000065dba80_0 .net "A", 15 0, o000000000658db48;  0 drivers
o000000000658db78 .functor BUFZ 1, C4<z>; HiZ drive
v00000000065d9dc0_0 .net "ACCUMCI", 0 0, o000000000658db78;  0 drivers
v00000000065db580_0 .net "ACCUMCO", 0 0, L_0000000006653930;  1 drivers
o000000000658dbd8 .functor BUFZ 1, C4<z>; HiZ drive
v00000000065dbc60_0 .net "ADDSUBBOT", 0 0, o000000000658dbd8;  0 drivers
v00000000065dc160_0 .net "ADDSUBTOP", 0 0, o000000000658dc08;  0 drivers
o000000000658dc38 .functor BUFZ 1, C4<z>; HiZ drive
v00000000065dc200_0 .net "AHOLD", 0 0, o000000000658dc38;  0 drivers
v00000000065d9d20_0 .net "Ah", 15 0, L_0000000006652530;  1 drivers
v00000000065daea0_0 .net "Al", 15 0, L_0000000006651590;  1 drivers
v00000000065db080_0 .net "B", 15 0, o000000000658dcc8;  0 drivers
o000000000658dcf8 .functor BUFZ 1, C4<z>; HiZ drive
v00000000065db120_0 .net "BHOLD", 0 0, o000000000658dcf8;  0 drivers
v00000000065db1c0_0 .net "Bh", 15 0, L_0000000006651c70;  1 drivers
v00000000065dcb60_0 .net "Bl", 15 0, L_0000000006651130;  1 drivers
v00000000065dcfc0_0 .net "C", 15 0, o000000000658dd88;  0 drivers
o000000000658ddb8 .functor BUFZ 1, C4<z>; HiZ drive
v00000000065dd380_0 .net "CE", 0 0, o000000000658ddb8;  0 drivers
o000000000658dde8 .functor BUFZ 1, C4<z>; HiZ drive
v00000000065dd420_0 .net "CHOLD", 0 0, o000000000658dde8;  0 drivers
o000000000658de18 .functor BUFZ 1, C4<z>; HiZ drive
v00000000065dc7a0_0 .net "CI", 0 0, o000000000658de18;  0 drivers
v00000000065dca20_0 .net "CLK", 0 0, o000000000658de48;  0 drivers
v00000000065dc660_0 .net "CO", 0 0, L_000000000656b550;  1 drivers
v00000000065dd560_0 .net "D", 15 0, o000000000658dea8;  0 drivers
o000000000658ded8 .functor BUFZ 1, C4<z>; HiZ drive
v00000000065dd7e0_0 .net "DHOLD", 0 0, o000000000658ded8;  0 drivers
L_0000000006605ef8 .functor BUFT 1, C4<0>, C4<0>, C4<0>, C4<0>;
v00000000065dcac0_0 .net "HCI", 0 0, L_0000000006605ef8;  1 drivers
o000000000658df38 .functor BUFZ 1, C4<z>; HiZ drive
v00000000065dd4c0_0 .net "IRSTBOT", 0 0, o000000000658df38;  0 drivers
o000000000658df68 .functor BUFZ 1, C4<z>; HiZ drive
v00000000065dc340_0 .net "IRSTTOP", 0 0, o000000000658df68;  0 drivers
L_0000000006606018 .functor BUFT 1, C4<0>, C4<0>, C4<0>, C4<0>;
v00000000065dc8e0_0 .net "LCI", 0 0, L_0000000006606018;  1 drivers
v00000000065dc520_0 .net "LCO", 0 0, L_0000000006654470;  1 drivers
v00000000065dc700_0 .net "O", 31 0, L_0000000006652f30;  1 drivers
o000000000658e028 .functor BUFZ 1, C4<z>; HiZ drive
v00000000065dc5c0_0 .net "OHOLDBOT", 0 0, o000000000658e028;  0 drivers
o000000000658e058 .functor BUFZ 1, C4<z>; HiZ drive
v00000000065dd600_0 .net "OHOLDTOP", 0 0, o000000000658e058;  0 drivers
o000000000658e088 .functor BUFZ 1, C4<z>; HiZ drive
v00000000065dd880_0 .net "OLOADBOT", 0 0, o000000000658e088;  0 drivers
o000000000658e0b8 .functor BUFZ 1, C4<z>; HiZ drive
v00000000065dd2e0_0 .net "OLOADTOP", 0 0, o000000000658e0b8;  0 drivers
o000000000658e0e8 .functor BUFZ 1, C4<z>; HiZ drive
v00000000065dc840_0 .net "ORSTBOT", 0 0, o000000000658e0e8;  0 drivers
o000000000658e118 .functor BUFZ 1, C4<z>; HiZ drive
v00000000065dd920_0 .net "ORSTTOP", 0 0, o000000000658e118;  0 drivers
v00000000065dce80_0 .net "Oh", 15 0, L_000000000656a130;  1 drivers
v00000000065dcc00_0 .net "Ol", 15 0, L_000000000656cb30;  1 drivers
o000000000658e1a8 .functor BUFZ 1, C4<z>; HiZ drive
v00000000065dc980_0 .net "SIGNEXTIN", 0 0, o000000000658e1a8;  0 drivers
v00000000065dcca0_0 .net "SIGNEXTOUT", 0 0, L_00000000066531b0;  1 drivers
v00000000065dcd40_0 .net "XW", 15 0, L_0000000006654290;  1 drivers
v00000000065dcde0_0 .net "YZ", 15 0, L_0000000006653570;  1 drivers
v00000000065dcf20_0 .net/2u *"_ivl_0", 0 0, L_00000000066059a0;  1 drivers
v00000000065dd060_0 .net *"_ivl_100", 31 0, L_000000000664ffb0;  1 drivers
L_0000000006605d90 .functor BUFT 1, C4<0000000000000000>, C4<0>, C4<0>, C4<0>;
v00000000065dd100_0 .net *"_ivl_103", 15 0, L_0000000006605d90;  1 drivers
v00000000065dd1a0_0 .net *"_ivl_104", 31 0, L_0000000006650230;  1 drivers
v00000000065dd240_0 .net *"_ivl_106", 15 0, L_0000000006650190;  1 drivers
L_0000000006605dd8 .functor BUFT 1, C4<0000000000000000>, C4<0>, C4<0>, C4<0>;
v00000000065dd6a0_0 .net *"_ivl_108", 15 0, L_0000000006605dd8;  1 drivers
L_00000000066059e8 .functor BUFT 1, C4<00000000>, C4<0>, C4<0>, C4<0>;
v00000000065dd740_0 .net/2u *"_ivl_12", 7 0, L_00000000066059e8;  1 drivers
v00000000065dd9c0_0 .net *"_ivl_121", 16 0, L_0000000006654650;  1 drivers
L_0000000006605e20 .functor BUFT 1, C4<0>, C4<0>, C4<0>, C4<0>;
v00000000065dc3e0_0 .net *"_ivl_124", 0 0, L_0000000006605e20;  1 drivers
v00000000065dc480_0 .net *"_ivl_125", 16 0, L_00000000066532f0;  1 drivers
L_0000000006605e68 .functor BUFT 1, C4<0>, C4<0>, C4<0>, C4<0>;
v00000000065de7d0_0 .net *"_ivl_128", 0 0, L_0000000006605e68;  1 drivers
v00000000065df770_0 .net *"_ivl_129", 15 0, L_0000000006652e90;  1 drivers
v00000000065df9f0_0 .net *"_ivl_131", 16 0, L_00000000066527b0;  1 drivers
L_0000000006605eb0 .functor BUFT 1, C4<0>, C4<0>, C4<0>, C4<0>;
v00000000065ddd30_0 .net *"_ivl_134", 0 0, L_0000000006605eb0;  1 drivers
v00000000065df310_0 .net *"_ivl_135", 16 0, L_000000000656b940;  1 drivers
v00000000065de410_0 .net *"_ivl_137", 16 0, L_0000000006653890;  1 drivers
L_0000000006606138 .functor BUFT 1, C4<00000000000000000>, C4<0>, C4<0>, C4<0>;
v00000000065df3b0_0 .net *"_ivl_139", 16 0, L_0000000006606138;  1 drivers
v00000000065de870_0 .net *"_ivl_143", 16 0, L_0000000006654790;  1 drivers
v00000000065de690_0 .net *"_ivl_147", 15 0, L_0000000006652850;  1 drivers
v00000000065dfdb0_0 .net *"_ivl_149", 15 0, L_000000000656ba90;  1 drivers
v00000000065def50_0 .net *"_ivl_15", 7 0, L_0000000006650ff0;  1 drivers
v00000000065deff0_0 .net *"_ivl_168", 16 0, L_0000000006653250;  1 drivers
L_0000000006605f40 .functor BUFT 1, C4<0>, C4<0>, C4<0>, C4<0>;
v00000000065dde70_0 .net *"_ivl_171", 0 0, L_0000000006605f40;  1 drivers
v00000000065ddf10_0 .net *"_ivl_172", 16 0, L_00000000066543d0;  1 drivers
L_0000000006605f88 .functor BUFT 1, C4<0>, C4<0>, C4<0>, C4<0>;
v00000000065df090_0 .net *"_ivl_175", 0 0, L_0000000006605f88;  1 drivers
v00000000065df630_0 .net *"_ivl_176", 15 0, L_00000000066548d0;  1 drivers
v00000000065dfb30_0 .net *"_ivl_178", 16 0, L_00000000066539d0;  1 drivers
L_0000000006605a30 .functor BUFT 1, C4<00000000>, C4<0>, C4<0>, C4<0>;
v00000000065df450_0 .net/2u *"_ivl_18", 7 0, L_0000000006605a30;  1 drivers
L_0000000006605fd0 .functor BUFT 1, C4<0>, C4<0>, C4<0>, C4<0>;
v00000000065df6d0_0 .net *"_ivl_181", 0 0, L_0000000006605fd0;  1 drivers
v00000000065de910_0 .net *"_ivl_182", 16 0, L_000000000656bda0;  1 drivers
v00000000065de9b0_0 .net *"_ivl_184", 16 0, L_0000000006653390;  1 drivers
L_0000000006606180 .functor BUFT 1, C4<00000000000000000>, C4<0>, C4<0>, C4<0>;
v00000000065df1d0_0 .net *"_ivl_186", 16 0, L_0000000006606180;  1 drivers
v00000000065decd0_0 .net *"_ivl_190", 16 0, L_00000000066546f0;  1 drivers
v00000000065dec30_0 .net *"_ivl_192", 15 0, L_0000000006652d50;  1 drivers
v00000000065df8b0_0 .net *"_ivl_194", 15 0, L_000000000656d2a0;  1 drivers
v00000000065df4f0_0 .net *"_ivl_21", 7 0, L_000000000664fdd0;  1 drivers
L_0000000006605a78 .functor BUFT 1, C4<00000000>, C4<0>, C4<0>, C4<0>;
v00000000065de4b0_0 .net/2u *"_ivl_24", 7 0, L_0000000006605a78;  1 drivers
v00000000065de370_0 .net *"_ivl_27", 7 0, L_0000000006652490;  1 drivers
L_0000000006605ac0 .functor BUFT 1, C4<00000000>, C4<0>, C4<0>, C4<0>;
v00000000065df950_0 .net/2u *"_ivl_30", 7 0, L_0000000006605ac0;  1 drivers
v00000000065dfe50_0 .net *"_ivl_33", 7 0, L_0000000006650050;  1 drivers
L_0000000006605b08 .functor BUFT 1, C4<00000000>, C4<0>, C4<0>, C4<0>;
v00000000065de550_0 .net/2u *"_ivl_38", 7 0, L_0000000006605b08;  1 drivers
v00000000065de730_0 .net *"_ivl_41", 7 0, L_0000000006652030;  1 drivers
v00000000065dddd0_0 .net *"_ivl_42", 15 0, L_0000000006652350;  1 drivers
L_0000000006605b50 .functor BUFT 1, C4<00000000>, C4<0>, C4<0>, C4<0>;
v00000000065df590_0 .net/2u *"_ivl_46", 7 0, L_0000000006605b50;  1 drivers
v00000000065ddc90_0 .net *"_ivl_49", 7 0, L_0000000006651630;  1 drivers
v00000000065df810_0 .net *"_ivl_50", 15 0, L_00000000066520d0;  1 drivers
L_0000000006605b98 .functor BUFT 1, C4<00000000>, C4<0>, C4<0>, C4<0>;
v00000000065dfa90_0 .net/2u *"_ivl_64", 7 0, L_0000000006605b98;  1 drivers
L_0000000006605be0 .functor BUFT 1, C4<00000000>, C4<0>, C4<0>, C4<0>;
v00000000065dfbd0_0 .net/2u *"_ivl_68", 7 0, L_0000000006605be0;  1 drivers
v00000000065df130_0 .net *"_ivl_72", 31 0, L_0000000006651e50;  1 drivers
L_0000000006605c28 .functor BUFT 1, C4<0000000000000000>, C4<0>, C4<0>, C4<0>;
v00000000065dfc70_0 .net *"_ivl_75", 15 0, L_0000000006605c28;  1 drivers
v00000000065de2d0_0 .net *"_ivl_76", 31 0, L_00000000066519f0;  1 drivers
L_0000000006605c70 .functor BUFT 1, C4<00000000>, C4<0>, C4<0>, C4<0>;
v00000000065dea50_0 .net *"_ivl_79", 7 0, L_0000000006605c70;  1 drivers
v00000000065dfd10_0 .net *"_ivl_80", 31 0, L_0000000006651a90;  1 drivers
v00000000065de5f0_0 .net *"_ivl_82", 23 0, L_000000000664fe70;  1 drivers
L_0000000006605cb8 .functor BUFT 1, C4<00000000>, C4<0>, C4<0>, C4<0>;
v00000000065df270_0 .net *"_ivl_84", 7 0, L_0000000006605cb8;  1 drivers
v00000000065dfef0_0 .net *"_ivl_86", 31 0, L_0000000006651b30;  1 drivers
v00000000065dff90_0 .net *"_ivl_88", 31 0, L_0000000006651ef0;  1 drivers
L_0000000006605d00 .functor BUFT 1, C4<00000000>, C4<0>, C4<0>, C4<0>;
v00000000065e0030_0 .net *"_ivl_91", 7 0, L_0000000006605d00;  1 drivers
v00000000065e02b0_0 .net *"_ivl_92", 31 0, L_0000000006652210;  1 drivers
v00000000065ddb50_0 .net *"_ivl_94", 23 0, L_0000000006651f90;  1 drivers
L_0000000006605d48 .functor BUFT 1, C4<00000000>, C4<0>, C4<0>, C4<0>;
v00000000065ded70_0 .net *"_ivl_96", 7 0, L_0000000006605d48;  1 drivers
v00000000065deaf0_0 .net *"_ivl_98", 31 0, L_000000000664ff10;  1 drivers
v00000000065deb90_0 .net "clock", 0 0, L_000000000656ac90;  1 drivers
v00000000065e00d0_0 .net "iA", 15 0, L_000000000656a750;  1 drivers
v00000000065e0210_0 .net "iB", 15 0, L_000000000656aad0;  1 drivers
v00000000065de190_0 .net "iC", 15 0, L_000000000656a6e0;  1 drivers
v00000000065dee10_0 .net "iD", 15 0, L_000000000656b9b0;  1 drivers
v00000000065deeb0_0 .net "iF", 15 0, L_000000000656ab40;  1 drivers
v00000000065e0170_0 .net "iG", 15 0, L_000000000656a0c0;  1 drivers
v00000000065ddbf0_0 .net "iH", 31 0, L_000000000656ae50;  1 drivers
v00000000065de230_0 .net "iJ", 15 0, L_000000000656abb0;  1 drivers
v00000000065ddfb0_0 .net "iJ_e", 23 0, L_0000000006651950;  1 drivers
v00000000065de050_0 .net "iK", 15 0, L_000000000656ac20;  1 drivers
v00000000065de0f0_0 .net "iK_e", 23 0, L_0000000006652170;  1 drivers
v00000000065e2830_0 .net "iL", 31 0, L_0000000006652990;  1 drivers
v00000000065e08f0_0 .net "iP", 15 0, L_0000000006653110;  1 drivers
v00000000065e2970_0 .net "iQ", 15 0, v00000000065e0530_0;  1 drivers
v00000000065e2650_0 .net "iR", 15 0, L_0000000006654010;  1 drivers
v00000000065e1070_0 .net "iS", 15 0, v00000000065e1c50_0;  1 drivers
v00000000065e11b0_0 .net "iW", 15 0, L_000000000656aec0;  1 drivers
v00000000065e12f0_0 .net "iX", 15 0, L_000000000656a2f0;  1 drivers
v00000000065e1b10_0 .net "iY", 15 0, L_000000000656a1a0;  1 drivers
v00000000065e1e30_0 .net "iZ", 15 0, L_000000000656a280;  1 drivers
v00000000065e1110_0 .net "p_Ah_Bh", 15 0, L_00000000066511d0;  1 drivers
v00000000065e1250_0 .net "p_Ah_Bl", 15 0, L_0000000006651770;  1 drivers
v00000000065e19d0_0 .net "p_Al_Bh", 15 0, L_00000000066523f0;  1 drivers
v00000000065e14d0_0 .net "p_Al_Bl", 15 0, L_0000000006651d10;  1 drivers
v00000000065e1430_0 .var "rA", 15 0;
v00000000065e20b0_0 .var "rB", 15 0;
v00000000065e1bb0_0 .var "rC", 15 0;
v00000000065e0cb0_0 .var "rD", 15 0;
v00000000065e0b70_0 .var "rF", 15 0;
v00000000065e2150_0 .var "rG", 15 0;
v00000000065e26f0_0 .var "rH", 31 0;
v00000000065e0c10_0 .var "rJ", 15 0;
v00000000065e0f30_0 .var "rK", 15 0;
v00000000065e0530_0 .var "rQ", 15 0;
v00000000065e1c50_0 .var "rS", 15 0;
E_000000000653f510 .event posedge, v00000000065dc840_0, v00000000065deb90_0;
E_000000000653ebd0 .event posedge, v00000000065dd920_0, v00000000065deb90_0;
E_000000000653f6d0 .event posedge, v00000000065dd4c0_0, v00000000065deb90_0;
E_000000000653f5d0 .event posedge, v00000000065dc340_0, v00000000065deb90_0;
L_0000000006650ff0 .part L_000000000656a750, 8, 8;
L_0000000006652530 .concat [ 8 8 0 0], L_0000000006650ff0, L_00000000066059e8;
L_000000000664fdd0 .part L_000000000656a750, 0, 8;
L_0000000006651590 .concat [ 8 8 0 0], L_000000000664fdd0, L_0000000006605a30;
L_0000000006652490 .part L_000000000656aad0, 8, 8;
L_0000000006651c70 .concat [ 8 8 0 0], L_0000000006652490, L_0000000006605a78;
L_0000000006650050 .part L_000000000656aad0, 0, 8;
L_0000000006651130 .concat [ 8 8 0 0], L_0000000006650050, L_0000000006605ac0;
L_00000000066511d0 .arith/mult 16, L_0000000006652530, L_0000000006651c70;
L_0000000006652030 .part L_0000000006651590, 0, 8;
L_0000000006652350 .concat [ 8 8 0 0], L_0000000006652030, L_0000000006605b08;
L_00000000066523f0 .arith/mult 16, L_0000000006652350, L_0000000006651c70;
L_0000000006651630 .part L_0000000006651130, 0, 8;
L_00000000066520d0 .concat [ 8 8 0 0], L_0000000006651630, L_0000000006605b50;
L_0000000006651770 .arith/mult 16, L_0000000006652530, L_00000000066520d0;
L_0000000006651d10 .arith/mult 16, L_0000000006651590, L_0000000006651130;
L_0000000006652170 .concat [ 16 8 0 0], L_000000000656ac20, L_0000000006605b98;
L_0000000006651950 .concat [ 16 8 0 0], L_000000000656abb0, L_0000000006605be0;
L_0000000006651e50 .concat [ 16 16 0 0], L_000000000656a0c0, L_0000000006605c28;
L_00000000066519f0 .concat [ 24 8 0 0], L_0000000006652170, L_0000000006605c70;
L_000000000664fe70 .part L_00000000066519f0, 0, 24;
L_0000000006651a90 .concat [ 8 24 0 0], L_0000000006605cb8, L_000000000664fe70;
L_0000000006651b30 .arith/sum 32, L_0000000006651e50, L_0000000006651a90;
L_0000000006651ef0 .concat [ 24 8 0 0], L_0000000006651950, L_0000000006605d00;
L_0000000006651f90 .part L_0000000006651ef0, 0, 24;
L_0000000006652210 .concat [ 8 24 0 0], L_0000000006605d48, L_0000000006651f90;
L_000000000664ff10 .arith/sum 32, L_0000000006651b30, L_0000000006652210;
L_000000000664ffb0 .concat [ 16 16 0 0], L_000000000656ab40, L_0000000006605d90;
L_0000000006650190 .part L_000000000664ffb0, 0, 16;
L_0000000006650230 .concat [ 16 16 0 0], L_0000000006605dd8, L_0000000006650190;
L_0000000006652990 .arith/sum 32, L_000000000664ff10, L_0000000006650230;
L_0000000006653930 .part L_0000000006654790, 16, 1;
L_0000000006654290 .part L_0000000006654790, 0, 16;
L_0000000006654650 .concat [ 16 1 0 0], L_000000000656a2f0, L_0000000006605e20;
L_00000000066532f0 .concat [ 16 1 0 0], L_000000000656aec0, L_0000000006605e68;
LS_0000000006652e90_0_0 .concat [ 1 1 1 1], o000000000658dc08, o000000000658dc08, o000000000658dc08, o000000000658dc08;
LS_0000000006652e90_0_4 .concat [ 1 1 1 1], o000000000658dc08, o000000000658dc08, o000000000658dc08, o000000000658dc08;
LS_0000000006652e90_0_8 .concat [ 1 1 1 1], o000000000658dc08, o000000000658dc08, o000000000658dc08, o000000000658dc08;
LS_0000000006652e90_0_12 .concat [ 1 1 1 1], o000000000658dc08, o000000000658dc08, o000000000658dc08, o000000000658dc08;
L_0000000006652e90 .concat [ 4 4 4 4], LS_0000000006652e90_0_0, LS_0000000006652e90_0_4, LS_0000000006652e90_0_8, LS_0000000006652e90_0_12;
L_00000000066527b0 .concat [ 16 1 0 0], L_0000000006652e90, L_0000000006605eb0;
L_0000000006653890 .arith/sum 17, L_0000000006654650, L_000000000656b940;
L_0000000006654790 .arith/sum 17, L_0000000006653890, L_0000000006606138;
LS_0000000006652850_0_0 .concat [ 1 1 1 1], o000000000658dc08, o000000000658dc08, o000000000658dc08, o000000000658dc08;
LS_0000000006652850_0_4 .concat [ 1 1 1 1], o000000000658dc08, o000000000658dc08, o000000000658dc08, o000000000658dc08;
LS_0000000006652850_0_8 .concat [ 1 1 1 1], o000000000658dc08, o000000000658dc08, o000000000658dc08, o000000000658dc08;
LS_0000000006652850_0_12 .concat [ 1 1 1 1], o000000000658dc08, o000000000658dc08, o000000000658dc08, o000000000658dc08;
L_0000000006652850 .concat [ 4 4 4 4], LS_0000000006652850_0_0, LS_0000000006652850_0_4, LS_0000000006652850_0_8, LS_0000000006652850_0_12;
L_0000000006653110 .functor MUXZ 16, L_000000000656ba90, L_000000000656a6e0, o000000000658e0b8, C4<>;
L_00000000066531b0 .part L_000000000656a2f0, 15, 1;
L_0000000006654470 .part L_00000000066546f0, 16, 1;
L_0000000006653570 .part L_00000000066546f0, 0, 16;
L_0000000006653250 .concat [ 16 1 0 0], L_000000000656a280, L_0000000006605f40;
L_00000000066543d0 .concat [ 16 1 0 0], L_000000000656a1a0, L_0000000006605f88;
LS_00000000066548d0_0_0 .concat [ 1 1 1 1], o000000000658dbd8, o000000000658dbd8, o000000000658dbd8, o000000000658dbd8;
LS_00000000066548d0_0_4 .concat [ 1 1 1 1], o000000000658dbd8, o000000000658dbd8, o000000000658dbd8, o000000000658dbd8;
LS_00000000066548d0_0_8 .concat [ 1 1 1 1], o000000000658dbd8, o000000000658dbd8, o000000000658dbd8, o000000000658dbd8;
LS_00000000066548d0_0_12 .concat [ 1 1 1 1], o000000000658dbd8, o000000000658dbd8, o000000000658dbd8, o000000000658dbd8;
L_00000000066548d0 .concat [ 4 4 4 4], LS_00000000066548d0_0_0, LS_00000000066548d0_0_4, LS_00000000066548d0_0_8, LS_00000000066548d0_0_12;
L_00000000066539d0 .concat [ 16 1 0 0], L_00000000066548d0, L_0000000006605fd0;
L_0000000006653390 .arith/sum 17, L_0000000006653250, L_000000000656bda0;
L_00000000066546f0 .arith/sum 17, L_0000000006653390, L_0000000006606180;
LS_0000000006652d50_0_0 .concat [ 1 1 1 1], o000000000658dbd8, o000000000658dbd8, o000000000658dbd8, o000000000658dbd8;
LS_0000000006652d50_0_4 .concat [ 1 1 1 1], o000000000658dbd8, o000000000658dbd8, o000000000658dbd8, o000000000658dbd8;
LS_0000000006652d50_0_8 .concat [ 1 1 1 1], o000000000658dbd8, o000000000658dbd8, o000000000658dbd8, o000000000658dbd8;
LS_0000000006652d50_0_12 .concat [ 1 1 1 1], o000000000658dbd8, o000000000658dbd8, o000000000658dbd8, o000000000658dbd8;
L_0000000006652d50 .concat [ 4 4 4 4], LS_0000000006652d50_0_0, LS_0000000006652d50_0_4, LS_0000000006652d50_0_8, LS_0000000006652d50_0_12;
L_0000000006654010 .functor MUXZ 16, L_000000000656d2a0, L_000000000656b9b0, o000000000658e088, C4<>;
L_0000000006652f30 .concat [ 16 16 0 0], L_000000000656cb30, L_000000000656a130;
S_000000000657cb90 .scope module, "SB_PLL40_2F_CORE" "SB_PLL40_2F_CORE" 2 2521;
 .timescale -12 -12;
    .port_info 0 /INPUT 1 "REFERENCECLK";
    .port_info 1 /OUTPUT 1 "PLLOUTCOREA";
    .port_info 2 /OUTPUT 1 "PLLOUTGLOBALA";
    .port_info 3 /OUTPUT 1 "PLLOUTCOREB";
    .port_info 4 /OUTPUT 1 "PLLOUTGLOBALB";
    .port_info 5 /INPUT 1 "EXTFEEDBACK";
    .port_info 6 /INPUT 8 "DYNAMICDELAY";
    .port_info 7 /OUTPUT 1 "LOCK";
    .port_info 8 /INPUT 1 "BYPASS";
    .port_info 9 /INPUT 1 "RESETB";
    .port_info 10 /INPUT 1 "LATCHINPUTVALUE";
    .port_info 11 /OUTPUT 1 "SDO";
    .port_info 12 /INPUT 1 "SDI";
    .port_info 13 /INPUT 1 "SCLK";
P_0000000004adef00 .param/str "DELAY_ADJUSTMENT_MODE_FEEDBACK" 0 2 2538, "FIXED";
P_0000000004adef38 .param/str "DELAY_ADJUSTMENT_MODE_RELATIVE" 0 2 2539, "FIXED";
P_0000000004adef70 .param/l "DIVF" 0 2 2546, C4<0000000>;
P_0000000004adefa8 .param/l "DIVQ" 0 2 2547, C4<000>;
P_0000000004adefe0 .param/l "DIVR" 0 2 2545, C4<0000>;
P_0000000004adf018 .param/l "ENABLE_ICEGATE_PORTA" 0 2 2549, C4<0>;
P_0000000004adf050 .param/l "ENABLE_ICEGATE_PORTB" 0 2 2550, C4<0>;
P_0000000004adf088 .param/l "EXTERNAL_DIVIDE_FACTOR" 0 2 2552, +C4<00000000000000000000000000000001>;
P_0000000004adf0c0 .param/l "FDA_FEEDBACK" 0 2 2541, C4<0000>;
P_0000000004adf0f8 .param/l "FDA_RELATIVE" 0 2 2542, C4<0000>;
P_0000000004adf130 .param/str "FEEDBACK_PATH" 0 2 2537, "SIMPLE";
P_0000000004adf168 .param/l "FILTER_RANGE" 0 2 2548, C4<000>;
P_0000000004adf1a0 .param/str "PLLOUT_SELECT_PORTA" 0 2 2543, "GENCLK";
P_0000000004adf1d8 .param/str "PLLOUT_SELECT_PORTB" 0 2 2544, "GENCLK";
P_0000000004adf210 .param/l "SHIFTREG_DIV_MODE" 0 2 2540, C4<0>;
P_0000000004adf248 .param/l "TEST_MODE" 0 2 2551, C4<0>;
o000000000658f9d8 .functor BUFZ 1, C4<z>; HiZ drive
v00000000065e2a10_0 .net "BYPASS", 0 0, o000000000658f9d8;  0 drivers
o000000000658fa08 .functor BUFZ 8, C4<zzzzzzzz>; HiZ drive
v00000000065e0a30_0 .net "DYNAMICDELAY", 7 0, o000000000658fa08;  0 drivers
o000000000658fa38 .functor BUFZ 1, C4<z>; HiZ drive
v00000000065e0d50_0 .net "EXTFEEDBACK", 0 0, o000000000658fa38;  0 drivers
o000000000658fa68 .functor BUFZ 1, C4<z>; HiZ drive
v00000000065e1cf0_0 .net "LATCHINPUTVALUE", 0 0, o000000000658fa68;  0 drivers
o000000000658fa98 .functor BUFZ 1, C4<z>; HiZ drive
v00000000065e1a70_0 .net "LOCK", 0 0, o000000000658fa98;  0 drivers
o000000000658fac8 .functor BUFZ 1, C4<z>; HiZ drive
v00000000065e21f0_0 .net "PLLOUTCOREA", 0 0, o000000000658fac8;  0 drivers
o000000000658faf8 .functor BUFZ 1, C4<z>; HiZ drive
v00000000065e0850_0 .net "PLLOUTCOREB", 0 0, o000000000658faf8;  0 drivers
o000000000658fb28 .functor BUFZ 1, C4<z>; HiZ drive
v00000000065e2ab0_0 .net "PLLOUTGLOBALA", 0 0, o000000000658fb28;  0 drivers
o000000000658fb58 .functor BUFZ 1, C4<z>; HiZ drive
v00000000065e1f70_0 .net "PLLOUTGLOBALB", 0 0, o000000000658fb58;  0 drivers
o000000000658fb88 .functor BUFZ 1, C4<z>; HiZ drive
v00000000065e1d90_0 .net "REFERENCECLK", 0 0, o000000000658fb88;  0 drivers
o000000000658fbb8 .functor BUFZ 1, C4<z>; HiZ drive
v00000000065e17f0_0 .net "RESETB", 0 0, o000000000658fbb8;  0 drivers
o000000000658fbe8 .functor BUFZ 1, C4<z>; HiZ drive
v00000000065e07b0_0 .net "SCLK", 0 0, o000000000658fbe8;  0 drivers
o000000000658fc18 .functor BUFZ 1, C4<z>; HiZ drive
v00000000065e1390_0 .net "SDI", 0 0, o000000000658fc18;  0 drivers
o000000000658fc48 .functor BUFZ 1, C4<z>; HiZ drive
v00000000065e16b0_0 .net "SDO", 0 0, o000000000658fc48;  0 drivers
S_000000000657b5b0 .scope module, "SB_PLL40_2F_PAD" "SB_PLL40_2F_PAD" 2 2556;
 .timescale -12 -12;
    .port_info 0 /INPUT 1 "PACKAGEPIN";
    .port_info 1 /OUTPUT 1 "PLLOUTCOREA";
    .port_info 2 /OUTPUT 1 "PLLOUTGLOBALA";
    .port_info 3 /OUTPUT 1 "PLLOUTCOREB";
    .port_info 4 /OUTPUT 1 "PLLOUTGLOBALB";
    .port_info 5 /INPUT 1 "EXTFEEDBACK";
    .port_info 6 /INPUT 8 "DYNAMICDELAY";
    .port_info 7 /OUTPUT 1 "LOCK";
    .port_info 8 /INPUT 1 "BYPASS";
    .port_info 9 /INPUT 1 "RESETB";
    .port_info 10 /INPUT 1 "LATCHINPUTVALUE";
    .port_info 11 /OUTPUT 1 "SDO";
    .port_info 12 /INPUT 1 "SDI";
    .port_info 13 /INPUT 1 "SCLK";
P_0000000004ad7970 .param/str "DELAY_ADJUSTMENT_MODE_FEEDBACK" 0 2 2573, "FIXED";
P_0000000004ad79a8 .param/str "DELAY_ADJUSTMENT_MODE_RELATIVE" 0 2 2574, "FIXED";
P_0000000004ad79e0 .param/l "DIVF" 0 2 2581, C4<0000000>;
P_0000000004ad7a18 .param/l "DIVQ" 0 2 2582, C4<000>;
P_0000000004ad7a50 .param/l "DIVR" 0 2 2580, C4<0000>;
P_0000000004ad7a88 .param/l "ENABLE_ICEGATE_PORTA" 0 2 2584, C4<0>;
P_0000000004ad7ac0 .param/l "ENABLE_ICEGATE_PORTB" 0 2 2585, C4<0>;
P_0000000004ad7af8 .param/l "EXTERNAL_DIVIDE_FACTOR" 0 2 2587, +C4<00000000000000000000000000000001>;
P_0000000004ad7b30 .param/l "FDA_FEEDBACK" 0 2 2576, C4<0000>;
P_0000000004ad7b68 .param/l "FDA_RELATIVE" 0 2 2577, C4<0000>;
P_0000000004ad7ba0 .param/str "FEEDBACK_PATH" 0 2 2572, "SIMPLE";
P_0000000004ad7bd8 .param/l "FILTER_RANGE" 0 2 2583, C4<000>;
P_0000000004ad7c10 .param/str "PLLOUT_SELECT_PORTA" 0 2 2578, "GENCLK";
P_0000000004ad7c48 .param/str "PLLOUT_SELECT_PORTB" 0 2 2579, "GENCLK";
P_0000000004ad7c80 .param/l "SHIFTREG_DIV_MODE" 0 2 2575, C4<00>;
P_0000000004ad7cb8 .param/l "TEST_MODE" 0 2 2586, C4<0>;
o000000000658ff18 .functor BUFZ 1, C4<z>; HiZ drive
v00000000065e1ed0_0 .net "BYPASS", 0 0, o000000000658ff18;  0 drivers
o000000000658ff48 .functor BUFZ 8, C4<zzzzzzzz>; HiZ drive
v00000000065e1570_0 .net "DYNAMICDELAY", 7 0, o000000000658ff48;  0 drivers
o000000000658ff78 .functor BUFZ 1, C4<z>; HiZ drive
v00000000065e03f0_0 .net "EXTFEEDBACK", 0 0, o000000000658ff78;  0 drivers
o000000000658ffa8 .functor BUFZ 1, C4<z>; HiZ drive
v00000000065e2790_0 .net "LATCHINPUTVALUE", 0 0, o000000000658ffa8;  0 drivers
o000000000658ffd8 .functor BUFZ 1, C4<z>; HiZ drive
v00000000065e0350_0 .net "LOCK", 0 0, o000000000658ffd8;  0 drivers
o0000000006590008 .functor BUFZ 1, C4<z>; HiZ drive
v00000000065e2330_0 .net "PACKAGEPIN", 0 0, o0000000006590008;  0 drivers
o0000000006590038 .functor BUFZ 1, C4<z>; HiZ drive
v00000000065e1610_0 .net "PLLOUTCOREA", 0 0, o0000000006590038;  0 drivers
o0000000006590068 .functor BUFZ 1, C4<z>; HiZ drive
v00000000065e05d0_0 .net "PLLOUTCOREB", 0 0, o0000000006590068;  0 drivers
o0000000006590098 .functor BUFZ 1, C4<z>; HiZ drive
v00000000065e0490_0 .net "PLLOUTGLOBALA", 0 0, o0000000006590098;  0 drivers
o00000000065900c8 .functor BUFZ 1, C4<z>; HiZ drive
v00000000065e0710_0 .net "PLLOUTGLOBALB", 0 0, o00000000065900c8;  0 drivers
o00000000065900f8 .functor BUFZ 1, C4<z>; HiZ drive
v00000000065e28d0_0 .net "RESETB", 0 0, o00000000065900f8;  0 drivers
o0000000006590128 .functor BUFZ 1, C4<z>; HiZ drive
v00000000065e1750_0 .net "SCLK", 0 0, o0000000006590128;  0 drivers
o0000000006590158 .functor BUFZ 1, C4<z>; HiZ drive
v00000000065e0670_0 .net "SDI", 0 0, o0000000006590158;  0 drivers
o0000000006590188 .functor BUFZ 1, C4<z>; HiZ drive
v00000000065e1890_0 .net "SDO", 0 0, o0000000006590188;  0 drivers
S_000000000657c550 .scope module, "SB_PLL40_2_PAD" "SB_PLL40_2_PAD" 2 2487;
 .timescale -12 -12;
    .port_info 0 /INPUT 1 "PACKAGEPIN";
    .port_info 1 /OUTPUT 1 "PLLOUTCOREA";
    .port_info 2 /OUTPUT 1 "PLLOUTGLOBALA";
    .port_info 3 /OUTPUT 1 "PLLOUTCOREB";
    .port_info 4 /OUTPUT 1 "PLLOUTGLOBALB";
    .port_info 5 /INPUT 1 "EXTFEEDBACK";
    .port_info 6 /INPUT 8 "DYNAMICDELAY";
    .port_info 7 /OUTPUT 1 "LOCK";
    .port_info 8 /INPUT 1 "BYPASS";
    .port_info 9 /INPUT 1 "RESETB";
    .port_info 10 /INPUT 1 "LATCHINPUTVALUE";
    .port_info 11 /OUTPUT 1 "SDO";
    .port_info 12 /INPUT 1 "SDI";
    .port_info 13 /INPUT 1 "SCLK";
P_0000000004adca20 .param/str "DELAY_ADJUSTMENT_MODE_FEEDBACK" 0 2 2504, "FIXED";
P_0000000004adca58 .param/str "DELAY_ADJUSTMENT_MODE_RELATIVE" 0 2 2505, "FIXED";
P_0000000004adca90 .param/l "DIVF" 0 2 2511, C4<0000000>;
P_0000000004adcac8 .param/l "DIVQ" 0 2 2512, C4<000>;
P_0000000004adcb00 .param/l "DIVR" 0 2 2510, C4<0000>;
P_0000000004adcb38 .param/l "ENABLE_ICEGATE_PORTA" 0 2 2514, C4<0>;
P_0000000004adcb70 .param/l "ENABLE_ICEGATE_PORTB" 0 2 2515, C4<0>;
P_0000000004adcba8 .param/l "EXTERNAL_DIVIDE_FACTOR" 0 2 2517, +C4<00000000000000000000000000000001>;
P_0000000004adcbe0 .param/l "FDA_FEEDBACK" 0 2 2507, C4<0000>;
P_0000000004adcc18 .param/l "FDA_RELATIVE" 0 2 2508, C4<0000>;
P_0000000004adcc50 .param/str "FEEDBACK_PATH" 0 2 2503, "SIMPLE";
P_0000000004adcc88 .param/l "FILTER_RANGE" 0 2 2513, C4<000>;
P_0000000004adccc0 .param/str "PLLOUT_SELECT_PORTB" 0 2 2509, "GENCLK";
P_0000000004adccf8 .param/l "SHIFTREG_DIV_MODE" 0 2 2506, C4<0>;
P_0000000004adcd30 .param/l "TEST_MODE" 0 2 2516, C4<0>;
o0000000006590458 .functor BUFZ 1, C4<z>; HiZ drive
v00000000065e0990_0 .net "BYPASS", 0 0, o0000000006590458;  0 drivers
o0000000006590488 .functor BUFZ 8, C4<zzzzzzzz>; HiZ drive
v00000000065e0e90_0 .net "DYNAMICDELAY", 7 0, o0000000006590488;  0 drivers
o00000000065904b8 .functor BUFZ 1, C4<z>; HiZ drive
v00000000065e0ad0_0 .net "EXTFEEDBACK", 0 0, o00000000065904b8;  0 drivers
o00000000065904e8 .functor BUFZ 1, C4<z>; HiZ drive
v00000000065e0df0_0 .net "LATCHINPUTVALUE", 0 0, o00000000065904e8;  0 drivers
o0000000006590518 .functor BUFZ 1, C4<z>; HiZ drive
v00000000065e0fd0_0 .net "LOCK", 0 0, o0000000006590518;  0 drivers
o0000000006590548 .functor BUFZ 1, C4<z>; HiZ drive
v00000000065e1930_0 .net "PACKAGEPIN", 0 0, o0000000006590548;  0 drivers
o0000000006590578 .functor BUFZ 1, C4<z>; HiZ drive
v00000000065e2010_0 .net "PLLOUTCOREA", 0 0, o0000000006590578;  0 drivers
o00000000065905a8 .functor BUFZ 1, C4<z>; HiZ drive
v00000000065e23d0_0 .net "PLLOUTCOREB", 0 0, o00000000065905a8;  0 drivers
o00000000065905d8 .functor BUFZ 1, C4<z>; HiZ drive
v00000000065e2290_0 .net "PLLOUTGLOBALA", 0 0, o00000000065905d8;  0 drivers
o0000000006590608 .functor BUFZ 1, C4<z>; HiZ drive
v00000000065e2470_0 .net "PLLOUTGLOBALB", 0 0, o0000000006590608;  0 drivers
o0000000006590638 .functor BUFZ 1, C4<z>; HiZ drive
v00000000065e2510_0 .net "RESETB", 0 0, o0000000006590638;  0 drivers
o0000000006590668 .functor BUFZ 1, C4<z>; HiZ drive
v00000000065e25b0_0 .net "SCLK", 0 0, o0000000006590668;  0 drivers
o0000000006590698 .functor BUFZ 1, C4<z>; HiZ drive
v00000000065e4d10_0 .net "SDI", 0 0, o0000000006590698;  0 drivers
o00000000065906c8 .functor BUFZ 1, C4<z>; HiZ drive
v00000000065e52b0_0 .net "SDO", 0 0, o00000000065906c8;  0 drivers
S_000000000657cd20 .scope module, "SB_PLL40_CORE" "SB_PLL40_CORE" 2 2425;
 .timescale -12 -12;
    .port_info 0 /INPUT 1 "REFERENCECLK";
    .port_info 1 /OUTPUT 1 "PLLOUTCORE";
    .port_info 2 /OUTPUT 1 "PLLOUTGLOBAL";
    .port_info 3 /INPUT 1 "EXTFEEDBACK";
    .port_info 4 /INPUT 8 "DYNAMICDELAY";
    .port_info 5 /OUTPUT 1 "LOCK";
    .port_info 6 /INPUT 1 "BYPASS";
    .port_info 7 /INPUT 1 "RESETB";
    .port_info 8 /INPUT 1 "LATCHINPUTVALUE";
    .port_info 9 /OUTPUT 1 "SDO";
    .port_info 10 /INPUT 1 "SDI";
    .port_info 11 /INPUT 1 "SCLK";
P_0000000004ad8140 .param/str "DELAY_ADJUSTMENT_MODE_FEEDBACK" 0 2 2440, "FIXED";
P_0000000004ad8178 .param/str "DELAY_ADJUSTMENT_MODE_RELATIVE" 0 2 2441, "FIXED";
P_0000000004ad81b0 .param/l "DIVF" 0 2 2447, C4<0000000>;
P_0000000004ad81e8 .param/l "DIVQ" 0 2 2448, C4<000>;
P_0000000004ad8220 .param/l "DIVR" 0 2 2446, C4<0000>;
P_0000000004ad8258 .param/l "ENABLE_ICEGATE" 0 2 2450, C4<0>;
P_0000000004ad8290 .param/l "EXTERNAL_DIVIDE_FACTOR" 0 2 2452, +C4<00000000000000000000000000000001>;
P_0000000004ad82c8 .param/l "FDA_FEEDBACK" 0 2 2443, C4<0000>;
P_0000000004ad8300 .param/l "FDA_RELATIVE" 0 2 2444, C4<0000>;
P_0000000004ad8338 .param/str "FEEDBACK_PATH" 0 2 2439, "SIMPLE";
P_0000000004ad8370 .param/l "FILTER_RANGE" 0 2 2449, C4<000>;
P_0000000004ad83a8 .param/str "PLLOUT_SELECT" 0 2 2445, "GENCLK";
P_0000000004ad83e0 .param/l "SHIFTREG_DIV_MODE" 0 2 2442, C4<0>;
P_0000000004ad8418 .param/l "TEST_MODE" 0 2 2451, C4<0>;
o0000000006590998 .functor BUFZ 1, C4<z>; HiZ drive
v00000000065e4270_0 .net "BYPASS", 0 0, o0000000006590998;  0 drivers
o00000000065909c8 .functor BUFZ 8, C4<zzzzzzzz>; HiZ drive
v00000000065e3910_0 .net "DYNAMICDELAY", 7 0, o00000000065909c8;  0 drivers
o00000000065909f8 .functor BUFZ 1, C4<z>; HiZ drive
v00000000065e3410_0 .net "EXTFEEDBACK", 0 0, o00000000065909f8;  0 drivers
o0000000006590a28 .functor BUFZ 1, C4<z>; HiZ drive
v00000000065e43b0_0 .net "LATCHINPUTVALUE", 0 0, o0000000006590a28;  0 drivers
o0000000006590a58 .functor BUFZ 1, C4<z>; HiZ drive
v00000000065e2b50_0 .net "LOCK", 0 0, o0000000006590a58;  0 drivers
o0000000006590a88 .functor BUFZ 1, C4<z>; HiZ drive
v00000000065e4e50_0 .net "PLLOUTCORE", 0 0, o0000000006590a88;  0 drivers
o0000000006590ab8 .functor BUFZ 1, C4<z>; HiZ drive
v00000000065e4130_0 .net "PLLOUTGLOBAL", 0 0, o0000000006590ab8;  0 drivers
o0000000006590ae8 .functor BUFZ 1, C4<z>; HiZ drive
v00000000065e4db0_0 .net "REFERENCECLK", 0 0, o0000000006590ae8;  0 drivers
o0000000006590b18 .functor BUFZ 1, C4<z>; HiZ drive
v00000000065e3190_0 .net "RESETB", 0 0, o0000000006590b18;  0 drivers
o0000000006590b48 .functor BUFZ 1, C4<z>; HiZ drive
v00000000065e2f10_0 .net "SCLK", 0 0, o0000000006590b48;  0 drivers
o0000000006590b78 .functor BUFZ 1, C4<z>; HiZ drive
v00000000065e30f0_0 .net "SDI", 0 0, o0000000006590b78;  0 drivers
o0000000006590ba8 .functor BUFZ 1, C4<z>; HiZ drive
v00000000065e2e70_0 .net "SDO", 0 0, o0000000006590ba8;  0 drivers
S_000000000657c6e0 .scope module, "SB_PLL40_PAD" "SB_PLL40_PAD" 2 2456;
 .timescale -12 -12;
    .port_info 0 /INPUT 1 "PACKAGEPIN";
    .port_info 1 /OUTPUT 1 "PLLOUTCORE";
    .port_info 2 /OUTPUT 1 "PLLOUTGLOBAL";
    .port_info 3 /INPUT 1 "EXTFEEDBACK";
    .port_info 4 /INPUT 8 "DYNAMICDELAY";
    .port_info 5 /OUTPUT 1 "LOCK";
    .port_info 6 /INPUT 1 "BYPASS";
    .port_info 7 /INPUT 1 "RESETB";
    .port_info 8 /INPUT 1 "LATCHINPUTVALUE";
    .port_info 9 /OUTPUT 1 "SDO";
    .port_info 10 /INPUT 1 "SDI";
    .port_info 11 /INPUT 1 "SCLK";
P_0000000004acd8f0 .param/str "DELAY_ADJUSTMENT_MODE_FEEDBACK" 0 2 2471, "FIXED";
P_0000000004acd928 .param/str "DELAY_ADJUSTMENT_MODE_RELATIVE" 0 2 2472, "FIXED";
P_0000000004acd960 .param/l "DIVF" 0 2 2478, C4<0000000>;
P_0000000004acd998 .param/l "DIVQ" 0 2 2479, C4<000>;
P_0000000004acd9d0 .param/l "DIVR" 0 2 2477, C4<0000>;
P_0000000004acda08 .param/l "ENABLE_ICEGATE" 0 2 2481, C4<0>;
P_0000000004acda40 .param/l "EXTERNAL_DIVIDE_FACTOR" 0 2 2483, +C4<00000000000000000000000000000001>;
P_0000000004acda78 .param/l "FDA_FEEDBACK" 0 2 2474, C4<0000>;
P_0000000004acdab0 .param/l "FDA_RELATIVE" 0 2 2475, C4<0000>;
P_0000000004acdae8 .param/str "FEEDBACK_PATH" 0 2 2470, "SIMPLE";
P_0000000004acdb20 .param/l "FILTER_RANGE" 0 2 2480, C4<000>;
P_0000000004acdb58 .param/str "PLLOUT_SELECT" 0 2 2476, "GENCLK";
P_0000000004acdb90 .param/l "SHIFTREG_DIV_MODE" 0 2 2473, C4<0>;
P_0000000004acdbc8 .param/l "TEST_MODE" 0 2 2482, C4<0>;
o0000000006590e18 .functor BUFZ 1, C4<z>; HiZ drive
v00000000065e3230_0 .net "BYPASS", 0 0, o0000000006590e18;  0 drivers
o0000000006590e48 .functor BUFZ 8, C4<zzzzzzzz>; HiZ drive
v00000000065e3f50_0 .net "DYNAMICDELAY", 7 0, o0000000006590e48;  0 drivers
o0000000006590e78 .functor BUFZ 1, C4<z>; HiZ drive
v00000000065e3870_0 .net "EXTFEEDBACK", 0 0, o0000000006590e78;  0 drivers
o0000000006590ea8 .functor BUFZ 1, C4<z>; HiZ drive
v00000000065e39b0_0 .net "LATCHINPUTVALUE", 0 0, o0000000006590ea8;  0 drivers
o0000000006590ed8 .functor BUFZ 1, C4<z>; HiZ drive
v00000000065e2bf0_0 .net "LOCK", 0 0, o0000000006590ed8;  0 drivers
o0000000006590f08 .functor BUFZ 1, C4<z>; HiZ drive
v00000000065e3ff0_0 .net "PACKAGEPIN", 0 0, o0000000006590f08;  0 drivers
o0000000006590f38 .functor BUFZ 1, C4<z>; HiZ drive
v00000000065e4770_0 .net "PLLOUTCORE", 0 0, o0000000006590f38;  0 drivers
o0000000006590f68 .functor BUFZ 1, C4<z>; HiZ drive
v00000000065e3c30_0 .net "PLLOUTGLOBAL", 0 0, o0000000006590f68;  0 drivers
o0000000006590f98 .functor BUFZ 1, C4<z>; HiZ drive
v00000000065e4450_0 .net "RESETB", 0 0, o0000000006590f98;  0 drivers
o0000000006590fc8 .functor BUFZ 1, C4<z>; HiZ drive
v00000000065e3a50_0 .net "SCLK", 0 0, o0000000006590fc8;  0 drivers
o0000000006590ff8 .functor BUFZ 1, C4<z>; HiZ drive
v00000000065e46d0_0 .net "SDI", 0 0, o0000000006590ff8;  0 drivers
o0000000006591028 .functor BUFZ 1, C4<z>; HiZ drive
v00000000065e34b0_0 .net "SDO", 0 0, o0000000006591028;  0 drivers
S_000000000657b740 .scope module, "SB_RAM40_4KNR" "SB_RAM40_4KNR" 2 1726;
 .timescale -12 -12;
    .port_info 0 /OUTPUT 16 "RDATA";
    .port_info 1 /INPUT 1 "RCLKN";
    .port_info 2 /INPUT 1 "RCLKE";
    .port_info 3 /INPUT 1 "RE";
    .port_info 4 /INPUT 11 "RADDR";
    .port_info 5 /INPUT 1 "WCLK";
    .port_info 6 /INPUT 1 "WCLKE";
    .port_info 7 /INPUT 1 "WE";
    .port_info 8 /INPUT 11 "WADDR";
    .port_info 9 /INPUT 16 "MASK";
    .port_info 10 /INPUT 16 "WDATA";
P_0000000004acbc00 .param/l "INIT_0" 0 2 1742, C4<0000000000000000000000000000000000000000000000000000000000000000000000000000000000000000000000000000000000000000000000000000000000000000000000000000000000000000000000000000000000000000000000000000000000000000000000000000000000000000000000000000000000000000>;
P_0000000004acbc38 .param/l "INIT_1" 0 2 1743, C4<0000000000000000000000000000000000000000000000000000000000000000000000000000000000000000000000000000000000000000000000000000000000000000000000000000000000000000000000000000000000000000000000000000000000000000000000000000000000000000000000000000000000000000>;
P_0000000004acbc70 .param/l "INIT_2" 0 2 1744, C4<0000000000000000000000000000000000000000000000000000000000000000000000000000000000000000000000000000000000000000000000000000000000000000000000000000000000000000000000000000000000000000000000000000000000000000000000000000000000000000000000000000000000000000>;
P_0000000004acbca8 .param/l "INIT_3" 0 2 1745, C4<0000000000000000000000000000000000000000000000000000000000000000000000000000000000000000000000000000000000000000000000000000000000000000000000000000000000000000000000000000000000000000000000000000000000000000000000000000000000000000000000000000000000000000>;
P_0000000004acbce0 .param/l "INIT_4" 0 2 1746, C4<0000000000000000000000000000000000000000000000000000000000000000000000000000000000000000000000000000000000000000000000000000000000000000000000000000000000000000000000000000000000000000000000000000000000000000000000000000000000000000000000000000000000000000>;
P_0000000004acbd18 .param/l "INIT_5" 0 2 1747, C4<0000000000000000000000000000000000000000000000000000000000000000000000000000000000000000000000000000000000000000000000000000000000000000000000000000000000000000000000000000000000000000000000000000000000000000000000000000000000000000000000000000000000000000>;
P_0000000004acbd50 .param/l "INIT_6" 0 2 1748, C4<0000000000000000000000000000000000000000000000000000000000000000000000000000000000000000000000000000000000000000000000000000000000000000000000000000000000000000000000000000000000000000000000000000000000000000000000000000000000000000000000000000000000000000>;
P_0000000004acbd88 .param/l "INIT_7" 0 2 1749, C4<0000000000000000000000000000000000000000000000000000000000000000000000000000000000000000000000000000000000000000000000000000000000000000000000000000000000000000000000000000000000000000000000000000000000000000000000000000000000000000000000000000000000000000>;
P_0000000004acbdc0 .param/l "INIT_8" 0 2 1750, C4<0000000000000000000000000000000000000000000000000000000000000000000000000000000000000000000000000000000000000000000000000000000000000000000000000000000000000000000000000000000000000000000000000000000000000000000000000000000000000000000000000000000000000000>;
P_0000000004acbdf8 .param/l "INIT_9" 0 2 1751, C4<0000000000000000000000000000000000000000000000000000000000000000000000000000000000000000000000000000000000000000000000000000000000000000000000000000000000000000000000000000000000000000000000000000000000000000000000000000000000000000000000000000000000000000>;
P_0000000004acbe30 .param/l "INIT_A" 0 2 1752, C4<0000000000000000000000000000000000000000000000000000000000000000000000000000000000000000000000000000000000000000000000000000000000000000000000000000000000000000000000000000000000000000000000000000000000000000000000000000000000000000000000000000000000000000>;
P_0000000004acbe68 .param/l "INIT_B" 0 2 1753, C4<0000000000000000000000000000000000000000000000000000000000000000000000000000000000000000000000000000000000000000000000000000000000000000000000000000000000000000000000000000000000000000000000000000000000000000000000000000000000000000000000000000000000000000>;
P_0000000004acbea0 .param/l "INIT_C" 0 2 1754, C4<0000000000000000000000000000000000000000000000000000000000000000000000000000000000000000000000000000000000000000000000000000000000000000000000000000000000000000000000000000000000000000000000000000000000000000000000000000000000000000000000000000000000000000>;
P_0000000004acbed8 .param/l "INIT_D" 0 2 1755, C4<0000000000000000000000000000000000000000000000000000000000000000000000000000000000000000000000000000000000000000000000000000000000000000000000000000000000000000000000000000000000000000000000000000000000000000000000000000000000000000000000000000000000000000>;
P_0000000004acbf10 .param/l "INIT_E" 0 2 1756, C4<0000000000000000000000000000000000000000000000000000000000000000000000000000000000000000000000000000000000000000000000000000000000000000000000000000000000000000000000000000000000000000000000000000000000000000000000000000000000000000000000000000000000000000>;
P_0000000004acbf48 .param/l "INIT_F" 0 2 1757, C4<0000000000000000000000000000000000000000000000000000000000000000000000000000000000000000000000000000000000000000000000000000000000000000000000000000000000000000000000000000000000000000000000000000000000000000000000000000000000000000000000000000000000000000>;
P_0000000004acbf80 .param/str "INIT_FILE" 0 2 1759, "\000";
P_0000000004acbfb8 .param/l "READ_MODE" 0 2 1740, +C4<00000000000000000000000000000000>;
P_0000000004acbff0 .param/l "WRITE_MODE" 0 2 1739, +C4<00000000000000000000000000000000>;
o00000000065917a8 .functor BUFZ 1, C4<z>; HiZ drive
L_000000000656cdd0 .functor NOT 1, o00000000065917a8, C4<0>, C4<0>, C4<0>;
o0000000006591298 .functor BUFZ 16, C4<zzzzzzzzzzzzzzzz>; HiZ drive
v00000000065e5210_0 .net "MASK", 15 0, o0000000006591298;  0 drivers
o00000000065912c8 .functor BUFZ 11, C4<zzzzzzzzzzz>; HiZ drive
v00000000065e4a90_0 .net "RADDR", 10 0, o00000000065912c8;  0 drivers
o0000000006591328 .functor BUFZ 1, C4<z>; HiZ drive
v00000000065e2d30_0 .net "RCLKE", 0 0, o0000000006591328;  0 drivers
v00000000065e44f0_0 .net "RCLKN", 0 0, o00000000065917a8;  0 drivers
v00000000065e3cd0_0 .net "RDATA", 15 0, L_000000000656c900;  1 drivers
o00000000065913b8 .functor BUFZ 1, C4<z>; HiZ drive
v00000000065e4630_0 .net "RE", 0 0, o00000000065913b8;  0 drivers
o0000000006591418 .functor BUFZ 11, C4<zzzzzzzzzzz>; HiZ drive
v00000000065e2c90_0 .net "WADDR", 10 0, o0000000006591418;  0 drivers
o0000000006591448 .functor BUFZ 1, C4<z>; HiZ drive
v00000000065e4ef0_0 .net "WCLK", 0 0, o0000000006591448;  0 drivers
o0000000006591478 .functor BUFZ 1, C4<z>; HiZ drive
v00000000065e41d0_0 .net "WCLKE", 0 0, o0000000006591478;  0 drivers
o00000000065914a8 .functor BUFZ 16, C4<zzzzzzzzzzzzzzzz>; HiZ drive
v00000000065e4c70_0 .net "WDATA", 15 0, o00000000065914a8;  0 drivers
o0000000006591508 .functor BUFZ 1, C4<z>; HiZ drive
v00000000065e2dd0_0 .net "WE", 0 0, o0000000006591508;  0 drivers
S_0000000006582460 .scope module, "RAM" "SB_RAM40_4K" 2 1781, 2 1487 0, S_000000000657b740;
 .timescale -12 -12;
    .port_info 0 /OUTPUT 16 "RDATA";
    .port_info 1 /INPUT 1 "RCLK";
    .port_info 2 /INPUT 1 "RCLKE";
    .port_info 3 /INPUT 1 "RE";
    .port_info 4 /INPUT 11 "RADDR";
    .port_info 5 /INPUT 1 "WCLK";
    .port_info 6 /INPUT 1 "WCLKE";
    .port_info 7 /INPUT 1 "WE";
    .port_info 8 /INPUT 11 "WADDR";
    .port_info 9 /INPUT 16 "MASK";
    .port_info 10 /INPUT 16 "WDATA";
P_00000000065ee320 .param/l "INIT_0" 0 2 1507, C4<0000000000000000000000000000000000000000000000000000000000000000000000000000000000000000000000000000000000000000000000000000000000000000000000000000000000000000000000000000000000000000000000000000000000000000000000000000000000000000000000000000000000000000>;
P_00000000065ee358 .param/l "INIT_1" 0 2 1508, C4<0000000000000000000000000000000000000000000000000000000000000000000000000000000000000000000000000000000000000000000000000000000000000000000000000000000000000000000000000000000000000000000000000000000000000000000000000000000000000000000000000000000000000000>;
P_00000000065ee390 .param/l "INIT_2" 0 2 1509, C4<0000000000000000000000000000000000000000000000000000000000000000000000000000000000000000000000000000000000000000000000000000000000000000000000000000000000000000000000000000000000000000000000000000000000000000000000000000000000000000000000000000000000000000>;
P_00000000065ee3c8 .param/l "INIT_3" 0 2 1510, C4<0000000000000000000000000000000000000000000000000000000000000000000000000000000000000000000000000000000000000000000000000000000000000000000000000000000000000000000000000000000000000000000000000000000000000000000000000000000000000000000000000000000000000000>;
P_00000000065ee400 .param/l "INIT_4" 0 2 1511, C4<0000000000000000000000000000000000000000000000000000000000000000000000000000000000000000000000000000000000000000000000000000000000000000000000000000000000000000000000000000000000000000000000000000000000000000000000000000000000000000000000000000000000000000>;
P_00000000065ee438 .param/l "INIT_5" 0 2 1512, C4<0000000000000000000000000000000000000000000000000000000000000000000000000000000000000000000000000000000000000000000000000000000000000000000000000000000000000000000000000000000000000000000000000000000000000000000000000000000000000000000000000000000000000000>;
P_00000000065ee470 .param/l "INIT_6" 0 2 1513, C4<0000000000000000000000000000000000000000000000000000000000000000000000000000000000000000000000000000000000000000000000000000000000000000000000000000000000000000000000000000000000000000000000000000000000000000000000000000000000000000000000000000000000000000>;
P_00000000065ee4a8 .param/l "INIT_7" 0 2 1514, C4<0000000000000000000000000000000000000000000000000000000000000000000000000000000000000000000000000000000000000000000000000000000000000000000000000000000000000000000000000000000000000000000000000000000000000000000000000000000000000000000000000000000000000000>;
P_00000000065ee4e0 .param/l "INIT_8" 0 2 1515, C4<0000000000000000000000000000000000000000000000000000000000000000000000000000000000000000000000000000000000000000000000000000000000000000000000000000000000000000000000000000000000000000000000000000000000000000000000000000000000000000000000000000000000000000>;
P_00000000065ee518 .param/l "INIT_9" 0 2 1516, C4<0000000000000000000000000000000000000000000000000000000000000000000000000000000000000000000000000000000000000000000000000000000000000000000000000000000000000000000000000000000000000000000000000000000000000000000000000000000000000000000000000000000000000000>;
P_00000000065ee550 .param/l "INIT_A" 0 2 1517, C4<0000000000000000000000000000000000000000000000000000000000000000000000000000000000000000000000000000000000000000000000000000000000000000000000000000000000000000000000000000000000000000000000000000000000000000000000000000000000000000000000000000000000000000>;
P_00000000065ee588 .param/l "INIT_B" 0 2 1518, C4<0000000000000000000000000000000000000000000000000000000000000000000000000000000000000000000000000000000000000000000000000000000000000000000000000000000000000000000000000000000000000000000000000000000000000000000000000000000000000000000000000000000000000000>;
P_00000000065ee5c0 .param/l "INIT_C" 0 2 1519, C4<0000000000000000000000000000000000000000000000000000000000000000000000000000000000000000000000000000000000000000000000000000000000000000000000000000000000000000000000000000000000000000000000000000000000000000000000000000000000000000000000000000000000000000>;
P_00000000065ee5f8 .param/l "INIT_D" 0 2 1520, C4<0000000000000000000000000000000000000000000000000000000000000000000000000000000000000000000000000000000000000000000000000000000000000000000000000000000000000000000000000000000000000000000000000000000000000000000000000000000000000000000000000000000000000000>;
P_00000000065ee630 .param/l "INIT_E" 0 2 1521, C4<0000000000000000000000000000000000000000000000000000000000000000000000000000000000000000000000000000000000000000000000000000000000000000000000000000000000000000000000000000000000000000000000000000000000000000000000000000000000000000000000000000000000000000>;
P_00000000065ee668 .param/l "INIT_F" 0 2 1522, C4<0000000000000000000000000000000000000000000000000000000000000000000000000000000000000000000000000000000000000000000000000000000000000000000000000000000000000000000000000000000000000000000000000000000000000000000000000000000000000000000000000000000000000000>;
P_00000000065ee6a0 .param/str "INIT_FILE" 0 2 1524, "\000";
P_00000000065ee6d8 .param/l "READ_MODE" 0 2 1505, +C4<00000000000000000000000000000000>;
P_00000000065ee710 .param/l "WRITE_MODE" 0 2 1504, +C4<00000000000000000000000000000000>;
v00000000065e4310_0 .net "MASK", 15 0, o0000000006591298;  alias, 0 drivers
v00000000065e4bd0_0 .net "RADDR", 10 0, o00000000065912c8;  alias, 0 drivers
v00000000065e4f90_0 .net "RCLK", 0 0, L_000000000656cdd0;  1 drivers
v00000000065e2fb0_0 .net "RCLKE", 0 0, o0000000006591328;  alias, 0 drivers
v00000000065e3050_0 .net "RDATA", 15 0, L_000000000656c900;  alias, 1 drivers
v00000000065e5030_0 .var "RDATA_I", 15 0;
v00000000065e32d0_0 .net "RE", 0 0, o00000000065913b8;  alias, 0 drivers
L_0000000006606060 .functor BUFT 1, C4<0000000000000000>, C4<0>, C4<0>, C4<0>;
v00000000065e4b30_0 .net "RMASK_I", 15 0, L_0000000006606060;  1 drivers
v00000000065e49f0_0 .net "WADDR", 10 0, o0000000006591418;  alias, 0 drivers
v00000000065e4590_0 .net "WCLK", 0 0, o0000000006591448;  alias, 0 drivers
v00000000065e3370_0 .net "WCLKE", 0 0, o0000000006591478;  alias, 0 drivers
v00000000065e50d0_0 .net "WDATA", 15 0, o00000000065914a8;  alias, 0 drivers
v00000000065e5170_0 .net "WDATA_I", 15 0, L_000000000656c7b0;  1 drivers
v00000000065e3af0_0 .net "WE", 0 0, o0000000006591508;  alias, 0 drivers
v00000000065e3550_0 .net "WMASK_I", 15 0, L_000000000656cf20;  1 drivers
v00000000065e4810_0 .var/i "i", 31 0;
v00000000065e3b90 .array "memory", 255 0, 15 0;
E_000000000653f590 .event posedge, v00000000065e4f90_0;
E_000000000653f250 .event posedge, v00000000065e4590_0;
S_00000000065825f0 .scope generate, "genblk1" "genblk1" 2 1534, 2 1534 0, S_0000000006582460;
 .timescale -12 -12;
L_000000000656cf20 .functor BUFZ 16, o0000000006591298, C4<0000000000000000>, C4<0000000000000000>, C4<0000000000000000>;
S_0000000006582910 .scope generate, "genblk2" "genblk2" 2 1555, 2 1555 0, S_0000000006582460;
 .timescale -12 -12;
S_00000000065efbf0 .scope generate, "genblk3" "genblk3" 2 1576, 2 1576 0, S_0000000006582460;
 .timescale -12 -12;
L_000000000656c7b0 .functor BUFZ 16, o00000000065914a8, C4<0000000000000000>, C4<0000000000000000>, C4<0000000000000000>;
S_00000000065ef5b0 .scope generate, "genblk4" "genblk4" 2 1595, 2 1595 0, S_0000000006582460;
 .timescale -12 -12;
L_000000000656c900 .functor BUFZ 16, v00000000065e5030_0, C4<0000000000000000>, C4<0000000000000000>, C4<0000000000000000>;
S_000000000657c870 .scope module, "SB_RAM40_4KNRNW" "SB_RAM40_4KNRNW" 2 1998;
 .timescale -12 -12;
    .port_info 0 /OUTPUT 16 "RDATA";
    .port_info 1 /INPUT 1 "RCLKN";
    .port_info 2 /INPUT 1 "RCLKE";
    .port_info 3 /INPUT 1 "RE";
    .port_info 4 /INPUT 11 "RADDR";
    .port_info 5 /INPUT 1 "WCLKN";
    .port_info 6 /INPUT 1 "WCLKE";
    .port_info 7 /INPUT 1 "WE";
    .port_info 8 /INPUT 11 "WADDR";
    .port_info 9 /INPUT 16 "MASK";
    .port_info 10 /INPUT 16 "WDATA";
P_0000000004acb680 .param/l "INIT_0" 0 2 2014, C4<0000000000000000000000000000000000000000000000000000000000000000000000000000000000000000000000000000000000000000000000000000000000000000000000000000000000000000000000000000000000000000000000000000000000000000000000000000000000000000000000000000000000000000>;
P_0000000004acb6b8 .param/l "INIT_1" 0 2 2015, C4<0000000000000000000000000000000000000000000000000000000000000000000000000000000000000000000000000000000000000000000000000000000000000000000000000000000000000000000000000000000000000000000000000000000000000000000000000000000000000000000000000000000000000000>;
P_0000000004acb6f0 .param/l "INIT_2" 0 2 2016, C4<0000000000000000000000000000000000000000000000000000000000000000000000000000000000000000000000000000000000000000000000000000000000000000000000000000000000000000000000000000000000000000000000000000000000000000000000000000000000000000000000000000000000000000>;
P_0000000004acb728 .param/l "INIT_3" 0 2 2017, C4<0000000000000000000000000000000000000000000000000000000000000000000000000000000000000000000000000000000000000000000000000000000000000000000000000000000000000000000000000000000000000000000000000000000000000000000000000000000000000000000000000000000000000000>;
P_0000000004acb760 .param/l "INIT_4" 0 2 2018, C4<0000000000000000000000000000000000000000000000000000000000000000000000000000000000000000000000000000000000000000000000000000000000000000000000000000000000000000000000000000000000000000000000000000000000000000000000000000000000000000000000000000000000000000>;
P_0000000004acb798 .param/l "INIT_5" 0 2 2019, C4<0000000000000000000000000000000000000000000000000000000000000000000000000000000000000000000000000000000000000000000000000000000000000000000000000000000000000000000000000000000000000000000000000000000000000000000000000000000000000000000000000000000000000000>;
P_0000000004acb7d0 .param/l "INIT_6" 0 2 2020, C4<0000000000000000000000000000000000000000000000000000000000000000000000000000000000000000000000000000000000000000000000000000000000000000000000000000000000000000000000000000000000000000000000000000000000000000000000000000000000000000000000000000000000000000>;
P_0000000004acb808 .param/l "INIT_7" 0 2 2021, C4<0000000000000000000000000000000000000000000000000000000000000000000000000000000000000000000000000000000000000000000000000000000000000000000000000000000000000000000000000000000000000000000000000000000000000000000000000000000000000000000000000000000000000000>;
P_0000000004acb840 .param/l "INIT_8" 0 2 2022, C4<0000000000000000000000000000000000000000000000000000000000000000000000000000000000000000000000000000000000000000000000000000000000000000000000000000000000000000000000000000000000000000000000000000000000000000000000000000000000000000000000000000000000000000>;
P_0000000004acb878 .param/l "INIT_9" 0 2 2023, C4<0000000000000000000000000000000000000000000000000000000000000000000000000000000000000000000000000000000000000000000000000000000000000000000000000000000000000000000000000000000000000000000000000000000000000000000000000000000000000000000000000000000000000000>;
P_0000000004acb8b0 .param/l "INIT_A" 0 2 2024, C4<0000000000000000000000000000000000000000000000000000000000000000000000000000000000000000000000000000000000000000000000000000000000000000000000000000000000000000000000000000000000000000000000000000000000000000000000000000000000000000000000000000000000000000>;
P_0000000004acb8e8 .param/l "INIT_B" 0 2 2025, C4<0000000000000000000000000000000000000000000000000000000000000000000000000000000000000000000000000000000000000000000000000000000000000000000000000000000000000000000000000000000000000000000000000000000000000000000000000000000000000000000000000000000000000000>;
P_0000000004acb920 .param/l "INIT_C" 0 2 2026, C4<0000000000000000000000000000000000000000000000000000000000000000000000000000000000000000000000000000000000000000000000000000000000000000000000000000000000000000000000000000000000000000000000000000000000000000000000000000000000000000000000000000000000000000>;
P_0000000004acb958 .param/l "INIT_D" 0 2 2027, C4<0000000000000000000000000000000000000000000000000000000000000000000000000000000000000000000000000000000000000000000000000000000000000000000000000000000000000000000000000000000000000000000000000000000000000000000000000000000000000000000000000000000000000000>;
P_0000000004acb990 .param/l "INIT_E" 0 2 2028, C4<0000000000000000000000000000000000000000000000000000000000000000000000000000000000000000000000000000000000000000000000000000000000000000000000000000000000000000000000000000000000000000000000000000000000000000000000000000000000000000000000000000000000000000>;
P_0000000004acb9c8 .param/l "INIT_F" 0 2 2029, C4<0000000000000000000000000000000000000000000000000000000000000000000000000000000000000000000000000000000000000000000000000000000000000000000000000000000000000000000000000000000000000000000000000000000000000000000000000000000000000000000000000000000000000000>;
P_0000000004acba00 .param/str "INIT_FILE" 0 2 2031, "\000";
P_0000000004acba38 .param/l "READ_MODE" 0 2 2012, +C4<00000000000000000000000000000000>;
P_0000000004acba70 .param/l "WRITE_MODE" 0 2 2011, +C4<00000000000000000000000000000000>;
o0000000006591ef8 .functor BUFZ 1, C4<z>; HiZ drive
L_000000000656c190 .functor NOT 1, o0000000006591ef8, C4<0>, C4<0>, C4<0>;
o0000000006591f28 .functor BUFZ 1, C4<z>; HiZ drive
L_000000000656d690 .functor NOT 1, o0000000006591f28, C4<0>, C4<0>, C4<0>;
o00000000065919e8 .functor BUFZ 16, C4<zzzzzzzzzzzzzzzz>; HiZ drive
v00000000065e5490_0 .net "MASK", 15 0, o00000000065919e8;  0 drivers
o0000000006591a18 .functor BUFZ 11, C4<zzzzzzzzzzz>; HiZ drive
v00000000065e5a30_0 .net "RADDR", 10 0, o0000000006591a18;  0 drivers
o0000000006591a78 .functor BUFZ 1, C4<z>; HiZ drive
v00000000065e5350_0 .net "RCLKE", 0 0, o0000000006591a78;  0 drivers
v00000000065e5530_0 .net "RCLKN", 0 0, o0000000006591ef8;  0 drivers
v00000000065e55d0_0 .net "RDATA", 15 0, L_000000000656be10;  1 drivers
o0000000006591b08 .functor BUFZ 1, C4<z>; HiZ drive
v00000000065f8780_0 .net "RE", 0 0, o0000000006591b08;  0 drivers
o0000000006591b68 .functor BUFZ 11, C4<zzzzzzzzzzz>; HiZ drive
v00000000065f9540_0 .net "WADDR", 10 0, o0000000006591b68;  0 drivers
o0000000006591bc8 .functor BUFZ 1, C4<z>; HiZ drive
v00000000065fa4e0_0 .net "WCLKE", 0 0, o0000000006591bc8;  0 drivers
v00000000065f8c80_0 .net "WCLKN", 0 0, o0000000006591f28;  0 drivers
o0000000006591bf8 .functor BUFZ 16, C4<zzzzzzzzzzzzzzzz>; HiZ drive
v00000000065f8820_0 .net "WDATA", 15 0, o0000000006591bf8;  0 drivers
o0000000006591c58 .functor BUFZ 1, C4<z>; HiZ drive
v00000000065f8fa0_0 .net "WE", 0 0, o0000000006591c58;  0 drivers
S_00000000065efd80 .scope module, "RAM" "SB_RAM40_4K" 2 2053, 2 1487 0, S_000000000657c870;
 .timescale -12 -12;
    .port_info 0 /OUTPUT 16 "RDATA";
    .port_info 1 /INPUT 1 "RCLK";
    .port_info 2 /INPUT 1 "RCLKE";
    .port_info 3 /INPUT 1 "RE";
    .port_info 4 /INPUT 11 "RADDR";
    .port_info 5 /INPUT 1 "WCLK";
    .port_info 6 /INPUT 1 "WCLKE";
    .port_info 7 /INPUT 1 "WE";
    .port_info 8 /INPUT 11 "WADDR";
    .port_info 9 /INPUT 16 "MASK";
    .port_info 10 /INPUT 16 "WDATA";
P_00000000065f0760 .param/l "INIT_0" 0 2 1507, C4<0000000000000000000000000000000000000000000000000000000000000000000000000000000000000000000000000000000000000000000000000000000000000000000000000000000000000000000000000000000000000000000000000000000000000000000000000000000000000000000000000000000000000000>;
P_00000000065f0798 .param/l "INIT_1" 0 2 1508, C4<0000000000000000000000000000000000000000000000000000000000000000000000000000000000000000000000000000000000000000000000000000000000000000000000000000000000000000000000000000000000000000000000000000000000000000000000000000000000000000000000000000000000000000>;
P_00000000065f07d0 .param/l "INIT_2" 0 2 1509, C4<0000000000000000000000000000000000000000000000000000000000000000000000000000000000000000000000000000000000000000000000000000000000000000000000000000000000000000000000000000000000000000000000000000000000000000000000000000000000000000000000000000000000000000>;
P_00000000065f0808 .param/l "INIT_3" 0 2 1510, C4<0000000000000000000000000000000000000000000000000000000000000000000000000000000000000000000000000000000000000000000000000000000000000000000000000000000000000000000000000000000000000000000000000000000000000000000000000000000000000000000000000000000000000000>;
P_00000000065f0840 .param/l "INIT_4" 0 2 1511, C4<0000000000000000000000000000000000000000000000000000000000000000000000000000000000000000000000000000000000000000000000000000000000000000000000000000000000000000000000000000000000000000000000000000000000000000000000000000000000000000000000000000000000000000>;
P_00000000065f0878 .param/l "INIT_5" 0 2 1512, C4<0000000000000000000000000000000000000000000000000000000000000000000000000000000000000000000000000000000000000000000000000000000000000000000000000000000000000000000000000000000000000000000000000000000000000000000000000000000000000000000000000000000000000000>;
P_00000000065f08b0 .param/l "INIT_6" 0 2 1513, C4<0000000000000000000000000000000000000000000000000000000000000000000000000000000000000000000000000000000000000000000000000000000000000000000000000000000000000000000000000000000000000000000000000000000000000000000000000000000000000000000000000000000000000000>;
P_00000000065f08e8 .param/l "INIT_7" 0 2 1514, C4<0000000000000000000000000000000000000000000000000000000000000000000000000000000000000000000000000000000000000000000000000000000000000000000000000000000000000000000000000000000000000000000000000000000000000000000000000000000000000000000000000000000000000000>;
P_00000000065f0920 .param/l "INIT_8" 0 2 1515, C4<0000000000000000000000000000000000000000000000000000000000000000000000000000000000000000000000000000000000000000000000000000000000000000000000000000000000000000000000000000000000000000000000000000000000000000000000000000000000000000000000000000000000000000>;
P_00000000065f0958 .param/l "INIT_9" 0 2 1516, C4<0000000000000000000000000000000000000000000000000000000000000000000000000000000000000000000000000000000000000000000000000000000000000000000000000000000000000000000000000000000000000000000000000000000000000000000000000000000000000000000000000000000000000000>;
P_00000000065f0990 .param/l "INIT_A" 0 2 1517, C4<0000000000000000000000000000000000000000000000000000000000000000000000000000000000000000000000000000000000000000000000000000000000000000000000000000000000000000000000000000000000000000000000000000000000000000000000000000000000000000000000000000000000000000>;
P_00000000065f09c8 .param/l "INIT_B" 0 2 1518, C4<0000000000000000000000000000000000000000000000000000000000000000000000000000000000000000000000000000000000000000000000000000000000000000000000000000000000000000000000000000000000000000000000000000000000000000000000000000000000000000000000000000000000000000>;
P_00000000065f0a00 .param/l "INIT_C" 0 2 1519, C4<0000000000000000000000000000000000000000000000000000000000000000000000000000000000000000000000000000000000000000000000000000000000000000000000000000000000000000000000000000000000000000000000000000000000000000000000000000000000000000000000000000000000000000>;
P_00000000065f0a38 .param/l "INIT_D" 0 2 1520, C4<0000000000000000000000000000000000000000000000000000000000000000000000000000000000000000000000000000000000000000000000000000000000000000000000000000000000000000000000000000000000000000000000000000000000000000000000000000000000000000000000000000000000000000>;
P_00000000065f0a70 .param/l "INIT_E" 0 2 1521, C4<0000000000000000000000000000000000000000000000000000000000000000000000000000000000000000000000000000000000000000000000000000000000000000000000000000000000000000000000000000000000000000000000000000000000000000000000000000000000000000000000000000000000000000>;
P_00000000065f0aa8 .param/l "INIT_F" 0 2 1522, C4<0000000000000000000000000000000000000000000000000000000000000000000000000000000000000000000000000000000000000000000000000000000000000000000000000000000000000000000000000000000000000000000000000000000000000000000000000000000000000000000000000000000000000000>;
P_00000000065f0ae0 .param/str "INIT_FILE" 0 2 1524, "\000";
P_00000000065f0b18 .param/l "READ_MODE" 0 2 1505, +C4<00000000000000000000000000000000>;
P_00000000065f0b50 .param/l "WRITE_MODE" 0 2 1504, +C4<00000000000000000000000000000000>;
v00000000065e3690_0 .net "MASK", 15 0, o00000000065919e8;  alias, 0 drivers
v00000000065e35f0_0 .net "RADDR", 10 0, o0000000006591a18;  alias, 0 drivers
v00000000065e3730_0 .net "RCLK", 0 0, L_000000000656c190;  1 drivers
v00000000065e3d70_0 .net "RCLKE", 0 0, o0000000006591a78;  alias, 0 drivers
v00000000065e37d0_0 .net "RDATA", 15 0, L_000000000656be10;  alias, 1 drivers
v00000000065e48b0_0 .var "RDATA_I", 15 0;
v00000000065e4950_0 .net "RE", 0 0, o0000000006591b08;  alias, 0 drivers
L_00000000066060a8 .functor BUFT 1, C4<0000000000000000>, C4<0>, C4<0>, C4<0>;
v00000000065e3e10_0 .net "RMASK_I", 15 0, L_00000000066060a8;  1 drivers
v00000000065e3eb0_0 .net "WADDR", 10 0, o0000000006591b68;  alias, 0 drivers
v00000000065e4090_0 .net "WCLK", 0 0, L_000000000656d690;  1 drivers
v00000000065e57b0_0 .net "WCLKE", 0 0, o0000000006591bc8;  alias, 0 drivers
v00000000065e5710_0 .net "WDATA", 15 0, o0000000006591bf8;  alias, 0 drivers
v00000000065e5670_0 .net "WDATA_I", 15 0, L_000000000656c6d0;  1 drivers
v00000000065e5850_0 .net "WE", 0 0, o0000000006591c58;  alias, 0 drivers
v00000000065e53f0_0 .net "WMASK_I", 15 0, L_000000000656cc10;  1 drivers
v00000000065e58f0_0 .var/i "i", 31 0;
v00000000065e5990 .array "memory", 255 0, 15 0;
E_000000000653f4d0 .event posedge, v00000000065e3730_0;
E_000000000653f610 .event posedge, v00000000065e4090_0;
S_00000000065ef100 .scope generate, "genblk1" "genblk1" 2 1534, 2 1534 0, S_00000000065efd80;
 .timescale -12 -12;
L_000000000656cc10 .functor BUFZ 16, o00000000065919e8, C4<0000000000000000>, C4<0000000000000000>, C4<0000000000000000>;
S_00000000065eef70 .scope generate, "genblk2" "genblk2" 2 1555, 2 1555 0, S_00000000065efd80;
 .timescale -12 -12;
S_00000000065f00a0 .scope generate, "genblk3" "genblk3" 2 1576, 2 1576 0, S_00000000065efd80;
 .timescale -12 -12;
L_000000000656c6d0 .functor BUFZ 16, o0000000006591bf8, C4<0000000000000000>, C4<0000000000000000>, C4<0000000000000000>;
S_00000000065eec50 .scope generate, "genblk4" "genblk4" 2 1595, 2 1595 0, S_00000000065efd80;
 .timescale -12 -12;
L_000000000656be10 .functor BUFZ 16, v00000000065e48b0_0, C4<0000000000000000>, C4<0000000000000000>, C4<0000000000000000>;
S_000000000657b290 .scope module, "SB_RAM40_4KNW" "SB_RAM40_4KNW" 2 1862;
 .timescale -12 -12;
    .port_info 0 /OUTPUT 16 "RDATA";
    .port_info 1 /INPUT 1 "RCLK";
    .port_info 2 /INPUT 1 "RCLKE";
    .port_info 3 /INPUT 1 "RE";
    .port_info 4 /INPUT 11 "RADDR";
    .port_info 5 /INPUT 1 "WCLKN";
    .port_info 6 /INPUT 1 "WCLKE";
    .port_info 7 /INPUT 1 "WE";
    .port_info 8 /INPUT 11 "WADDR";
    .port_info 9 /INPUT 16 "MASK";
    .port_info 10 /INPUT 16 "WDATA";
P_0000000004a82d20 .param/l "INIT_0" 0 2 1878, C4<0000000000000000000000000000000000000000000000000000000000000000000000000000000000000000000000000000000000000000000000000000000000000000000000000000000000000000000000000000000000000000000000000000000000000000000000000000000000000000000000000000000000000000>;
P_0000000004a82d58 .param/l "INIT_1" 0 2 1879, C4<0000000000000000000000000000000000000000000000000000000000000000000000000000000000000000000000000000000000000000000000000000000000000000000000000000000000000000000000000000000000000000000000000000000000000000000000000000000000000000000000000000000000000000>;
P_0000000004a82d90 .param/l "INIT_2" 0 2 1880, C4<0000000000000000000000000000000000000000000000000000000000000000000000000000000000000000000000000000000000000000000000000000000000000000000000000000000000000000000000000000000000000000000000000000000000000000000000000000000000000000000000000000000000000000>;
P_0000000004a82dc8 .param/l "INIT_3" 0 2 1881, C4<0000000000000000000000000000000000000000000000000000000000000000000000000000000000000000000000000000000000000000000000000000000000000000000000000000000000000000000000000000000000000000000000000000000000000000000000000000000000000000000000000000000000000000>;
P_0000000004a82e00 .param/l "INIT_4" 0 2 1882, C4<0000000000000000000000000000000000000000000000000000000000000000000000000000000000000000000000000000000000000000000000000000000000000000000000000000000000000000000000000000000000000000000000000000000000000000000000000000000000000000000000000000000000000000>;
P_0000000004a82e38 .param/l "INIT_5" 0 2 1883, C4<0000000000000000000000000000000000000000000000000000000000000000000000000000000000000000000000000000000000000000000000000000000000000000000000000000000000000000000000000000000000000000000000000000000000000000000000000000000000000000000000000000000000000000>;
P_0000000004a82e70 .param/l "INIT_6" 0 2 1884, C4<0000000000000000000000000000000000000000000000000000000000000000000000000000000000000000000000000000000000000000000000000000000000000000000000000000000000000000000000000000000000000000000000000000000000000000000000000000000000000000000000000000000000000000>;
P_0000000004a82ea8 .param/l "INIT_7" 0 2 1885, C4<0000000000000000000000000000000000000000000000000000000000000000000000000000000000000000000000000000000000000000000000000000000000000000000000000000000000000000000000000000000000000000000000000000000000000000000000000000000000000000000000000000000000000000>;
P_0000000004a82ee0 .param/l "INIT_8" 0 2 1886, C4<0000000000000000000000000000000000000000000000000000000000000000000000000000000000000000000000000000000000000000000000000000000000000000000000000000000000000000000000000000000000000000000000000000000000000000000000000000000000000000000000000000000000000000>;
P_0000000004a82f18 .param/l "INIT_9" 0 2 1887, C4<0000000000000000000000000000000000000000000000000000000000000000000000000000000000000000000000000000000000000000000000000000000000000000000000000000000000000000000000000000000000000000000000000000000000000000000000000000000000000000000000000000000000000000>;
P_0000000004a82f50 .param/l "INIT_A" 0 2 1888, C4<0000000000000000000000000000000000000000000000000000000000000000000000000000000000000000000000000000000000000000000000000000000000000000000000000000000000000000000000000000000000000000000000000000000000000000000000000000000000000000000000000000000000000000>;
P_0000000004a82f88 .param/l "INIT_B" 0 2 1889, C4<0000000000000000000000000000000000000000000000000000000000000000000000000000000000000000000000000000000000000000000000000000000000000000000000000000000000000000000000000000000000000000000000000000000000000000000000000000000000000000000000000000000000000000>;
P_0000000004a82fc0 .param/l "INIT_C" 0 2 1890, C4<0000000000000000000000000000000000000000000000000000000000000000000000000000000000000000000000000000000000000000000000000000000000000000000000000000000000000000000000000000000000000000000000000000000000000000000000000000000000000000000000000000000000000000>;
P_0000000004a82ff8 .param/l "INIT_D" 0 2 1891, C4<0000000000000000000000000000000000000000000000000000000000000000000000000000000000000000000000000000000000000000000000000000000000000000000000000000000000000000000000000000000000000000000000000000000000000000000000000000000000000000000000000000000000000000>;
P_0000000004a83030 .param/l "INIT_E" 0 2 1892, C4<0000000000000000000000000000000000000000000000000000000000000000000000000000000000000000000000000000000000000000000000000000000000000000000000000000000000000000000000000000000000000000000000000000000000000000000000000000000000000000000000000000000000000000>;
P_0000000004a83068 .param/l "INIT_F" 0 2 1893, C4<0000000000000000000000000000000000000000000000000000000000000000000000000000000000000000000000000000000000000000000000000000000000000000000000000000000000000000000000000000000000000000000000000000000000000000000000000000000000000000000000000000000000000000>;
P_0000000004a830a0 .param/str "INIT_FILE" 0 2 1895, "\000";
P_0000000004a830d8 .param/l "READ_MODE" 0 2 1876, +C4<00000000000000000000000000000000>;
P_0000000004a83110 .param/l "WRITE_MODE" 0 2 1875, +C4<00000000000000000000000000000000>;
o0000000006592678 .functor BUFZ 1, C4<z>; HiZ drive
L_000000000656bfd0 .functor NOT 1, o0000000006592678, C4<0>, C4<0>, C4<0>;
o0000000006592168 .functor BUFZ 16, C4<zzzzzzzzzzzzzzzz>; HiZ drive
v00000000065f9fe0_0 .net "MASK", 15 0, o0000000006592168;  0 drivers
o0000000006592198 .functor BUFZ 11, C4<zzzzzzzzzzz>; HiZ drive
v00000000065f8e60_0 .net "RADDR", 10 0, o0000000006592198;  0 drivers
o00000000065921c8 .functor BUFZ 1, C4<z>; HiZ drive
v00000000065f83c0_0 .net "RCLK", 0 0, o00000000065921c8;  0 drivers
o00000000065921f8 .functor BUFZ 1, C4<z>; HiZ drive
v00000000065f8be0_0 .net "RCLKE", 0 0, o00000000065921f8;  0 drivers
v00000000065f81e0_0 .net "RDATA", 15 0, L_000000000656bb70;  1 drivers
o0000000006592288 .functor BUFZ 1, C4<z>; HiZ drive
v00000000065fa080_0 .net "RE", 0 0, o0000000006592288;  0 drivers
o00000000065922e8 .functor BUFZ 11, C4<zzzzzzzzzzz>; HiZ drive
v00000000065f9040_0 .net "WADDR", 10 0, o00000000065922e8;  0 drivers
o0000000006592348 .functor BUFZ 1, C4<z>; HiZ drive
v00000000065f95e0_0 .net "WCLKE", 0 0, o0000000006592348;  0 drivers
v00000000065f8d20_0 .net "WCLKN", 0 0, o0000000006592678;  0 drivers
o0000000006592378 .functor BUFZ 16, C4<zzzzzzzzzzzzzzzz>; HiZ drive
v00000000065f8dc0_0 .net "WDATA", 15 0, o0000000006592378;  0 drivers
o00000000065923d8 .functor BUFZ 1, C4<z>; HiZ drive
v00000000065f9680_0 .net "WE", 0 0, o00000000065923d8;  0 drivers
S_00000000065ef740 .scope module, "RAM" "SB_RAM40_4K" 2 1917, 2 1487 0, S_000000000657b290;
 .timescale -12 -12;
    .port_info 0 /OUTPUT 16 "RDATA";
    .port_info 1 /INPUT 1 "RCLK";
    .port_info 2 /INPUT 1 "RCLKE";
    .port_info 3 /INPUT 1 "RE";
    .port_info 4 /INPUT 11 "RADDR";
    .port_info 5 /INPUT 1 "WCLK";
    .port_info 6 /INPUT 1 "WCLKE";
    .port_info 7 /INPUT 1 "WE";
    .port_info 8 /INPUT 11 "WADDR";
    .port_info 9 /INPUT 16 "MASK";
    .port_info 10 /INPUT 16 "WDATA";
P_00000000065fafb0 .param/l "INIT_0" 0 2 1507, C4<0000000000000000000000000000000000000000000000000000000000000000000000000000000000000000000000000000000000000000000000000000000000000000000000000000000000000000000000000000000000000000000000000000000000000000000000000000000000000000000000000000000000000000>;
P_00000000065fafe8 .param/l "INIT_1" 0 2 1508, C4<0000000000000000000000000000000000000000000000000000000000000000000000000000000000000000000000000000000000000000000000000000000000000000000000000000000000000000000000000000000000000000000000000000000000000000000000000000000000000000000000000000000000000000>;
P_00000000065fb020 .param/l "INIT_2" 0 2 1509, C4<0000000000000000000000000000000000000000000000000000000000000000000000000000000000000000000000000000000000000000000000000000000000000000000000000000000000000000000000000000000000000000000000000000000000000000000000000000000000000000000000000000000000000000>;
P_00000000065fb058 .param/l "INIT_3" 0 2 1510, C4<0000000000000000000000000000000000000000000000000000000000000000000000000000000000000000000000000000000000000000000000000000000000000000000000000000000000000000000000000000000000000000000000000000000000000000000000000000000000000000000000000000000000000000>;
P_00000000065fb090 .param/l "INIT_4" 0 2 1511, C4<0000000000000000000000000000000000000000000000000000000000000000000000000000000000000000000000000000000000000000000000000000000000000000000000000000000000000000000000000000000000000000000000000000000000000000000000000000000000000000000000000000000000000000>;
P_00000000065fb0c8 .param/l "INIT_5" 0 2 1512, C4<0000000000000000000000000000000000000000000000000000000000000000000000000000000000000000000000000000000000000000000000000000000000000000000000000000000000000000000000000000000000000000000000000000000000000000000000000000000000000000000000000000000000000000>;
P_00000000065fb100 .param/l "INIT_6" 0 2 1513, C4<0000000000000000000000000000000000000000000000000000000000000000000000000000000000000000000000000000000000000000000000000000000000000000000000000000000000000000000000000000000000000000000000000000000000000000000000000000000000000000000000000000000000000000>;
P_00000000065fb138 .param/l "INIT_7" 0 2 1514, C4<0000000000000000000000000000000000000000000000000000000000000000000000000000000000000000000000000000000000000000000000000000000000000000000000000000000000000000000000000000000000000000000000000000000000000000000000000000000000000000000000000000000000000000>;
P_00000000065fb170 .param/l "INIT_8" 0 2 1515, C4<0000000000000000000000000000000000000000000000000000000000000000000000000000000000000000000000000000000000000000000000000000000000000000000000000000000000000000000000000000000000000000000000000000000000000000000000000000000000000000000000000000000000000000>;
P_00000000065fb1a8 .param/l "INIT_9" 0 2 1516, C4<0000000000000000000000000000000000000000000000000000000000000000000000000000000000000000000000000000000000000000000000000000000000000000000000000000000000000000000000000000000000000000000000000000000000000000000000000000000000000000000000000000000000000000>;
P_00000000065fb1e0 .param/l "INIT_A" 0 2 1517, C4<0000000000000000000000000000000000000000000000000000000000000000000000000000000000000000000000000000000000000000000000000000000000000000000000000000000000000000000000000000000000000000000000000000000000000000000000000000000000000000000000000000000000000000>;
P_00000000065fb218 .param/l "INIT_B" 0 2 1518, C4<0000000000000000000000000000000000000000000000000000000000000000000000000000000000000000000000000000000000000000000000000000000000000000000000000000000000000000000000000000000000000000000000000000000000000000000000000000000000000000000000000000000000000000>;
P_00000000065fb250 .param/l "INIT_C" 0 2 1519, C4<0000000000000000000000000000000000000000000000000000000000000000000000000000000000000000000000000000000000000000000000000000000000000000000000000000000000000000000000000000000000000000000000000000000000000000000000000000000000000000000000000000000000000000>;
P_00000000065fb288 .param/l "INIT_D" 0 2 1520, C4<0000000000000000000000000000000000000000000000000000000000000000000000000000000000000000000000000000000000000000000000000000000000000000000000000000000000000000000000000000000000000000000000000000000000000000000000000000000000000000000000000000000000000000>;
P_00000000065fb2c0 .param/l "INIT_E" 0 2 1521, C4<0000000000000000000000000000000000000000000000000000000000000000000000000000000000000000000000000000000000000000000000000000000000000000000000000000000000000000000000000000000000000000000000000000000000000000000000000000000000000000000000000000000000000000>;
P_00000000065fb2f8 .param/l "INIT_F" 0 2 1522, C4<0000000000000000000000000000000000000000000000000000000000000000000000000000000000000000000000000000000000000000000000000000000000000000000000000000000000000000000000000000000000000000000000000000000000000000000000000000000000000000000000000000000000000000>;
P_00000000065fb330 .param/str "INIT_FILE" 0 2 1524, "\000";
P_00000000065fb368 .param/l "READ_MODE" 0 2 1505, +C4<00000000000000000000000000000000>;
P_00000000065fb3a0 .param/l "WRITE_MODE" 0 2 1504, +C4<00000000000000000000000000000000>;
v00000000065f8aa0_0 .net "MASK", 15 0, o0000000006592168;  alias, 0 drivers
v00000000065f88c0_0 .net "RADDR", 10 0, o0000000006592198;  alias, 0 drivers
v00000000065f8b40_0 .net "RCLK", 0 0, o00000000065921c8;  alias, 0 drivers
v00000000065f99a0_0 .net "RCLKE", 0 0, o00000000065921f8;  alias, 0 drivers
v00000000065f9400_0 .net "RDATA", 15 0, L_000000000656bb70;  alias, 1 drivers
v00000000065f8280_0 .var "RDATA_I", 15 0;
v00000000065f9a40_0 .net "RE", 0 0, o0000000006592288;  alias, 0 drivers
L_00000000066060f0 .functor BUFT 1, C4<0000000000000000>, C4<0>, C4<0>, C4<0>;
v00000000065f8a00_0 .net "RMASK_I", 15 0, L_00000000066060f0;  1 drivers
v00000000065f9900_0 .net "WADDR", 10 0, o00000000065922e8;  alias, 0 drivers
v00000000065f97c0_0 .net "WCLK", 0 0, L_000000000656bfd0;  1 drivers
v00000000065f8960_0 .net "WCLKE", 0 0, o0000000006592348;  alias, 0 drivers
v00000000065f8320_0 .net "WDATA", 15 0, o0000000006592378;  alias, 0 drivers
v00000000065f9c20_0 .net "WDATA_I", 15 0, L_000000000656c4a0;  1 drivers
v00000000065f9860_0 .net "WE", 0 0, o00000000065923d8;  alias, 0 drivers
v00000000065f94a0_0 .net "WMASK_I", 15 0, L_000000000656c430;  1 drivers
v00000000065f92c0_0 .var/i "i", 31 0;
v00000000065f9360 .array "memory", 255 0, 15 0;
E_000000000653f710 .event posedge, v00000000065f8b40_0;
E_000000000653f210 .event posedge, v00000000065f97c0_0;
S_00000000065ef8d0 .scope generate, "genblk1" "genblk1" 2 1534, 2 1534 0, S_00000000065ef740;
 .timescale -12 -12;
L_000000000656c430 .functor BUFZ 16, o0000000006592168, C4<0000000000000000>, C4<0000000000000000>, C4<0000000000000000>;
S_00000000065ef420 .scope generate, "genblk2" "genblk2" 2 1555, 2 1555 0, S_00000000065ef740;
 .timescale -12 -12;
S_00000000065eff10 .scope generate, "genblk3" "genblk3" 2 1576, 2 1576 0, S_00000000065ef740;
 .timescale -12 -12;
L_000000000656c4a0 .functor BUFZ 16, o0000000006592378, C4<0000000000000000>, C4<0000000000000000>, C4<0000000000000000>;
S_00000000065eeac0 .scope generate, "genblk4" "genblk4" 2 1595, 2 1595 0, S_00000000065ef740;
 .timescale -12 -12;
L_000000000656bb70 .functor BUFZ 16, v00000000065f8280_0, C4<0000000000000000>, C4<0000000000000000>, C4<0000000000000000>;
S_000000000657b8d0 .scope module, "SB_RGBA_DRV" "SB_RGBA_DRV" 2 2692;
 .timescale -12 -12;
    .port_info 0 /INPUT 1 "CURREN";
    .port_info 1 /INPUT 1 "RGBLEDEN";
    .port_info 2 /INPUT 1 "RGB0PWM";
    .port_info 3 /INPUT 1 "RGB1PWM";
    .port_info 4 /INPUT 1 "RGB2PWM";
    .port_info 5 /OUTPUT 1 "RGB0";
    .port_info 6 /OUTPUT 1 "RGB1";
    .port_info 7 /OUTPUT 1 "RGB2";
P_0000000004a83150 .param/str "CURRENT_MODE" 0 2 2702, "0b0";
P_0000000004a83188 .param/str "RGB0_CURRENT" 0 2 2703, "0b000000";
P_0000000004a831c0 .param/str "RGB1_CURRENT" 0 2 2704, "0b000000";
P_0000000004a831f8 .param/str "RGB2_CURRENT" 0 2 2705, "0b000000";
o00000000065928b8 .functor BUFZ 1, C4<z>; HiZ drive
v00000000065f8460_0 .net "CURREN", 0 0, o00000000065928b8;  0 drivers
o00000000065928e8 .functor BUFZ 1, C4<z>; HiZ drive
v00000000065fa3a0_0 .net "RGB0", 0 0, o00000000065928e8;  0 drivers
o0000000006592918 .functor BUFZ 1, C4<z>; HiZ drive
v00000000065f9720_0 .net "RGB0PWM", 0 0, o0000000006592918;  0 drivers
o0000000006592948 .functor BUFZ 1, C4<z>; HiZ drive
v00000000065f9ae0_0 .net "RGB1", 0 0, o0000000006592948;  0 drivers
o0000000006592978 .functor BUFZ 1, C4<z>; HiZ drive
v00000000065f8f00_0 .net "RGB1PWM", 0 0, o0000000006592978;  0 drivers
o00000000065929a8 .functor BUFZ 1, C4<z>; HiZ drive
v00000000065f8500_0 .net "RGB2", 0 0, o00000000065929a8;  0 drivers
o00000000065929d8 .functor BUFZ 1, C4<z>; HiZ drive
v00000000065f90e0_0 .net "RGB2PWM", 0 0, o00000000065929d8;  0 drivers
o0000000006592a08 .functor BUFZ 1, C4<z>; HiZ drive
v00000000065fa760_0 .net "RGBLEDEN", 0 0, o0000000006592a08;  0 drivers
S_0000000006583400 .scope module, "SB_RGB_DRV" "SB_RGB_DRV" 2 2716;
 .timescale -12 -12;
    .port_info 0 /INPUT 1 "RGBLEDEN";
    .port_info 1 /INPUT 1 "RGB0PWM";
    .port_info 2 /INPUT 1 "RGB1PWM";
    .port_info 3 /INPUT 1 "RGB2PWM";
    .port_info 4 /INPUT 1 "RGBPU";
    .port_info 5 /OUTPUT 1 "RGB0";
    .port_info 6 /OUTPUT 1 "RGB1";
    .port_info 7 /OUTPUT 1 "RGB2";
P_0000000004ad7d00 .param/str "CURRENT_MODE" 0 2 2726, "0b0";
P_0000000004ad7d38 .param/str "RGB0_CURRENT" 0 2 2727, "0b000000";
P_0000000004ad7d70 .param/str "RGB1_CURRENT" 0 2 2728, "0b000000";
P_0000000004ad7da8 .param/str "RGB2_CURRENT" 0 2 2729, "0b000000";
o0000000006592bb8 .functor BUFZ 1, C4<z>; HiZ drive
v00000000065fa120_0 .net "RGB0", 0 0, o0000000006592bb8;  0 drivers
o0000000006592be8 .functor BUFZ 1, C4<z>; HiZ drive
v00000000065fa580_0 .net "RGB0PWM", 0 0, o0000000006592be8;  0 drivers
o0000000006592c18 .functor BUFZ 1, C4<z>; HiZ drive
v00000000065fa6c0_0 .net "RGB1", 0 0, o0000000006592c18;  0 drivers
o0000000006592c48 .functor BUFZ 1, C4<z>; HiZ drive
v00000000065f8640_0 .net "RGB1PWM", 0 0, o0000000006592c48;  0 drivers
o0000000006592c78 .functor BUFZ 1, C4<z>; HiZ drive
v00000000065f9d60_0 .net "RGB2", 0 0, o0000000006592c78;  0 drivers
o0000000006592ca8 .functor BUFZ 1, C4<z>; HiZ drive
v00000000065f85a0_0 .net "RGB2PWM", 0 0, o0000000006592ca8;  0 drivers
o0000000006592cd8 .functor BUFZ 1, C4<z>; HiZ drive
v00000000065f9180_0 .net "RGBLEDEN", 0 0, o0000000006592cd8;  0 drivers
o0000000006592d08 .functor BUFZ 1, C4<z>; HiZ drive
v00000000065f9220_0 .net "RGBPU", 0 0, o0000000006592d08;  0 drivers
S_0000000006582780 .scope module, "SB_SPI" "SB_SPI" 2 2776;
 .timescale -12 -12;
    .port_info 0 /INPUT 1 "SBCLKI";
    .port_info 1 /INPUT 1 "SBRWI";
    .port_info 2 /INPUT 1 "SBSTBI";
    .port_info 3 /INPUT 1 "SBADRI7";
    .port_info 4 /INPUT 1 "SBADRI6";
    .port_info 5 /INPUT 1 "SBADRI5";
    .port_info 6 /INPUT 1 "SBADRI4";
    .port_info 7 /INPUT 1 "SBADRI3";
    .port_info 8 /INPUT 1 "SBADRI2";
    .port_info 9 /INPUT 1 "SBADRI1";
    .port_info 10 /INPUT 1 "SBADRI0";
    .port_info 11 /INPUT 1 "SBDATI7";
    .port_info 12 /INPUT 1 "SBDATI6";
    .port_info 13 /INPUT 1 "SBDATI5";
    .port_info 14 /INPUT 1 "SBDATI4";
    .port_info 15 /INPUT 1 "SBDATI3";
    .port_info 16 /INPUT 1 "SBDATI2";
    .port_info 17 /INPUT 1 "SBDATI1";
    .port_info 18 /INPUT 1 "SBDATI0";
    .port_info 19 /INPUT 1 "MI";
    .port_info 20 /INPUT 1 "SI";
    .port_info 21 /INPUT 1 "SCKI";
    .port_info 22 /INPUT 1 "SCSNI";
    .port_info 23 /OUTPUT 1 "SBDATO7";
    .port_info 24 /OUTPUT 1 "SBDATO6";
    .port_info 25 /OUTPUT 1 "SBDATO5";
    .port_info 26 /OUTPUT 1 "SBDATO4";
    .port_info 27 /OUTPUT 1 "SBDATO3";
    .port_info 28 /OUTPUT 1 "SBDATO2";
    .port_info 29 /OUTPUT 1 "SBDATO1";
    .port_info 30 /OUTPUT 1 "SBDATO0";
    .port_info 31 /OUTPUT 1 "SBACKO";
    .port_info 32 /OUTPUT 1 "SPIIRQ";
    .port_info 33 /OUTPUT 1 "SPIWKUP";
    .port_info 34 /OUTPUT 1 "SO";
    .port_info 35 /OUTPUT 1 "SOE";
    .port_info 36 /OUTPUT 1 "MO";
    .port_info 37 /OUTPUT 1 "MOE";
    .port_info 38 /OUTPUT 1 "SCKO";
    .port_info 39 /OUTPUT 1 "SCKOE";
    .port_info 40 /OUTPUT 1 "MCSNO3";
    .port_info 41 /OUTPUT 1 "MCSNO2";
    .port_info 42 /OUTPUT 1 "MCSNO1";
    .port_info 43 /OUTPUT 1 "MCSNO0";
    .port_info 44 /OUTPUT 1 "MCSNOE3";
    .port_info 45 /OUTPUT 1 "MCSNOE2";
    .port_info 46 /OUTPUT 1 "MCSNOE1";
    .port_info 47 /OUTPUT 1 "MCSNOE0";
P_000000000653ded0 .param/str "BUS_ADDR74" 0 2 2826, "0b0000";
o0000000006592eb8 .functor BUFZ 1, C4<z>; HiZ drive
v00000000065f9b80_0 .net "MCSNO0", 0 0, o0000000006592eb8;  0 drivers
o0000000006592ee8 .functor BUFZ 1, C4<z>; HiZ drive
v00000000065fa260_0 .net "MCSNO1", 0 0, o0000000006592ee8;  0 drivers
o0000000006592f18 .functor BUFZ 1, C4<z>; HiZ drive
v00000000065f9cc0_0 .net "MCSNO2", 0 0, o0000000006592f18;  0 drivers
o0000000006592f48 .functor BUFZ 1, C4<z>; HiZ drive
v00000000065f9e00_0 .net "MCSNO3", 0 0, o0000000006592f48;  0 drivers
o0000000006592f78 .functor BUFZ 1, C4<z>; HiZ drive
v00000000065f9ea0_0 .net "MCSNOE0", 0 0, o0000000006592f78;  0 drivers
o0000000006592fa8 .functor BUFZ 1, C4<z>; HiZ drive
v00000000065f9f40_0 .net "MCSNOE1", 0 0, o0000000006592fa8;  0 drivers
o0000000006592fd8 .functor BUFZ 1, C4<z>; HiZ drive
v00000000065fa300_0 .net "MCSNOE2", 0 0, o0000000006592fd8;  0 drivers
o0000000006593008 .functor BUFZ 1, C4<z>; HiZ drive
v00000000065fa1c0_0 .net "MCSNOE3", 0 0, o0000000006593008;  0 drivers
o0000000006593038 .functor BUFZ 1, C4<z>; HiZ drive
v00000000065fa440_0 .net "MI", 0 0, o0000000006593038;  0 drivers
o0000000006593068 .functor BUFZ 1, C4<z>; HiZ drive
v00000000065fa620_0 .net "MO", 0 0, o0000000006593068;  0 drivers
o0000000006593098 .functor BUFZ 1, C4<z>; HiZ drive
v00000000065f8000_0 .net "MOE", 0 0, o0000000006593098;  0 drivers
o00000000065930c8 .functor BUFZ 1, C4<z>; HiZ drive
v00000000065f80a0_0 .net "SBACKO", 0 0, o00000000065930c8;  0 drivers
o00000000065930f8 .functor BUFZ 1, C4<z>; HiZ drive
v00000000065f8140_0 .net "SBADRI0", 0 0, o00000000065930f8;  0 drivers
o0000000006593128 .functor BUFZ 1, C4<z>; HiZ drive
v00000000065f86e0_0 .net "SBADRI1", 0 0, o0000000006593128;  0 drivers
o0000000006593158 .functor BUFZ 1, C4<z>; HiZ drive
v00000000065fa800_0 .net "SBADRI2", 0 0, o0000000006593158;  0 drivers
o0000000006593188 .functor BUFZ 1, C4<z>; HiZ drive
v00000000065fada0_0 .net "SBADRI3", 0 0, o0000000006593188;  0 drivers
o00000000065931b8 .functor BUFZ 1, C4<z>; HiZ drive
v00000000065fab20_0 .net "SBADRI4", 0 0, o00000000065931b8;  0 drivers
o00000000065931e8 .functor BUFZ 1, C4<z>; HiZ drive
v00000000065faee0_0 .net "SBADRI5", 0 0, o00000000065931e8;  0 drivers
o0000000006593218 .functor BUFZ 1, C4<z>; HiZ drive
v00000000065fad00_0 .net "SBADRI6", 0 0, o0000000006593218;  0 drivers
o0000000006593248 .functor BUFZ 1, C4<z>; HiZ drive
v00000000065fae40_0 .net "SBADRI7", 0 0, o0000000006593248;  0 drivers
o0000000006593278 .functor BUFZ 1, C4<z>; HiZ drive
v00000000065fabc0_0 .net "SBCLKI", 0 0, o0000000006593278;  0 drivers
o00000000065932a8 .functor BUFZ 1, C4<z>; HiZ drive
v00000000065fa9e0_0 .net "SBDATI0", 0 0, o00000000065932a8;  0 drivers
o00000000065932d8 .functor BUFZ 1, C4<z>; HiZ drive
v00000000065fa8a0_0 .net "SBDATI1", 0 0, o00000000065932d8;  0 drivers
o0000000006593308 .functor BUFZ 1, C4<z>; HiZ drive
v00000000065fac60_0 .net "SBDATI2", 0 0, o0000000006593308;  0 drivers
o0000000006593338 .functor BUFZ 1, C4<z>; HiZ drive
v00000000065fa940_0 .net "SBDATI3", 0 0, o0000000006593338;  0 drivers
o0000000006593368 .functor BUFZ 1, C4<z>; HiZ drive
v00000000065faa80_0 .net "SBDATI4", 0 0, o0000000006593368;  0 drivers
o0000000006593398 .functor BUFZ 1, C4<z>; HiZ drive
v00000000065f3e60_0 .net "SBDATI5", 0 0, o0000000006593398;  0 drivers
o00000000065933c8 .functor BUFZ 1, C4<z>; HiZ drive
v00000000065f3be0_0 .net "SBDATI6", 0 0, o00000000065933c8;  0 drivers
o00000000065933f8 .functor BUFZ 1, C4<z>; HiZ drive
v00000000065f3780_0 .net "SBDATI7", 0 0, o00000000065933f8;  0 drivers
o0000000006593428 .functor BUFZ 1, C4<z>; HiZ drive
v00000000065f53a0_0 .net "SBDATO0", 0 0, o0000000006593428;  0 drivers
o0000000006593458 .functor BUFZ 1, C4<z>; HiZ drive
v00000000065f4ae0_0 .net "SBDATO1", 0 0, o0000000006593458;  0 drivers
o0000000006593488 .functor BUFZ 1, C4<z>; HiZ drive
v00000000065f40e0_0 .net "SBDATO2", 0 0, o0000000006593488;  0 drivers
o00000000065934b8 .functor BUFZ 1, C4<z>; HiZ drive
v00000000065f3dc0_0 .net "SBDATO3", 0 0, o00000000065934b8;  0 drivers
o00000000065934e8 .functor BUFZ 1, C4<z>; HiZ drive
v00000000065f4b80_0 .net "SBDATO4", 0 0, o00000000065934e8;  0 drivers
o0000000006593518 .functor BUFZ 1, C4<z>; HiZ drive
v00000000065f4180_0 .net "SBDATO5", 0 0, o0000000006593518;  0 drivers
o0000000006593548 .functor BUFZ 1, C4<z>; HiZ drive
v00000000065f4860_0 .net "SBDATO6", 0 0, o0000000006593548;  0 drivers
o0000000006593578 .functor BUFZ 1, C4<z>; HiZ drive
v00000000065f4e00_0 .net "SBDATO7", 0 0, o0000000006593578;  0 drivers
o00000000065935a8 .functor BUFZ 1, C4<z>; HiZ drive
v00000000065f33c0_0 .net "SBRWI", 0 0, o00000000065935a8;  0 drivers
o00000000065935d8 .functor BUFZ 1, C4<z>; HiZ drive
v00000000065f3aa0_0 .net "SBSTBI", 0 0, o00000000065935d8;  0 drivers
o0000000006593608 .functor BUFZ 1, C4<z>; HiZ drive
v00000000065f5120_0 .net "SCKI", 0 0, o0000000006593608;  0 drivers
o0000000006593638 .functor BUFZ 1, C4<z>; HiZ drive
v00000000065f3820_0 .net "SCKO", 0 0, o0000000006593638;  0 drivers
o0000000006593668 .functor BUFZ 1, C4<z>; HiZ drive
v00000000065f38c0_0 .net "SCKOE", 0 0, o0000000006593668;  0 drivers
o0000000006593698 .functor BUFZ 1, C4<z>; HiZ drive
v00000000065f3b40_0 .net "SCSNI", 0 0, o0000000006593698;  0 drivers
o00000000065936c8 .functor BUFZ 1, C4<z>; HiZ drive
v00000000065f51c0_0 .net "SI", 0 0, o00000000065936c8;  0 drivers
o00000000065936f8 .functor BUFZ 1, C4<z>; HiZ drive
v00000000065f5440_0 .net "SO", 0 0, o00000000065936f8;  0 drivers
o0000000006593728 .functor BUFZ 1, C4<z>; HiZ drive
v00000000065f3960_0 .net "SOE", 0 0, o0000000006593728;  0 drivers
o0000000006593758 .functor BUFZ 1, C4<z>; HiZ drive
v00000000065f5080_0 .net "SPIIRQ", 0 0, o0000000006593758;  0 drivers
o0000000006593788 .functor BUFZ 1, C4<z>; HiZ drive
v00000000065f36e0_0 .net "SPIWKUP", 0 0, o0000000006593788;  0 drivers
S_0000000006583a40 .scope module, "SB_SPRAM256KA" "SB_SPRAM256KA" 2 2600;
 .timescale -12 -12;
    .port_info 0 /INPUT 14 "ADDRESS";
    .port_info 1 /INPUT 16 "DATAIN";
    .port_info 2 /INPUT 4 "MASKWREN";
    .port_info 3 /INPUT 1 "WREN";
    .port_info 4 /INPUT 1 "CHIPSELECT";
    .port_info 5 /INPUT 1 "CLOCK";
    .port_info 6 /INPUT 1 "STANDBY";
    .port_info 7 /INPUT 1 "SLEEP";
    .port_info 8 /INPUT 1 "POWEROFF";
    .port_info 9 /OUTPUT 16 "DATAOUT";
o0000000006594208 .functor BUFZ 1, C4<z>; HiZ drive
L_000000000656c580 .functor OR 1, o0000000006594208, L_00000000066536b0, C4<0>, C4<0>;
o00000000065940b8 .functor BUFZ 14, C4<zzzzzzzzzzzzzz>; HiZ drive
v00000000065f31e0_0 .net "ADDRESS", 13 0, o00000000065940b8;  0 drivers
o00000000065940e8 .functor BUFZ 1, C4<z>; HiZ drive
v00000000065f4fe0_0 .net "CHIPSELECT", 0 0, o00000000065940e8;  0 drivers
o0000000006594118 .functor BUFZ 1, C4<z>; HiZ drive
v00000000065f4ea0_0 .net "CLOCK", 0 0, o0000000006594118;  0 drivers
o0000000006594148 .functor BUFZ 16, C4<zzzzzzzzzzzzzzzz>; HiZ drive
v00000000065f47c0_0 .net "DATAIN", 15 0, o0000000006594148;  0 drivers
v00000000065f3a00_0 .var "DATAOUT", 15 0;
o00000000065941a8 .functor BUFZ 4, C4<zzzz>; HiZ drive
v00000000065f42c0_0 .net "MASKWREN", 3 0, o00000000065941a8;  0 drivers
o00000000065941d8 .functor BUFZ 1, C4<z>; HiZ drive
v00000000065f3c80_0 .net "POWEROFF", 0 0, o00000000065941d8;  0 drivers
v00000000065f5260_0 .net "SLEEP", 0 0, o0000000006594208;  0 drivers
o0000000006594238 .functor BUFZ 1, C4<z>; HiZ drive
v00000000065f3640_0 .net "STANDBY", 0 0, o0000000006594238;  0 drivers
o0000000006594268 .functor BUFZ 1, C4<z>; HiZ drive
v00000000065f3d20_0 .net "WREN", 0 0, o0000000006594268;  0 drivers
v00000000065f4220_0 .net *"_ivl_1", 0 0, L_00000000066536b0;  1 drivers
v00000000065f3280_0 .var/i "i", 31 0;
v00000000065f54e0 .array "mem", 16383 0, 15 0;
v00000000065f3f00_0 .net "off", 0 0, L_000000000656c580;  1 drivers
E_000000000653f7d0 .event posedge, v00000000065f3f00_0, v00000000065f4ea0_0;
E_000000000653ee90 .event negedge, v00000000065f3c80_0;
L_00000000066536b0 .reduce/nor o00000000065941d8;
S_0000000006582dc0 .scope module, "SB_WARMBOOT" "SB_WARMBOOT" 2 2593;
 .timescale -12 -12;
    .port_info 0 /INPUT 1 "BOOT";
    .port_info 1 /INPUT 1 "S1";
    .port_info 2 /INPUT 1 "S0";
o0000000006594508 .functor BUFZ 1, C4<z>; HiZ drive
v00000000065f5760_0 .net "BOOT", 0 0, o0000000006594508;  0 drivers
o0000000006594538 .functor BUFZ 1, C4<z>; HiZ drive
v00000000065f3000_0 .net "S0", 0 0, o0000000006594538;  0 drivers
o0000000006594568 .functor BUFZ 1, C4<z>; HiZ drive
v00000000065f4360_0 .net "S1", 0 0, o0000000006594568;  0 drivers
S_0000000006583590 .scope module, "midi_tb" "midi_tb" 3 5;
 .timescale -9 -11;
P_000000000653dcd0 .param/l "DURATION" 1 3 18, +C4<00000000000000000010011100010000>;
v00000000065f7420_0 .var "clk", 0 0;
v00000000065f6c00_0 .var "key_one", 0 0;
v00000000065f7a60_0 .var "key_zero", 0 0;
v00000000065f6840_0 .net "led", 1 0, v00000000065f6340_0;  1 drivers
v00000000065f62a0_0 .var "rst", 0 0;
v00000000065f7d80_0 .var "set", 0 0;
S_00000000065ef290 .scope module, "uut" "mini_midi" 3 26, 4 1 0, S_0000000006583590;
 .timescale -12 -12;
    .port_info 0 /INPUT 1 "rst";
    .port_info 1 /INPUT 1 "clk";
    .port_info 2 /INPUT 1 "set";
    .port_info 3 /INPUT 1 "key_zero";
    .port_info 4 /INPUT 1 "key_one";
    .port_info 5 /OUTPUT 2 "led";
P_00000000063d58b0 .param/l "STATE_IDLE" 1 4 35, C4<00>;
P_00000000063d58e8 .param/l "STATE_PLAYING" 1 4 36, C4<01>;
P_00000000063d5920 .param/l "STATE_SETTING" 1 4 37, C4<10>;
L_000000000656c890 .functor NOT 1, v00000000065f62a0_0, C4<0>, C4<0>, C4<0>;
L_000000000656d1c0 .functor NOT 1, v00000000065f7d80_0, C4<0>, C4<0>, C4<0>;
L_000000000656ceb0 .functor NOT 1, v00000000065f7a60_0, C4<0>, C4<0>, C4<0>;
L_000000000656be80 .functor NOT 1, v00000000065f6c00_0, C4<0>, C4<0>, C4<0>;
v00000000065f6de0_0 .net "clk", 0 0, v00000000065f7420_0;  1 drivers
v00000000065f6a20_0 .net "clk_led", 0 0, v00000000065f35a0_0;  1 drivers
v00000000065f7c40_0 .net "counter_wire", 3 0, v00000000065f4a40_0;  1 drivers
v00000000065f7560_0 .net "db_key0", 0 0, L_000000000656c350;  1 drivers
v00000000065f6520_0 .net "db_key1", 0 0, L_000000000656d3f0;  1 drivers
v00000000065f7060_0 .net "db_set", 0 0, L_000000000656c510;  1 drivers
v00000000065f6ac0_0 .var "go", 0 0;
v00000000065f60c0_0 .net "input_key0", 0 0, L_000000000656ceb0;  1 drivers
v00000000065f7600_0 .net "input_key1", 0 0, L_000000000656be80;  1 drivers
v00000000065f7740_0 .net "input_rst", 0 0, L_000000000656c890;  1 drivers
v00000000065f7ba0_0 .net "input_set", 0 0, L_000000000656d1c0;  1 drivers
v00000000065f7ce0_0 .net "intermediate_go", 0 0, v00000000065f4040_0;  1 drivers
v00000000065f6700_0 .net "key_one", 0 0, v00000000065f6c00_0;  1 drivers
v00000000065f63e0_0 .net "key_zero", 0 0, v00000000065f7a60_0;  1 drivers
v00000000065f5f80_0 .net "led", 1 0, v00000000065f6340_0;  alias, 1 drivers
v00000000065f71a0_0 .var "r_addr", 3 0;
v00000000065f68e0_0 .var "r_en", 0 0;
v00000000065f6b60_0 .net "rst", 0 0, v00000000065f62a0_0;  1 drivers
v00000000065f6fc0_0 .net "set", 0 0, v00000000065f7d80_0;  1 drivers
v00000000065f7240_0 .var "state", 1 0;
v00000000065f7920_0 .var "w_addr", 3 0;
v00000000065f6ca0_0 .var "w_data", 1 0;
v00000000065f79c0_0 .var "w_en", 0 0;
S_00000000065efa60 .scope module, "clk_leds" "clock_divider" 4 71, 5 2 0, S_00000000065ef290;
 .timescale -12 -12;
    .port_info 0 /INPUT 1 "clk";
    .port_info 1 /INPUT 1 "rst";
    .port_info 2 /OUTPUT 1 "out";
P_000000000641fef0 .param/l "COUNT_WIDTH" 0 5 5, +C4<00000000000000000000000000100000>;
P_000000000641ff28 .param/l "MAX_COUNT" 0 5 6, C4<000000000000000000000000000000101>;
v00000000065f5300_0 .net "clk", 0 0, v00000000065f7420_0;  alias, 1 drivers
v00000000065f4400_0 .var "count", 32 0;
v00000000065f35a0_0 .var "out", 0 0;
v00000000065f5620_0 .net "rst", 0 0, L_000000000656c890;  alias, 1 drivers
E_000000000653f010 .event posedge, v00000000065f5620_0, v00000000065f5300_0;
S_00000000065f03c0 .scope module, "counter_block" "counter" 4 90, 6 1 0, S_00000000065ef290;
 .timescale -12 -12;
    .port_info 0 /INPUT 1 "clk";
    .port_info 1 /INPUT 1 "rst";
    .port_info 2 /INPUT 1 "go_btn";
    .port_info 3 /OUTPUT 1 "done_sig";
    .port_info 4 /OUTPUT 4 "o_led";
P_00000000065fd3f0 .param/l "MAX_LED_COUNT" 1 6 24, C4<1111>;
P_00000000065fd428 .param/l "MIN_LED_COUNT" 1 6 25, C4<0000>;
P_00000000065fd460 .param/l "STATE_COUNTING" 1 6 20, C4<01>;
P_00000000065fd498 .param/l "STATE_DECOUNTING" 1 6 21, C4<10>;
P_00000000065fd4d0 .param/l "STATE_IDLE" 1 6 19, C4<00>;
P_00000000065fd508 .param/l "option" 0 6 4, +C4<00000000000000000000000000000001>;
v00000000065f3460_0 .net "clk", 0 0, v00000000065f35a0_0;  alias, 1 drivers
v00000000065f4040_0 .var "done_sig", 0 0;
v00000000065f44a0_0 .net "go_btn", 0 0, v00000000065f6ac0_0;  1 drivers
v00000000065f4a40_0 .var "o_led", 3 0;
v00000000065f4540_0 .net "rst", 0 0, L_000000000656c890;  alias, 1 drivers
v00000000065f4cc0_0 .var "state", 1 0;
E_000000000653f410 .event posedge, v00000000065f5620_0, v00000000065f35a0_0;
S_00000000065f0550 .scope module, "key0_debouncer" "button_debouncer" 4 56, 7 2 0, S_00000000065ef290;
 .timescale -12 -12;
    .port_info 0 /INPUT 1 "rst";
    .port_info 1 /INPUT 1 "clk";
    .port_info 2 /INPUT 1 "button";
    .port_info 3 /OUTPUT 1 "db_button";
L_000000000656d0e0 .functor AND 1, v00000000065f4680_0, v00000000065f56c0_0, C4<1>, C4<1>;
L_000000000656c350 .functor AND 1, L_000000000656d0e0, v00000000065f4720_0, C4<1>, C4<1>;
v00000000065f45e0_0 .net *"_ivl_0", 0 0, L_000000000656d0e0;  1 drivers
v00000000065f30a0_0 .net "button", 0 0, L_000000000656ceb0;  alias, 1 drivers
v00000000065f5580_0 .net "clk", 0 0, v00000000065f7420_0;  alias, 1 drivers
v00000000065f4f40_0 .net "db_button", 0 0, L_000000000656c350;  alias, 1 drivers
v00000000065f4680_0 .var "delay1", 0 0;
v00000000065f56c0_0 .var "delay2", 0 0;
v00000000065f4720_0 .var "delay3", 0 0;
v00000000065f4900_0 .net "rst", 0 0, L_000000000656c890;  alias, 1 drivers
S_00000000065eede0 .scope module, "key1_debouncer" "button_debouncer" 4 63, 7 2 0, S_00000000065ef290;
 .timescale -12 -12;
    .port_info 0 /INPUT 1 "rst";
    .port_info 1 /INPUT 1 "clk";
    .port_info 2 /INPUT 1 "button";
    .port_info 3 /OUTPUT 1 "db_button";
L_000000000656d070 .functor AND 1, v00000000065f4d60_0, v00000000065f3500_0, C4<1>, C4<1>;
L_000000000656d3f0 .functor AND 1, L_000000000656d070, v00000000065f6160_0, C4<1>, C4<1>;
v00000000065f49a0_0 .net *"_ivl_0", 0 0, L_000000000656d070;  1 drivers
v00000000065f3320_0 .net "button", 0 0, L_000000000656be80;  alias, 1 drivers
v00000000065f3140_0 .net "clk", 0 0, v00000000065f7420_0;  alias, 1 drivers
v00000000065f4c20_0 .net "db_button", 0 0, L_000000000656d3f0;  alias, 1 drivers
v00000000065f4d60_0 .var "delay1", 0 0;
v00000000065f3500_0 .var "delay2", 0 0;
v00000000065f6160_0 .var "delay3", 0 0;
v00000000065f74c0_0 .net "rst", 0 0, L_000000000656c890;  alias, 1 drivers
S_00000000065ee7a0 .scope module, "my_memory" "memory" 4 78, 8 2 0, S_00000000065ef290;
 .timescale -12 -12;
    .port_info 0 /INPUT 1 "clk";
    .port_info 1 /INPUT 1 "rst";
    .port_info 2 /INPUT 1 "w_en";
    .port_info 3 /INPUT 1 "r_en";
    .port_info 4 /INPUT 4 "w_addr";
    .port_info 5 /INPUT 4 "r_addr";
    .port_info 6 /INPUT 2 "w_data";
    .port_info 7 /OUTPUT 2 "r_data";
P_000000000653f2d0 .param/str "INIT_FILE" 0 8 5, "\000";
v00000000065f7880_0 .net "clk", 0 0, v00000000065f7420_0;  alias, 1 drivers
v00000000065f6480_0 .var/i "i", 31 0;
v00000000065f7ec0 .array "mem", 15 0, 1 0;
v00000000065f5e40_0 .net "r_addr", 3 0, v00000000065f71a0_0;  1 drivers
v00000000065f6340_0 .var "r_data", 1 0;
v00000000065f5a80_0 .net "r_en", 0 0, v00000000065f68e0_0;  1 drivers
v00000000065f6020_0 .net "rst", 0 0, L_000000000656c890;  alias, 1 drivers
v00000000065f6660_0 .net "w_addr", 3 0, v00000000065f7920_0;  1 drivers
v00000000065f5ee0_0 .net "w_data", 1 0, v00000000065f6ca0_0;  1 drivers
v00000000065f7b00_0 .net "w_en", 0 0, v00000000065f79c0_0;  1 drivers
S_00000000065ee930 .scope module, "set_debouncer" "button_debouncer" 4 49, 7 2 0, S_00000000065ef290;
 .timescale -12 -12;
    .port_info 0 /INPUT 1 "rst";
    .port_info 1 /INPUT 1 "clk";
    .port_info 2 /INPUT 1 "button";
    .port_info 3 /OUTPUT 1 "db_button";
L_000000000656c3c0 .functor AND 1, v00000000065f76a0_0, v00000000065f6200_0, C4<1>, C4<1>;
L_000000000656c510 .functor AND 1, L_000000000656c3c0, v00000000065f7380_0, C4<1>, C4<1>;
v00000000065f6f20_0 .net *"_ivl_0", 0 0, L_000000000656c3c0;  1 drivers
v00000000065f6d40_0 .net "button", 0 0, L_000000000656d1c0;  alias, 1 drivers
v00000000065f72e0_0 .net "clk", 0 0, v00000000065f7420_0;  alias, 1 drivers
v00000000065f77e0_0 .net "db_button", 0 0, L_000000000656c510;  alias, 1 drivers
v00000000065f76a0_0 .var "delay1", 0 0;
v00000000065f6200_0 .var "delay2", 0 0;
v00000000065f7380_0 .var "delay3", 0 0;
v00000000065f6980_0 .net "rst", 0 0, L_000000000656c890;  alias, 1 drivers
    .scope S_000000000656dff0;
T_2 ;
    %pushi/vec4 0, 0, 1;
    %store/vec4 v0000000006509560_0, 0, 1;
    %pushi/vec4 0, 0, 1;
    %store/vec4 v0000000006509740_0, 0, 1;
    %end;
    .thread T_2;
    .scope S_000000000656dff0;
T_3 ;
    %wait E_000000000653e490;
    %load/vec4 v0000000006570350_0;
    %flag_set/vec4 8;
    %jmp/0xz  T_3.0, 8;
    %load/vec4 v0000000006570990_0;
    %flag_set/vec4 8;
    %jmp/0 T_3.2, 8;
    %pushi/vec4 0, 0, 1;
    %jmp/1 T_3.3, 8;
T_3.2 ; End of true expr.
    %load/vec4 v00000000065707b0_0;
    %jmp/0 T_3.3, 8;
 ; End of false expr.
    %blend;
T_3.3;
    %assign/vec4 v0000000006509560_0, 0;
T_3.0 ;
    %jmp T_3;
    .thread T_3;
    .scope S_000000000656dff0;
T_4 ;
    %wait E_000000000653e450;
    %load/vec4 v0000000006570990_0;
    %flag_set/vec4 8;
    %jmp/0xz  T_4.0, 8;
    %pushi/vec4 0, 0, 1;
    %assign/vec4 v0000000006509740_0, 0;
    %jmp T_4.1;
T_4.0 ;
    %load/vec4 v0000000006570350_0;
    %flag_set/vec4 8;
    %jmp/0xz  T_4.2, 8;
    %load/vec4 v00000000065707b0_0;
    %assign/vec4 v0000000006509740_0, 0;
T_4.2 ;
T_4.1 ;
    %jmp T_4;
    .thread T_4;
    .scope S_00000000065838b0;
T_5 ;
    %pushi/vec4 0, 0, 32;
    %store/vec4 v00000000065cb860_0, 0, 32;
T_5.0 ; Top of for-loop 
    %load/vec4 v00000000065cb860_0;
    %cmpi/s 16, 0, 32;
    %jmp/0xz T_5.1, 5;
    %pushi/vec4 0, 0, 256;
    %load/vec4 v00000000065cb860_0;
    %muli 16, 0, 32;
    %part/s 16;
    %pushi/vec4 0, 0, 32;
    %load/vec4 v00000000065cb860_0;
    %add;
    %ix/vec4/s 4;
    %store/vec4a v00000000065cb4a0, 4, 0;
    %pushi/vec4 0, 0, 256;
    %load/vec4 v00000000065cb860_0;
    %muli 16, 0, 32;
    %part/s 16;
    %pushi/vec4 16, 0, 32;
    %load/vec4 v00000000065cb860_0;
    %add;
    %ix/vec4/s 4;
    %store/vec4a v00000000065cb4a0, 4, 0;
    %pushi/vec4 0, 0, 256;
    %load/vec4 v00000000065cb860_0;
    %muli 16, 0, 32;
    %part/s 16;
    %pushi/vec4 32, 0, 32;
    %load/vec4 v00000000065cb860_0;
    %add;
    %ix/vec4/s 4;
    %store/vec4a v00000000065cb4a0, 4, 0;
    %pushi/vec4 0, 0, 256;
    %load/vec4 v00000000065cb860_0;
    %muli 16, 0, 32;
    %part/s 16;
    %pushi/vec4 48, 0, 32;
    %load/vec4 v00000000065cb860_0;
    %add;
    %ix/vec4/s 4;
    %store/vec4a v00000000065cb4a0, 4, 0;
    %pushi/vec4 0, 0, 256;
    %load/vec4 v00000000065cb860_0;
    %muli 16, 0, 32;
    %part/s 16;
    %pushi/vec4 64, 0, 32;
    %load/vec4 v00000000065cb860_0;
    %add;
    %ix/vec4/s 4;
    %store/vec4a v00000000065cb4a0, 4, 0;
    %pushi/vec4 0, 0, 256;
    %load/vec4 v00000000065cb860_0;
    %muli 16, 0, 32;
    %part/s 16;
    %pushi/vec4 80, 0, 32;
    %load/vec4 v00000000065cb860_0;
    %add;
    %ix/vec4/s 4;
    %store/vec4a v00000000065cb4a0, 4, 0;
    %pushi/vec4 0, 0, 256;
    %load/vec4 v00000000065cb860_0;
    %muli 16, 0, 32;
    %part/s 16;
    %pushi/vec4 96, 0, 32;
    %load/vec4 v00000000065cb860_0;
    %add;
    %ix/vec4/s 4;
    %store/vec4a v00000000065cb4a0, 4, 0;
    %pushi/vec4 0, 0, 256;
    %load/vec4 v00000000065cb860_0;
    %muli 16, 0, 32;
    %part/s 16;
    %pushi/vec4 112, 0, 32;
    %load/vec4 v00000000065cb860_0;
    %add;
    %ix/vec4/s 4;
    %store/vec4a v00000000065cb4a0, 4, 0;
    %pushi/vec4 0, 0, 256;
    %load/vec4 v00000000065cb860_0;
    %muli 16, 0, 32;
    %part/s 16;
    %pushi/vec4 128, 0, 32;
    %load/vec4 v00000000065cb860_0;
    %add;
    %ix/vec4/s 4;
    %store/vec4a v00000000065cb4a0, 4, 0;
    %pushi/vec4 0, 0, 256;
    %load/vec4 v00000000065cb860_0;
    %muli 16, 0, 32;
    %part/s 16;
    %pushi/vec4 144, 0, 32;
    %load/vec4 v00000000065cb860_0;
    %add;
    %ix/vec4/s 4;
    %store/vec4a v00000000065cb4a0, 4, 0;
    %pushi/vec4 0, 0, 256;
    %load/vec4 v00000000065cb860_0;
    %muli 16, 0, 32;
    %part/s 16;
    %pushi/vec4 160, 0, 32;
    %load/vec4 v00000000065cb860_0;
    %add;
    %ix/vec4/s 4;
    %store/vec4a v00000000065cb4a0, 4, 0;
    %pushi/vec4 0, 0, 256;
    %load/vec4 v00000000065cb860_0;
    %muli 16, 0, 32;
    %part/s 16;
    %pushi/vec4 176, 0, 32;
    %load/vec4 v00000000065cb860_0;
    %add;
    %ix/vec4/s 4;
    %store/vec4a v00000000065cb4a0, 4, 0;
    %pushi/vec4 0, 0, 256;
    %load/vec4 v00000000065cb860_0;
    %muli 16, 0, 32;
    %part/s 16;
    %pushi/vec4 192, 0, 32;
    %load/vec4 v00000000065cb860_0;
    %add;
    %ix/vec4/s 4;
    %store/vec4a v00000000065cb4a0, 4, 0;
    %pushi/vec4 0, 0, 256;
    %load/vec4 v00000000065cb860_0;
    %muli 16, 0, 32;
    %part/s 16;
    %pushi/vec4 208, 0, 32;
    %load/vec4 v00000000065cb860_0;
    %add;
    %ix/vec4/s 4;
    %store/vec4a v00000000065cb4a0, 4, 0;
    %pushi/vec4 0, 0, 256;
    %load/vec4 v00000000065cb860_0;
    %muli 16, 0, 32;
    %part/s 16;
    %pushi/vec4 224, 0, 32;
    %load/vec4 v00000000065cb860_0;
    %add;
    %ix/vec4/s 4;
    %store/vec4a v00000000065cb4a0, 4, 0;
    %pushi/vec4 0, 0, 256;
    %load/vec4 v00000000065cb860_0;
    %muli 16, 0, 32;
    %part/s 16;
    %pushi/vec4 240, 0, 32;
    %load/vec4 v00000000065cb860_0;
    %add;
    %ix/vec4/s 4;
    %store/vec4a v00000000065cb4a0, 4, 0;
T_5.2 ; for-loop step statement
    %load/vec4 v00000000065cb860_0;
    %addi 1, 0, 32;
    %store/vec4 v00000000065cb860_0, 0, 32;
    %jmp T_5.0;
T_5.1 ; for-loop exit label
    %end;
    .thread T_5;
    .scope S_00000000065838b0;
T_6 ;
    %wait E_000000000653e690;
    %load/vec4 v00000000064c3f50_0;
    %flag_set/vec4 9;
    %flag_get/vec4 9;
    %jmp/0 T_6.2, 9;
    %load/vec4 v00000000064f3f90_0;
    %and;
T_6.2;
    %flag_set/vec4 8;
    %jmp/0xz  T_6.0, 8;
    %load/vec4 v00000000065042f0_0;
    %parti/s 1, 0, 2;
    %nor/r;
    %flag_set/vec4 8;
    %jmp/0xz  T_6.3, 8;
    %load/vec4 v00000000064c3d70_0;
    %parti/s 1, 0, 2;
    %load/vec4 v00000000064f34f0_0;
    %parti/s 8, 0, 2;
    %pad/u 10;
    %ix/vec4 3;
    %ix/load 4, 0, 0; Constant delay
    %assign/vec4/a/d v00000000065cb4a0, 0, 4;
T_6.3 ;
    %load/vec4 v00000000065042f0_0;
    %parti/s 1, 1, 2;
    %nor/r;
    %flag_set/vec4 8;
    %jmp/0xz  T_6.5, 8;
    %load/vec4 v00000000064c3d70_0;
    %parti/s 1, 1, 2;
    %load/vec4 v00000000064f34f0_0;
    %parti/s 8, 0, 2;
    %pad/u 10;
    %ix/vec4 3;
    %ix/load 4, 1, 0; part off
    %ix/load 5, 0, 0; Constant delay
    %assign/vec4/a/d v00000000065cb4a0, 4, 5;
T_6.5 ;
    %load/vec4 v00000000065042f0_0;
    %parti/s 1, 2, 3;
    %nor/r;
    %flag_set/vec4 8;
    %jmp/0xz  T_6.7, 8;
    %load/vec4 v00000000064c3d70_0;
    %parti/s 1, 2, 3;
    %load/vec4 v00000000064f34f0_0;
    %parti/s 8, 0, 2;
    %pad/u 10;
    %ix/vec4 3;
    %ix/load 4, 2, 0; part off
    %ix/load 5, 0, 0; Constant delay
    %assign/vec4/a/d v00000000065cb4a0, 4, 5;
T_6.7 ;
    %load/vec4 v00000000065042f0_0;
    %parti/s 1, 3, 3;
    %nor/r;
    %flag_set/vec4 8;
    %jmp/0xz  T_6.9, 8;
    %load/vec4 v00000000064c3d70_0;
    %parti/s 1, 3, 3;
    %load/vec4 v00000000064f34f0_0;
    %parti/s 8, 0, 2;
    %pad/u 10;
    %ix/vec4 3;
    %ix/load 4, 3, 0; part off
    %ix/load 5, 0, 0; Constant delay
    %assign/vec4/a/d v00000000065cb4a0, 4, 5;
T_6.9 ;
    %load/vec4 v00000000065042f0_0;
    %parti/s 1, 4, 4;
    %nor/r;
    %flag_set/vec4 8;
    %jmp/0xz  T_6.11, 8;
    %load/vec4 v00000000064c3d70_0;
    %parti/s 1, 4, 4;
    %load/vec4 v00000000064f34f0_0;
    %parti/s 8, 0, 2;
    %pad/u 10;
    %ix/vec4 3;
    %ix/load 4, 4, 0; part off
    %ix/load 5, 0, 0; Constant delay
    %assign/vec4/a/d v00000000065cb4a0, 4, 5;
T_6.11 ;
    %load/vec4 v00000000065042f0_0;
    %parti/s 1, 5, 4;
    %nor/r;
    %flag_set/vec4 8;
    %jmp/0xz  T_6.13, 8;
    %load/vec4 v00000000064c3d70_0;
    %parti/s 1, 5, 4;
    %load/vec4 v00000000064f34f0_0;
    %parti/s 8, 0, 2;
    %pad/u 10;
    %ix/vec4 3;
    %ix/load 4, 5, 0; part off
    %ix/load 5, 0, 0; Constant delay
    %assign/vec4/a/d v00000000065cb4a0, 4, 5;
T_6.13 ;
    %load/vec4 v00000000065042f0_0;
    %parti/s 1, 6, 4;
    %nor/r;
    %flag_set/vec4 8;
    %jmp/0xz  T_6.15, 8;
    %load/vec4 v00000000064c3d70_0;
    %parti/s 1, 6, 4;
    %load/vec4 v00000000064f34f0_0;
    %parti/s 8, 0, 2;
    %pad/u 10;
    %ix/vec4 3;
    %ix/load 4, 6, 0; part off
    %ix/load 5, 0, 0; Constant delay
    %assign/vec4/a/d v00000000065cb4a0, 4, 5;
T_6.15 ;
    %load/vec4 v00000000065042f0_0;
    %parti/s 1, 7, 4;
    %nor/r;
    %flag_set/vec4 8;
    %jmp/0xz  T_6.17, 8;
    %load/vec4 v00000000064c3d70_0;
    %parti/s 1, 7, 4;
    %load/vec4 v00000000064f34f0_0;
    %parti/s 8, 0, 2;
    %pad/u 10;
    %ix/vec4 3;
    %ix/load 4, 7, 0; part off
    %ix/load 5, 0, 0; Constant delay
    %assign/vec4/a/d v00000000065cb4a0, 4, 5;
T_6.17 ;
    %load/vec4 v00000000065042f0_0;
    %parti/s 1, 8, 5;
    %nor/r;
    %flag_set/vec4 8;
    %jmp/0xz  T_6.19, 8;
    %load/vec4 v00000000064c3d70_0;
    %parti/s 1, 8, 5;
    %load/vec4 v00000000064f34f0_0;
    %parti/s 8, 0, 2;
    %pad/u 10;
    %ix/vec4 3;
    %ix/load 4, 8, 0; part off
    %ix/load 5, 0, 0; Constant delay
    %assign/vec4/a/d v00000000065cb4a0, 4, 5;
T_6.19 ;
    %load/vec4 v00000000065042f0_0;
    %parti/s 1, 9, 5;
    %nor/r;
    %flag_set/vec4 8;
    %jmp/0xz  T_6.21, 8;
    %load/vec4 v00000000064c3d70_0;
    %parti/s 1, 9, 5;
    %load/vec4 v00000000064f34f0_0;
    %parti/s 8, 0, 2;
    %pad/u 10;
    %ix/vec4 3;
    %ix/load 4, 9, 0; part off
    %ix/load 5, 0, 0; Constant delay
    %assign/vec4/a/d v00000000065cb4a0, 4, 5;
T_6.21 ;
    %load/vec4 v00000000065042f0_0;
    %parti/s 1, 10, 5;
    %nor/r;
    %flag_set/vec4 8;
    %jmp/0xz  T_6.23, 8;
    %load/vec4 v00000000064c3d70_0;
    %parti/s 1, 10, 5;
    %load/vec4 v00000000064f34f0_0;
    %parti/s 8, 0, 2;
    %pad/u 10;
    %ix/vec4 3;
    %ix/load 4, 10, 0; part off
    %ix/load 5, 0, 0; Constant delay
    %assign/vec4/a/d v00000000065cb4a0, 4, 5;
T_6.23 ;
    %load/vec4 v00000000065042f0_0;
    %parti/s 1, 11, 5;
    %nor/r;
    %flag_set/vec4 8;
    %jmp/0xz  T_6.25, 8;
    %load/vec4 v00000000064c3d70_0;
    %parti/s 1, 11, 5;
    %load/vec4 v00000000064f34f0_0;
    %parti/s 8, 0, 2;
    %pad/u 10;
    %ix/vec4 3;
    %ix/load 4, 11, 0; part off
    %ix/load 5, 0, 0; Constant delay
    %assign/vec4/a/d v00000000065cb4a0, 4, 5;
T_6.25 ;
    %load/vec4 v00000000065042f0_0;
    %parti/s 1, 12, 5;
    %nor/r;
    %flag_set/vec4 8;
    %jmp/0xz  T_6.27, 8;
    %load/vec4 v00000000064c3d70_0;
    %parti/s 1, 12, 5;
    %load/vec4 v00000000064f34f0_0;
    %parti/s 8, 0, 2;
    %pad/u 10;
    %ix/vec4 3;
    %ix/load 4, 12, 0; part off
    %ix/load 5, 0, 0; Constant delay
    %assign/vec4/a/d v00000000065cb4a0, 4, 5;
T_6.27 ;
    %load/vec4 v00000000065042f0_0;
    %parti/s 1, 13, 5;
    %nor/r;
    %flag_set/vec4 8;
    %jmp/0xz  T_6.29, 8;
    %load/vec4 v00000000064c3d70_0;
    %parti/s 1, 13, 5;
    %load/vec4 v00000000064f34f0_0;
    %parti/s 8, 0, 2;
    %pad/u 10;
    %ix/vec4 3;
    %ix/load 4, 13, 0; part off
    %ix/load 5, 0, 0; Constant delay
    %assign/vec4/a/d v00000000065cb4a0, 4, 5;
T_6.29 ;
    %load/vec4 v00000000065042f0_0;
    %parti/s 1, 14, 5;
    %nor/r;
    %flag_set/vec4 8;
    %jmp/0xz  T_6.31, 8;
    %load/vec4 v00000000064c3d70_0;
    %parti/s 1, 14, 5;
    %load/vec4 v00000000064f34f0_0;
    %parti/s 8, 0, 2;
    %pad/u 10;
    %ix/vec4 3;
    %ix/load 4, 14, 0; part off
    %ix/load 5, 0, 0; Constant delay
    %assign/vec4/a/d v00000000065cb4a0, 4, 5;
T_6.31 ;
    %load/vec4 v00000000065042f0_0;
    %parti/s 1, 15, 5;
    %nor/r;
    %flag_set/vec4 8;
    %jmp/0xz  T_6.33, 8;
    %load/vec4 v00000000064c3d70_0;
    %parti/s 1, 15, 5;
    %load/vec4 v00000000064f34f0_0;
    %parti/s 8, 0, 2;
    %pad/u 10;
    %ix/vec4 3;
    %ix/load 4, 15, 0; part off
    %ix/load 5, 0, 0; Constant delay
    %assign/vec4/a/d v00000000065cb4a0, 4, 5;
T_6.33 ;
T_6.0 ;
    %jmp T_6;
    .thread T_6;
    .scope S_00000000065838b0;
T_7 ;
    %wait E_000000000653e4d0;
    %load/vec4 v0000000006524220_0;
    %flag_set/vec4 9;
    %flag_get/vec4 9;
    %jmp/0 T_7.2, 9;
    %load/vec4 v0000000006525760_0;
    %and;
T_7.2;
    %flag_set/vec4 8;
    %jmp/0xz  T_7.0, 8;
    %load/vec4 v0000000006523aa0_0;
    %parti/s 8, 0, 2;
    %pad/u 10;
    %ix/vec4 4;
    %load/vec4a v00000000065cb4a0, 4;
    %load/vec4 v00000000064f38b0_0;
    %inv;
    %and;
    %assign/vec4 v0000000006523c80_0, 0;
T_7.0 ;
    %jmp T_7;
    .thread T_7;
    .scope S_000000000656ecd0;
T_8 ;
    %pushi/vec4 0, 0, 1;
    %store/vec4 v00000000065d0d30_0, 0, 1;
    %end;
    .thread T_8;
    .scope S_000000000656ecd0;
T_9 ;
    %wait E_000000000653df10;
    %load/vec4 v00000000065d0bf0_0;
    %assign/vec4 v00000000065d0d30_0, 0;
    %jmp T_9;
    .thread T_9;
    .scope S_0000000004ac3020;
T_10 ;
    %pushi/vec4 0, 0, 1;
    %store/vec4 v00000000065d1da0_0, 0, 1;
    %end;
    .thread T_10;
    .scope S_0000000004ac3020;
T_11 ;
    %wait E_000000000653e650;
    %load/vec4 v00000000065d3920_0;
    %flag_set/vec4 8;
    %jmp/0xz  T_11.0, 8;
    %load/vec4 v00000000065d3240_0;
    %assign/vec4 v00000000065d1da0_0, 0;
T_11.0 ;
    %jmp T_11;
    .thread T_11;
    .scope S_0000000004ac31b0;
T_12 ;
    %pushi/vec4 0, 0, 1;
    %store/vec4 v00000000065d3d80_0, 0, 1;
    %end;
    .thread T_12;
    .scope S_0000000004ac31b0;
T_13 ;
    %wait E_000000000653e7d0;
    %load/vec4 v00000000065d2f20_0;
    %flag_set/vec4 8;
    %jmp/0xz  T_13.0, 8;
    %pushi/vec4 0, 0, 1;
    %assign/vec4 v00000000065d3d80_0, 0;
    %jmp T_13.1;
T_13.0 ;
    %load/vec4 v00000000065d2160_0;
    %flag_set/vec4 8;
    %jmp/0xz  T_13.2, 8;
    %load/vec4 v00000000065d2a20_0;
    %assign/vec4 v00000000065d3d80_0, 0;
T_13.2 ;
T_13.1 ;
    %jmp T_13;
    .thread T_13;
    .scope S_0000000004ac3340;
T_14 ;
    %pushi/vec4 0, 0, 1;
    %store/vec4 v00000000065d27a0_0, 0, 1;
    %end;
    .thread T_14;
    .scope S_0000000004ac3340;
T_15 ;
    %wait E_000000000653e810;
    %load/vec4 v00000000065d3b00_0;
    %flag_set/vec4 8;
    %jmp/0xz  T_15.0, 8;
    %pushi/vec4 1, 0, 1;
    %assign/vec4 v00000000065d27a0_0, 0;
    %jmp T_15.1;
T_15.0 ;
    %load/vec4 v00000000065d3e20_0;
    %flag_set/vec4 8;
    %jmp/0xz  T_15.2, 8;
    %load/vec4 v00000000065d4280_0;
    %assign/vec4 v00000000065d27a0_0, 0;
T_15.2 ;
T_15.1 ;
    %jmp T_15;
    .thread T_15;
    .scope S_0000000004ac7930;
T_16 ;
    %pushi/vec4 0, 0, 1;
    %store/vec4 v00000000065d2ac0_0, 0, 1;
    %end;
    .thread T_16;
    .scope S_0000000004ac7930;
T_17 ;
    %wait E_000000000653dc90;
    %load/vec4 v00000000065d2980_0;
    %flag_set/vec4 8;
    %jmp/0xz  T_17.0, 8;
    %load/vec4 v00000000065d2200_0;
    %flag_set/vec4 8;
    %jmp/0xz  T_17.2, 8;
    %pushi/vec4 0, 0, 1;
    %assign/vec4 v00000000065d2ac0_0, 0;
    %jmp T_17.3;
T_17.2 ;
    %load/vec4 v00000000065d2840_0;
    %assign/vec4 v00000000065d2ac0_0, 0;
T_17.3 ;
T_17.0 ;
    %jmp T_17;
    .thread T_17;
    .scope S_0000000004ac7ac0;
T_18 ;
    %pushi/vec4 0, 0, 1;
    %store/vec4 v00000000065d3420_0, 0, 1;
    %end;
    .thread T_18;
    .scope S_0000000004ac7ac0;
T_19 ;
    %wait E_000000000653e050;
    %load/vec4 v00000000065d3880_0;
    %flag_set/vec4 8;
    %jmp/0xz  T_19.0, 8;
    %load/vec4 v00000000065d3f60_0;
    %flag_set/vec4 8;
    %jmp/0xz  T_19.2, 8;
    %pushi/vec4 1, 0, 1;
    %assign/vec4 v00000000065d3420_0, 0;
    %jmp T_19.3;
T_19.2 ;
    %load/vec4 v00000000065d2fc0_0;
    %assign/vec4 v00000000065d3420_0, 0;
T_19.3 ;
T_19.0 ;
    %jmp T_19;
    .thread T_19;
    .scope S_0000000004ac7c50;
T_20 ;
    %pushi/vec4 0, 0, 1;
    %store/vec4 v00000000065d2c00_0, 0, 1;
    %end;
    .thread T_20;
    .scope S_0000000004ac7c50;
T_21 ;
    %wait E_000000000653dd10;
    %load/vec4 v00000000065d1bc0_0;
    %assign/vec4 v00000000065d2c00_0, 0;
    %jmp T_21;
    .thread T_21;
    .scope S_0000000004ad1fa0;
T_22 ;
    %pushi/vec4 0, 0, 1;
    %store/vec4 v00000000065d3740_0, 0, 1;
    %end;
    .thread T_22;
    .scope S_0000000004ad1fa0;
T_23 ;
    %wait E_000000000653e0d0;
    %load/vec4 v00000000065d2ca0_0;
    %flag_set/vec4 8;
    %jmp/0xz  T_23.0, 8;
    %load/vec4 v00000000065d2e80_0;
    %assign/vec4 v00000000065d3740_0, 0;
T_23.0 ;
    %jmp T_23;
    .thread T_23;
    .scope S_0000000004ad2130;
T_24 ;
    %pushi/vec4 0, 0, 1;
    %store/vec4 v00000000065d2340_0, 0, 1;
    %end;
    .thread T_24;
    .scope S_0000000004ad2130;
T_25 ;
    %wait E_000000000653e890;
    %load/vec4 v00000000065d3ba0_0;
    %flag_set/vec4 8;
    %jmp/0xz  T_25.0, 8;
    %pushi/vec4 0, 0, 1;
    %assign/vec4 v00000000065d2340_0, 0;
    %jmp T_25.1;
T_25.0 ;
    %load/vec4 v00000000065d34c0_0;
    %flag_set/vec4 8;
    %jmp/0xz  T_25.2, 8;
    %load/vec4 v00000000065d25c0_0;
    %assign/vec4 v00000000065d2340_0, 0;
T_25.2 ;
T_25.1 ;
    %jmp T_25;
    .thread T_25;
    .scope S_0000000004ad22c0;
T_26 ;
    %pushi/vec4 0, 0, 1;
    %store/vec4 v00000000065d32e0_0, 0, 1;
    %end;
    .thread T_26;
    .scope S_0000000004ad22c0;
T_27 ;
    %wait E_000000000653e850;
    %load/vec4 v00000000065d3380_0;
    %flag_set/vec4 8;
    %jmp/0xz  T_27.0, 8;
    %pushi/vec4 1, 0, 1;
    %assign/vec4 v00000000065d32e0_0, 0;
    %jmp T_27.1;
T_27.0 ;
    %load/vec4 v00000000065d1c60_0;
    %flag_set/vec4 8;
    %jmp/0xz  T_27.2, 8;
    %load/vec4 v00000000065d2480_0;
    %assign/vec4 v00000000065d32e0_0, 0;
T_27.2 ;
T_27.1 ;
    %jmp T_27;
    .thread T_27;
    .scope S_0000000004acedd0;
T_28 ;
    %pushi/vec4 0, 0, 1;
    %store/vec4 v00000000065d1e40_0, 0, 1;
    %end;
    .thread T_28;
    .scope S_0000000004acedd0;
T_29 ;
    %wait E_000000000653dd50;
    %load/vec4 v00000000065d28e0_0;
    %flag_set/vec4 8;
    %jmp/0xz  T_29.0, 8;
    %load/vec4 v00000000065d22a0_0;
    %flag_set/vec4 8;
    %jmp/0xz  T_29.2, 8;
    %pushi/vec4 0, 0, 1;
    %assign/vec4 v00000000065d1e40_0, 0;
    %jmp T_29.3;
T_29.2 ;
    %load/vec4 v00000000065d1d00_0;
    %assign/vec4 v00000000065d1e40_0, 0;
T_29.3 ;
T_29.0 ;
    %jmp T_29;
    .thread T_29;
    .scope S_000000000657a730;
T_30 ;
    %pushi/vec4 0, 0, 1;
    %store/vec4 v00000000065d2020_0, 0, 1;
    %end;
    .thread T_30;
    .scope S_000000000657a730;
T_31 ;
    %wait E_000000000653e110;
    %load/vec4 v00000000065d1ee0_0;
    %flag_set/vec4 8;
    %jmp/0xz  T_31.0, 8;
    %load/vec4 v00000000065d23e0_0;
    %flag_set/vec4 8;
    %jmp/0xz  T_31.2, 8;
    %pushi/vec4 1, 0, 1;
    %assign/vec4 v00000000065d2020_0, 0;
    %jmp T_31.3;
T_31.2 ;
    %load/vec4 v00000000065d20c0_0;
    %assign/vec4 v00000000065d2020_0, 0;
T_31.3 ;
T_31.0 ;
    %jmp T_31;
    .thread T_31;
    .scope S_000000000657a5a0;
T_32 ;
    %pushi/vec4 0, 0, 1;
    %store/vec4 v00000000065d2660_0, 0, 1;
    %end;
    .thread T_32;
    .scope S_000000000657a5a0;
T_33 ;
    %wait E_000000000653e150;
    %load/vec4 v00000000065d2700_0;
    %flag_set/vec4 8;
    %jmp/0xz  T_33.0, 8;
    %pushi/vec4 0, 0, 1;
    %assign/vec4 v00000000065d2660_0, 0;
    %jmp T_33.1;
T_33.0 ;
    %load/vec4 v00000000065d2520_0;
    %assign/vec4 v00000000065d2660_0, 0;
T_33.1 ;
    %jmp T_33;
    .thread T_33;
    .scope S_000000000657a8c0;
T_34 ;
    %pushi/vec4 0, 0, 1;
    %store/vec4 v00000000065d3100_0, 0, 1;
    %end;
    .thread T_34;
    .scope S_000000000657a8c0;
T_35 ;
    %wait E_000000000653fa50;
    %load/vec4 v00000000065d31a0_0;
    %flag_set/vec4 8;
    %jmp/0xz  T_35.0, 8;
    %pushi/vec4 1, 0, 1;
    %assign/vec4 v00000000065d3100_0, 0;
    %jmp T_35.1;
T_35.0 ;
    %load/vec4 v00000000065d3060_0;
    %assign/vec4 v00000000065d3100_0, 0;
T_35.1 ;
    %jmp T_35;
    .thread T_35;
    .scope S_000000000657abe0;
T_36 ;
    %pushi/vec4 0, 0, 1;
    %store/vec4 v00000000065d41e0_0, 0, 1;
    %end;
    .thread T_36;
    .scope S_000000000657abe0;
T_37 ;
    %wait E_000000000653f1d0;
    %load/vec4 v00000000065d3560_0;
    %flag_set/vec4 8;
    %jmp/0xz  T_37.0, 8;
    %pushi/vec4 0, 0, 1;
    %assign/vec4 v00000000065d41e0_0, 0;
    %jmp T_37.1;
T_37.0 ;
    %load/vec4 v00000000065d4140_0;
    %assign/vec4 v00000000065d41e0_0, 0;
T_37.1 ;
    %jmp T_37;
    .thread T_37;
    .scope S_000000000657aa50;
T_38 ;
    %pushi/vec4 0, 0, 1;
    %store/vec4 v00000000065d4460_0, 0, 1;
    %end;
    .thread T_38;
    .scope S_000000000657aa50;
T_39 ;
    %wait E_000000000653eb90;
    %load/vec4 v00000000065d4500_0;
    %flag_set/vec4 8;
    %jmp/0xz  T_39.0, 8;
    %pushi/vec4 1, 0, 1;
    %assign/vec4 v00000000065d4460_0, 0;
    %jmp T_39.1;
T_39.0 ;
    %load/vec4 v00000000065d36a0_0;
    %assign/vec4 v00000000065d4460_0, 0;
T_39.1 ;
    %jmp T_39;
    .thread T_39;
    .scope S_000000000657ad70;
T_40 ;
    %pushi/vec4 0, 0, 1;
    %store/vec4 v00000000065d4640_0, 0, 1;
    %end;
    .thread T_40;
    .scope S_000000000657ad70;
T_41 ;
    %wait E_000000000653fa90;
    %load/vec4 v00000000065d4960_0;
    %flag_set/vec4 8;
    %jmp/0xz  T_41.0, 8;
    %pushi/vec4 0, 0, 1;
    %assign/vec4 v00000000065d4640_0, 0;
    %jmp T_41.1;
T_41.0 ;
    %load/vec4 v00000000065d4be0_0;
    %assign/vec4 v00000000065d4640_0, 0;
T_41.1 ;
    %jmp T_41;
    .thread T_41;
    .scope S_000000000657af00;
T_42 ;
    %pushi/vec4 0, 0, 1;
    %store/vec4 v00000000065d5540_0, 0, 1;
    %end;
    .thread T_42;
    .scope S_000000000657af00;
T_43 ;
    %wait E_000000000653f990;
    %load/vec4 v00000000065d5360_0;
    %flag_set/vec4 8;
    %jmp/0xz  T_43.0, 8;
    %pushi/vec4 1, 0, 1;
    %assign/vec4 v00000000065d5540_0, 0;
    %jmp T_43.1;
T_43.0 ;
    %load/vec4 v00000000065d4fa0_0;
    %assign/vec4 v00000000065d5540_0, 0;
T_43.1 ;
    %jmp T_43;
    .thread T_43;
    .scope S_000000000657a0f0;
T_44 ;
    %pushi/vec4 0, 0, 1;
    %store/vec4 v00000000065d4a00_0, 0, 1;
    %end;
    .thread T_44;
    .scope S_000000000657a0f0;
T_45 ;
    %wait E_000000000653ec90;
    %load/vec4 v00000000065d5180_0;
    %flag_set/vec4 8;
    %jmp/0xz  T_45.0, 8;
    %pushi/vec4 0, 0, 1;
    %assign/vec4 v00000000065d4a00_0, 0;
    %jmp T_45.1;
T_45.0 ;
    %load/vec4 v00000000065d50e0_0;
    %assign/vec4 v00000000065d4a00_0, 0;
T_45.1 ;
    %jmp T_45;
    .thread T_45;
    .scope S_000000000657a410;
T_46 ;
    %pushi/vec4 0, 0, 1;
    %store/vec4 v00000000065d4b40_0, 0, 1;
    %end;
    .thread T_46;
    .scope S_000000000657a410;
T_47 ;
    %wait E_000000000653f350;
    %load/vec4 v00000000065d46e0_0;
    %flag_set/vec4 8;
    %jmp/0xz  T_47.0, 8;
    %pushi/vec4 1, 0, 1;
    %assign/vec4 v00000000065d4b40_0, 0;
    %jmp T_47.1;
T_47.0 ;
    %load/vec4 v00000000065d5220_0;
    %assign/vec4 v00000000065d4b40_0, 0;
T_47.1 ;
    %jmp T_47;
    .thread T_47;
    .scope S_00000000065830e0;
T_48 ;
    %wait E_000000000653ecd0;
    %load/vec4 v00000000065d57c0_0;
    %assign/vec4 v00000000065d5900_0, 0;
    %jmp T_48;
    .thread T_48;
    .scope S_00000000065830e0;
T_49 ;
    %wait E_000000000653ecd0;
    %load/vec4 v00000000065d57c0_0;
    %flag_set/vec4 8;
    %jmp/0xz  T_49.0, 8;
    %load/vec4 v00000000065d5680_0;
    %assign/vec4 v00000000065d7f70_0, 0;
T_49.0 ;
    %jmp T_49;
    .thread T_49;
    .scope S_00000000065830e0;
T_50 ;
    %wait E_000000000653f290;
    %load/vec4 v00000000065d5900_0;
    %flag_set/vec4 8;
    %jmp/0xz  T_50.0, 8;
    %load/vec4 v00000000065d5680_0;
    %assign/vec4 v00000000065d6350_0, 0;
T_50.0 ;
    %jmp T_50;
    .thread T_50;
    .scope S_00000000065830e0;
T_51 ;
    %wait E_000000000653f910;
    %load/vec4 v00000000065d57c0_0;
    %assign/vec4 v00000000065d43c0_0, 0;
    %jmp T_51;
    .thread T_51;
    .scope S_00000000065830e0;
T_52 ;
    %wait E_000000000653f910;
    %load/vec4 v00000000065d57c0_0;
    %flag_set/vec4 8;
    %jmp/0xz  T_52.0, 8;
    %load/vec4 v00000000065d4820_0;
    %assign/vec4 v00000000065d6210_0, 0;
T_52.0 ;
    %jmp T_52;
    .thread T_52;
    .scope S_00000000065830e0;
T_53 ;
    %wait E_000000000653f650;
    %load/vec4 v00000000065d43c0_0;
    %flag_set/vec4 8;
    %jmp/0xz  T_53.0, 8;
    %load/vec4 v00000000065d45a0_0;
    %assign/vec4 v00000000065d74d0_0, 0;
T_53.0 ;
    %jmp T_53;
    .thread T_53;
    .scope S_00000000065830e0;
T_54 ;
    %wait E_000000000653f910;
    %load/vec4 v00000000065d57c0_0;
    %flag_set/vec4 8;
    %jmp/0xz  T_54.0, 8;
    %load/vec4 v00000000065d55e0_0;
    %assign/vec4 v00000000065d71b0_0, 0;
T_54.0 ;
    %jmp T_54;
    .thread T_54;
    .scope S_0000000006582aa0;
T_55 ;
    %wait E_000000000653f690;
    %load/vec4 v00000000065d7f70_0;
    %store/vec4 v00000000065d7390_0, 0, 1;
    %load/vec4 v00000000065d6350_0;
    %store/vec4 v00000000065d67b0_0, 0, 1;
    %jmp T_55;
    .thread T_55, $push;
    .scope S_0000000006582aa0;
T_56 ;
    %wait E_000000000653f390;
    %load/vec4 v00000000065d4dc0_0;
    %assign/vec4 v00000000065d6530_0, 0;
    %jmp T_56;
    .thread T_56, $push;
    .scope S_0000000006582aa0;
T_57 ;
    %wait E_000000000653f950;
    %load/vec4 v00000000065d6530_0;
    %assign/vec4 v00000000065d7c50_0, 0;
    %jmp T_57;
    .thread T_57, $push;
    .scope S_0000000006582aa0;
T_58 ;
    %wait E_000000000653f550;
    %load/vec4 v00000000065d7c50_0;
    %pushi/vec4 0, 0, 1;
    %xor;
    %flag_set/vec4 8;
    %jmp/1 T_58.2, 8;
    %pushi/vec4 0, 0, 1;
    %flag_set/vec4 9;
    %flag_or 8, 9;
T_58.2;
    %jmp/0 T_58.0, 8;
    %load/vec4 v00000000065d6210_0;
    %jmp/1 T_58.1, 8;
T_58.0 ; End of true expr.
    %load/vec4 v00000000065d74d0_0;
    %jmp/0 T_58.1, 8;
 ; End of false expr.
    %blend;
T_58.1;
    %store/vec4 v00000000065d7bb0_0, 0, 1;
    %jmp T_58;
    .thread T_58, $push;
    .scope S_00000000065822d0;
T_59 ;
    %wait E_000000000653f790;
    %load/vec4 v00000000065d83d0_0;
    %flag_set/vec4 8;
    %jmp/0xz  T_59.0, 8;
    %load/vec4 v00000000065d8dd0_0;
    %assign/vec4 v00000000065d9870_0, 0;
T_59.0 ;
    %jmp T_59;
    .thread T_59;
    .scope S_00000000065822d0;
T_60 ;
    %wait E_000000000653f810;
    %load/vec4 v00000000065d83d0_0;
    %flag_set/vec4 8;
    %jmp/0xz  T_60.0, 8;
    %load/vec4 v00000000065d8dd0_0;
    %assign/vec4 v00000000065d8970_0, 0;
T_60.0 ;
    %jmp T_60;
    .thread T_60;
    .scope S_00000000065822d0;
T_61 ;
    %wait E_000000000653eed0;
    %load/vec4 v00000000065d83d0_0;
    %flag_set/vec4 8;
    %jmp/0xz  T_61.0, 8;
    %load/vec4 v00000000065d8330_0;
    %assign/vec4 v00000000065d8bf0_0, 0;
T_61.0 ;
    %jmp T_61;
    .thread T_61;
    .scope S_00000000065822d0;
T_62 ;
    %wait E_000000000653fb10;
    %load/vec4 v00000000065d83d0_0;
    %flag_set/vec4 8;
    %jmp/0xz  T_62.0, 8;
    %load/vec4 v00000000065d8f10_0;
    %assign/vec4 v00000000065d8650_0, 0;
T_62.0 ;
    %jmp T_62;
    .thread T_62;
    .scope S_00000000065822d0;
T_63 ;
    %wait E_000000000653eed0;
    %load/vec4 v00000000065d83d0_0;
    %flag_set/vec4 8;
    %jmp/0xz  T_63.0, 8;
    %load/vec4 v00000000065d8d30_0;
    %assign/vec4 v00000000065d92d0_0, 0;
T_63.0 ;
    %jmp T_63;
    .thread T_63;
    .scope S_000000000657c230;
T_64 ;
    %wait E_000000000653f090;
    %load/vec4 v00000000065d9870_0;
    %store/vec4 v00000000065d90f0_0, 0, 1;
    %load/vec4 v00000000065d8970_0;
    %store/vec4 v00000000065d9050_0, 0, 1;
    %jmp T_64;
    .thread T_64, $push;
    .scope S_000000000657c230;
T_65 ;
    %wait E_000000000653ed50;
    %load/vec4 v00000000065d8b50_0;
    %assign/vec4 v00000000065d86f0_0, 0;
    %jmp T_65;
    .thread T_65, $push;
    .scope S_000000000657c230;
T_66 ;
    %wait E_000000000653f3d0;
    %load/vec4 v00000000065d86f0_0;
    %assign/vec4 v00000000065d8790_0, 0;
    %jmp T_66;
    .thread T_66, $push;
    .scope S_000000000657c230;
T_67 ;
    %wait E_000000000653efd0;
    %load/vec4 v00000000065d8790_0;
    %pushi/vec4 0, 0, 1;
    %xor;
    %flag_set/vec4 8;
    %jmp/1 T_67.2, 8;
    %pushi/vec4 0, 0, 1;
    %flag_set/vec4 9;
    %flag_or 8, 9;
T_67.2;
    %jmp/0 T_67.0, 8;
    %load/vec4 v00000000065d8bf0_0;
    %jmp/1 T_67.1, 8;
T_67.0 ; End of true expr.
    %load/vec4 v00000000065d8650_0;
    %jmp/0 T_67.1, 8;
 ; End of false expr.
    %blend;
T_67.1;
    %store/vec4 v00000000065d9230_0, 0, 1;
    %jmp T_67;
    .thread T_67, $push;
    .scope S_0000000006582140;
T_68 ;
    %wait E_000000000653ec50;
    %load/vec4 v00000000065d99b0_0;
    %flag_set/vec4 8;
    %jmp/0xz  T_68.0, 8;
    %load/vec4 v00000000065da0e0_0;
    %assign/vec4 v00000000065da9a0_0, 0;
T_68.0 ;
    %jmp T_68;
    .thread T_68;
    .scope S_0000000006582140;
T_69 ;
    %wait E_000000000653f750;
    %load/vec4 v00000000065d99b0_0;
    %flag_set/vec4 8;
    %jmp/0xz  T_69.0, 8;
    %load/vec4 v00000000065da0e0_0;
    %assign/vec4 v00000000065d9e60_0, 0;
T_69.0 ;
    %jmp T_69;
    .thread T_69;
    .scope S_0000000006582140;
T_70 ;
    %wait E_000000000653f890;
    %load/vec4 v00000000065d99b0_0;
    %flag_set/vec4 8;
    %jmp/0xz  T_70.0, 8;
    %load/vec4 v00000000065d94b0_0;
    %assign/vec4 v00000000065da360_0, 0;
T_70.0 ;
    %jmp T_70;
    .thread T_70;
    .scope S_0000000006582140;
T_71 ;
    %wait E_000000000653f490;
    %load/vec4 v00000000065d99b0_0;
    %flag_set/vec4 8;
    %jmp/0xz  T_71.0, 8;
    %load/vec4 v00000000065d9550_0;
    %assign/vec4 v00000000065dbf80_0, 0;
T_71.0 ;
    %jmp T_71;
    .thread T_71;
    .scope S_0000000006582140;
T_72 ;
    %wait E_000000000653f890;
    %load/vec4 v00000000065d99b0_0;
    %flag_set/vec4 8;
    %jmp/0xz  T_72.0, 8;
    %load/vec4 v00000000065d97d0_0;
    %assign/vec4 v00000000065dab80_0, 0;
T_72.0 ;
    %jmp T_72;
    .thread T_72;
    .scope S_000000000657bf10;
T_73 ;
    %wait E_000000000653ee10;
    %load/vec4 v00000000065da9a0_0;
    %store/vec4 v00000000065dbb20_0, 0, 1;
    %load/vec4 v00000000065d9e60_0;
    %store/vec4 v00000000065db620_0, 0, 1;
    %jmp T_73;
    .thread T_73, $push;
    .scope S_000000000657bf10;
T_74 ;
    %wait E_000000000653fad0;
    %load/vec4 v00000000065d8830_0;
    %assign/vec4 v00000000065da180_0, 0;
    %jmp T_74;
    .thread T_74, $push;
    .scope S_000000000657bf10;
T_75 ;
    %wait E_000000000653f9d0;
    %load/vec4 v00000000065da180_0;
    %assign/vec4 v00000000065dbbc0_0, 0;
    %jmp T_75;
    .thread T_75, $push;
    .scope S_000000000657bf10;
T_76 ;
    %wait E_000000000653f050;
    %load/vec4 v00000000065dbbc0_0;
    %pushi/vec4 0, 0, 1;
    %xor;
    %flag_set/vec4 8;
    %jmp/1 T_76.2, 8;
    %pushi/vec4 0, 0, 1;
    %flag_set/vec4 9;
    %flag_or 8, 9;
T_76.2;
    %jmp/0 T_76.0, 8;
    %load/vec4 v00000000065da360_0;
    %jmp/1 T_76.1, 8;
T_76.0 ; End of true expr.
    %load/vec4 v00000000065dbf80_0;
    %jmp/0 T_76.1, 8;
 ; End of false expr.
    %blend;
T_76.1;
    %store/vec4 v00000000065d9f00_0, 0, 1;
    %jmp T_76;
    .thread T_76, $push;
    .scope S_000000000657c3c0;
T_77 ;
    %wait E_000000000653f5d0;
    %load/vec4 v00000000065dc340_0;
    %flag_set/vec4 8;
    %jmp/0xz  T_77.0, 8;
    %pushi/vec4 0, 0, 16;
    %assign/vec4 v00000000065e1bb0_0, 0;
    %pushi/vec4 0, 0, 16;
    %assign/vec4 v00000000065e1430_0, 0;
    %jmp T_77.1;
T_77.0 ;
    %load/vec4 v00000000065dd380_0;
    %flag_set/vec4 8;
    %jmp/0xz  T_77.2, 8;
    %load/vec4 v00000000065dd420_0;
    %nor/r;
    %flag_set/vec4 8;
    %jmp/0xz  T_77.4, 8;
    %load/vec4 v00000000065dcfc0_0;
    %assign/vec4 v00000000065e1bb0_0, 0;
T_77.4 ;
    %load/vec4 v00000000065dc200_0;
    %nor/r;
    %flag_set/vec4 8;
    %jmp/0xz  T_77.6, 8;
    %load/vec4 v00000000065dba80_0;
    %assign/vec4 v00000000065e1430_0, 0;
T_77.6 ;
T_77.2 ;
T_77.1 ;
    %jmp T_77;
    .thread T_77;
    .scope S_000000000657c3c0;
T_78 ;
    %wait E_000000000653f6d0;
    %load/vec4 v00000000065dd4c0_0;
    %flag_set/vec4 8;
    %jmp/0xz  T_78.0, 8;
    %pushi/vec4 0, 0, 16;
    %assign/vec4 v00000000065e20b0_0, 0;
    %pushi/vec4 0, 0, 16;
    %assign/vec4 v00000000065e0cb0_0, 0;
    %jmp T_78.1;
T_78.0 ;
    %load/vec4 v00000000065dd380_0;
    %flag_set/vec4 8;
    %jmp/0xz  T_78.2, 8;
    %load/vec4 v00000000065db120_0;
    %nor/r;
    %flag_set/vec4 8;
    %jmp/0xz  T_78.4, 8;
    %load/vec4 v00000000065db080_0;
    %assign/vec4 v00000000065e20b0_0, 0;
T_78.4 ;
    %load/vec4 v00000000065dd7e0_0;
    %nor/r;
    %flag_set/vec4 8;
    %jmp/0xz  T_78.6, 8;
    %load/vec4 v00000000065dd560_0;
    %assign/vec4 v00000000065e0cb0_0, 0;
T_78.6 ;
T_78.2 ;
T_78.1 ;
    %jmp T_78;
    .thread T_78;
    .scope S_000000000657c3c0;
T_79 ;
    %wait E_000000000653f5d0;
    %load/vec4 v00000000065dc340_0;
    %flag_set/vec4 8;
    %jmp/0xz  T_79.0, 8;
    %pushi/vec4 0, 0, 16;
    %assign/vec4 v00000000065e0b70_0, 0;
    %pushi/vec4 0, 0, 16;
    %assign/vec4 v00000000065e0c10_0, 0;
    %jmp T_79.1;
T_79.0 ;
    %load/vec4 v00000000065dd380_0;
    %flag_set/vec4 8;
    %jmp/0xz  T_79.2, 8;
    %load/vec4 v00000000065e1110_0;
    %assign/vec4 v00000000065e0b70_0, 0;
    %load/vec4 v00000000065e19d0_0;
    %assign/vec4 v00000000065e0c10_0, 0;
T_79.2 ;
T_79.1 ;
    %jmp T_79;
    .thread T_79;
    .scope S_000000000657c3c0;
T_80 ;
    %wait E_000000000653f6d0;
    %load/vec4 v00000000065dd4c0_0;
    %flag_set/vec4 8;
    %jmp/0xz  T_80.0, 8;
    %pushi/vec4 0, 0, 16;
    %assign/vec4 v00000000065e0f30_0, 0;
    %pushi/vec4 0, 0, 16;
    %assign/vec4 v00000000065e2150_0, 0;
    %jmp T_80.1;
T_80.0 ;
    %load/vec4 v00000000065dd380_0;
    %flag_set/vec4 8;
    %jmp/0xz  T_80.2, 8;
    %load/vec4 v00000000065e1250_0;
    %assign/vec4 v00000000065e0f30_0, 0;
    %load/vec4 v00000000065e14d0_0;
    %assign/vec4 v00000000065e2150_0, 0;
T_80.2 ;
T_80.1 ;
    %jmp T_80;
    .thread T_80;
    .scope S_000000000657c3c0;
T_81 ;
    %wait E_000000000653f6d0;
    %load/vec4 v00000000065dd4c0_0;
    %flag_set/vec4 8;
    %jmp/0xz  T_81.0, 8;
    %pushi/vec4 0, 0, 32;
    %assign/vec4 v00000000065e26f0_0, 0;
    %jmp T_81.1;
T_81.0 ;
    %load/vec4 v00000000065dd380_0;
    %flag_set/vec4 8;
    %jmp/0xz  T_81.2, 8;
    %load/vec4 v00000000065e2830_0;
    %assign/vec4 v00000000065e26f0_0, 0;
T_81.2 ;
T_81.1 ;
    %jmp T_81;
    .thread T_81;
    .scope S_000000000657c3c0;
T_82 ;
    %wait E_000000000653ebd0;
    %load/vec4 v00000000065dd920_0;
    %flag_set/vec4 8;
    %jmp/0xz  T_82.0, 8;
    %pushi/vec4 0, 0, 16;
    %assign/vec4 v00000000065e0530_0, 0;
    %jmp T_82.1;
T_82.0 ;
    %load/vec4 v00000000065dd380_0;
    %flag_set/vec4 8;
    %jmp/0xz  T_82.2, 8;
    %load/vec4 v00000000065dd600_0;
    %nor/r;
    %flag_set/vec4 8;
    %jmp/0xz  T_82.4, 8;
    %load/vec4 v00000000065e08f0_0;
    %assign/vec4 v00000000065e0530_0, 0;
T_82.4 ;
T_82.2 ;
T_82.1 ;
    %jmp T_82;
    .thread T_82;
    .scope S_000000000657c3c0;
T_83 ;
    %wait E_000000000653f510;
    %load/vec4 v00000000065dc840_0;
    %flag_set/vec4 8;
    %jmp/0xz  T_83.0, 8;
    %pushi/vec4 0, 0, 16;
    %assign/vec4 v00000000065e1c50_0, 0;
    %jmp T_83.1;
T_83.0 ;
    %load/vec4 v00000000065dd380_0;
    %flag_set/vec4 8;
    %jmp/0xz  T_83.2, 8;
    %load/vec4 v00000000065dc5c0_0;
    %nor/r;
    %flag_set/vec4 8;
    %jmp/0xz  T_83.4, 8;
    %load/vec4 v00000000065e2650_0;
    %assign/vec4 v00000000065e1c50_0, 0;
T_83.4 ;
T_83.2 ;
T_83.1 ;
    %jmp T_83;
    .thread T_83;
    .scope S_0000000006582460;
T_84 ;
    %pushi/vec4 0, 0, 32;
    %store/vec4 v00000000065e4810_0, 0, 32;
T_84.0 ; Top of for-loop 
    %load/vec4 v00000000065e4810_0;
    %cmpi/s 16, 0, 32;
    %jmp/0xz T_84.1, 5;
    %pushi/vec4 0, 0, 256;
    %load/vec4 v00000000065e4810_0;
    %muli 16, 0, 32;
    %part/s 16;
    %pushi/vec4 0, 0, 32;
    %load/vec4 v00000000065e4810_0;
    %add;
    %ix/vec4/s 4;
    %store/vec4a v00000000065e3b90, 4, 0;
    %pushi/vec4 0, 0, 256;
    %load/vec4 v00000000065e4810_0;
    %muli 16, 0, 32;
    %part/s 16;
    %pushi/vec4 16, 0, 32;
    %load/vec4 v00000000065e4810_0;
    %add;
    %ix/vec4/s 4;
    %store/vec4a v00000000065e3b90, 4, 0;
    %pushi/vec4 0, 0, 256;
    %load/vec4 v00000000065e4810_0;
    %muli 16, 0, 32;
    %part/s 16;
    %pushi/vec4 32, 0, 32;
    %load/vec4 v00000000065e4810_0;
    %add;
    %ix/vec4/s 4;
    %store/vec4a v00000000065e3b90, 4, 0;
    %pushi/vec4 0, 0, 256;
    %load/vec4 v00000000065e4810_0;
    %muli 16, 0, 32;
    %part/s 16;
    %pushi/vec4 48, 0, 32;
    %load/vec4 v00000000065e4810_0;
    %add;
    %ix/vec4/s 4;
    %store/vec4a v00000000065e3b90, 4, 0;
    %pushi/vec4 0, 0, 256;
    %load/vec4 v00000000065e4810_0;
    %muli 16, 0, 32;
    %part/s 16;
    %pushi/vec4 64, 0, 32;
    %load/vec4 v00000000065e4810_0;
    %add;
    %ix/vec4/s 4;
    %store/vec4a v00000000065e3b90, 4, 0;
    %pushi/vec4 0, 0, 256;
    %load/vec4 v00000000065e4810_0;
    %muli 16, 0, 32;
    %part/s 16;
    %pushi/vec4 80, 0, 32;
    %load/vec4 v00000000065e4810_0;
    %add;
    %ix/vec4/s 4;
    %store/vec4a v00000000065e3b90, 4, 0;
    %pushi/vec4 0, 0, 256;
    %load/vec4 v00000000065e4810_0;
    %muli 16, 0, 32;
    %part/s 16;
    %pushi/vec4 96, 0, 32;
    %load/vec4 v00000000065e4810_0;
    %add;
    %ix/vec4/s 4;
    %store/vec4a v00000000065e3b90, 4, 0;
    %pushi/vec4 0, 0, 256;
    %load/vec4 v00000000065e4810_0;
    %muli 16, 0, 32;
    %part/s 16;
    %pushi/vec4 112, 0, 32;
    %load/vec4 v00000000065e4810_0;
    %add;
    %ix/vec4/s 4;
    %store/vec4a v00000000065e3b90, 4, 0;
    %pushi/vec4 0, 0, 256;
    %load/vec4 v00000000065e4810_0;
    %muli 16, 0, 32;
    %part/s 16;
    %pushi/vec4 128, 0, 32;
    %load/vec4 v00000000065e4810_0;
    %add;
    %ix/vec4/s 4;
    %store/vec4a v00000000065e3b90, 4, 0;
    %pushi/vec4 0, 0, 256;
    %load/vec4 v00000000065e4810_0;
    %muli 16, 0, 32;
    %part/s 16;
    %pushi/vec4 144, 0, 32;
    %load/vec4 v00000000065e4810_0;
    %add;
    %ix/vec4/s 4;
    %store/vec4a v00000000065e3b90, 4, 0;
    %pushi/vec4 0, 0, 256;
    %load/vec4 v00000000065e4810_0;
    %muli 16, 0, 32;
    %part/s 16;
    %pushi/vec4 160, 0, 32;
    %load/vec4 v00000000065e4810_0;
    %add;
    %ix/vec4/s 4;
    %store/vec4a v00000000065e3b90, 4, 0;
    %pushi/vec4 0, 0, 256;
    %load/vec4 v00000000065e4810_0;
    %muli 16, 0, 32;
    %part/s 16;
    %pushi/vec4 176, 0, 32;
    %load/vec4 v00000000065e4810_0;
    %add;
    %ix/vec4/s 4;
    %store/vec4a v00000000065e3b90, 4, 0;
    %pushi/vec4 0, 0, 256;
    %load/vec4 v00000000065e4810_0;
    %muli 16, 0, 32;
    %part/s 16;
    %pushi/vec4 192, 0, 32;
    %load/vec4 v00000000065e4810_0;
    %add;
    %ix/vec4/s 4;
    %store/vec4a v00000000065e3b90, 4, 0;
    %pushi/vec4 0, 0, 256;
    %load/vec4 v00000000065e4810_0;
    %muli 16, 0, 32;
    %part/s 16;
    %pushi/vec4 208, 0, 32;
    %load/vec4 v00000000065e4810_0;
    %add;
    %ix/vec4/s 4;
    %store/vec4a v00000000065e3b90, 4, 0;
    %pushi/vec4 0, 0, 256;
    %load/vec4 v00000000065e4810_0;
    %muli 16, 0, 32;
    %part/s 16;
    %pushi/vec4 224, 0, 32;
    %load/vec4 v00000000065e4810_0;
    %add;
    %ix/vec4/s 4;
    %store/vec4a v00000000065e3b90, 4, 0;
    %pushi/vec4 0, 0, 256;
    %load/vec4 v00000000065e4810_0;
    %muli 16, 0, 32;
    %part/s 16;
    %pushi/vec4 240, 0, 32;
    %load/vec4 v00000000065e4810_0;
    %add;
    %ix/vec4/s 4;
    %store/vec4a v00000000065e3b90, 4, 0;
T_84.2 ; for-loop step statement
    %load/vec4 v00000000065e4810_0;
    %addi 1, 0, 32;
    %store/vec4 v00000000065e4810_0, 0, 32;
    %jmp T_84.0;
T_84.1 ; for-loop exit label
    %end;
    .thread T_84;
    .scope S_0000000006582460;
T_85 ;
    %wait E_000000000653f250;
    %load/vec4 v00000000065e3af0_0;
    %flag_set/vec4 9;
    %flag_get/vec4 9;
    %jmp/0 T_85.2, 9;
    %load/vec4 v00000000065e3370_0;
    %and;
T_85.2;
    %flag_set/vec4 8;
    %jmp/0xz  T_85.0, 8;
    %load/vec4 v00000000065e3550_0;
    %parti/s 1, 0, 2;
    %nor/r;
    %flag_set/vec4 8;
    %jmp/0xz  T_85.3, 8;
    %load/vec4 v00000000065e5170_0;
    %parti/s 1, 0, 2;
    %load/vec4 v00000000065e49f0_0;
    %parti/s 8, 0, 2;
    %pad/u 10;
    %ix/vec4 3;
    %ix/load 4, 0, 0; Constant delay
    %assign/vec4/a/d v00000000065e3b90, 0, 4;
T_85.3 ;
    %load/vec4 v00000000065e3550_0;
    %parti/s 1, 1, 2;
    %nor/r;
    %flag_set/vec4 8;
    %jmp/0xz  T_85.5, 8;
    %load/vec4 v00000000065e5170_0;
    %parti/s 1, 1, 2;
    %load/vec4 v00000000065e49f0_0;
    %parti/s 8, 0, 2;
    %pad/u 10;
    %ix/vec4 3;
    %ix/load 4, 1, 0; part off
    %ix/load 5, 0, 0; Constant delay
    %assign/vec4/a/d v00000000065e3b90, 4, 5;
T_85.5 ;
    %load/vec4 v00000000065e3550_0;
    %parti/s 1, 2, 3;
    %nor/r;
    %flag_set/vec4 8;
    %jmp/0xz  T_85.7, 8;
    %load/vec4 v00000000065e5170_0;
    %parti/s 1, 2, 3;
    %load/vec4 v00000000065e49f0_0;
    %parti/s 8, 0, 2;
    %pad/u 10;
    %ix/vec4 3;
    %ix/load 4, 2, 0; part off
    %ix/load 5, 0, 0; Constant delay
    %assign/vec4/a/d v00000000065e3b90, 4, 5;
T_85.7 ;
    %load/vec4 v00000000065e3550_0;
    %parti/s 1, 3, 3;
    %nor/r;
    %flag_set/vec4 8;
    %jmp/0xz  T_85.9, 8;
    %load/vec4 v00000000065e5170_0;
    %parti/s 1, 3, 3;
    %load/vec4 v00000000065e49f0_0;
    %parti/s 8, 0, 2;
    %pad/u 10;
    %ix/vec4 3;
    %ix/load 4, 3, 0; part off
    %ix/load 5, 0, 0; Constant delay
    %assign/vec4/a/d v00000000065e3b90, 4, 5;
T_85.9 ;
    %load/vec4 v00000000065e3550_0;
    %parti/s 1, 4, 4;
    %nor/r;
    %flag_set/vec4 8;
    %jmp/0xz  T_85.11, 8;
    %load/vec4 v00000000065e5170_0;
    %parti/s 1, 4, 4;
    %load/vec4 v00000000065e49f0_0;
    %parti/s 8, 0, 2;
    %pad/u 10;
    %ix/vec4 3;
    %ix/load 4, 4, 0; part off
    %ix/load 5, 0, 0; Constant delay
    %assign/vec4/a/d v00000000065e3b90, 4, 5;
T_85.11 ;
    %load/vec4 v00000000065e3550_0;
    %parti/s 1, 5, 4;
    %nor/r;
    %flag_set/vec4 8;
    %jmp/0xz  T_85.13, 8;
    %load/vec4 v00000000065e5170_0;
    %parti/s 1, 5, 4;
    %load/vec4 v00000000065e49f0_0;
    %parti/s 8, 0, 2;
    %pad/u 10;
    %ix/vec4 3;
    %ix/load 4, 5, 0; part off
    %ix/load 5, 0, 0; Constant delay
    %assign/vec4/a/d v00000000065e3b90, 4, 5;
T_85.13 ;
    %load/vec4 v00000000065e3550_0;
    %parti/s 1, 6, 4;
    %nor/r;
    %flag_set/vec4 8;
    %jmp/0xz  T_85.15, 8;
    %load/vec4 v00000000065e5170_0;
    %parti/s 1, 6, 4;
    %load/vec4 v00000000065e49f0_0;
    %parti/s 8, 0, 2;
    %pad/u 10;
    %ix/vec4 3;
    %ix/load 4, 6, 0; part off
    %ix/load 5, 0, 0; Constant delay
    %assign/vec4/a/d v00000000065e3b90, 4, 5;
T_85.15 ;
    %load/vec4 v00000000065e3550_0;
    %parti/s 1, 7, 4;
    %nor/r;
    %flag_set/vec4 8;
    %jmp/0xz  T_85.17, 8;
    %load/vec4 v00000000065e5170_0;
    %parti/s 1, 7, 4;
    %load/vec4 v00000000065e49f0_0;
    %parti/s 8, 0, 2;
    %pad/u 10;
    %ix/vec4 3;
    %ix/load 4, 7, 0; part off
    %ix/load 5, 0, 0; Constant delay
    %assign/vec4/a/d v00000000065e3b90, 4, 5;
T_85.17 ;
    %load/vec4 v00000000065e3550_0;
    %parti/s 1, 8, 5;
    %nor/r;
    %flag_set/vec4 8;
    %jmp/0xz  T_85.19, 8;
    %load/vec4 v00000000065e5170_0;
    %parti/s 1, 8, 5;
    %load/vec4 v00000000065e49f0_0;
    %parti/s 8, 0, 2;
    %pad/u 10;
    %ix/vec4 3;
    %ix/load 4, 8, 0; part off
    %ix/load 5, 0, 0; Constant delay
    %assign/vec4/a/d v00000000065e3b90, 4, 5;
T_85.19 ;
    %load/vec4 v00000000065e3550_0;
    %parti/s 1, 9, 5;
    %nor/r;
    %flag_set/vec4 8;
    %jmp/0xz  T_85.21, 8;
    %load/vec4 v00000000065e5170_0;
    %parti/s 1, 9, 5;
    %load/vec4 v00000000065e49f0_0;
    %parti/s 8, 0, 2;
    %pad/u 10;
    %ix/vec4 3;
    %ix/load 4, 9, 0; part off
    %ix/load 5, 0, 0; Constant delay
    %assign/vec4/a/d v00000000065e3b90, 4, 5;
T_85.21 ;
    %load/vec4 v00000000065e3550_0;
    %parti/s 1, 10, 5;
    %nor/r;
    %flag_set/vec4 8;
    %jmp/0xz  T_85.23, 8;
    %load/vec4 v00000000065e5170_0;
    %parti/s 1, 10, 5;
    %load/vec4 v00000000065e49f0_0;
    %parti/s 8, 0, 2;
    %pad/u 10;
    %ix/vec4 3;
    %ix/load 4, 10, 0; part off
    %ix/load 5, 0, 0; Constant delay
    %assign/vec4/a/d v00000000065e3b90, 4, 5;
T_85.23 ;
    %load/vec4 v00000000065e3550_0;
    %parti/s 1, 11, 5;
    %nor/r;
    %flag_set/vec4 8;
    %jmp/0xz  T_85.25, 8;
    %load/vec4 v00000000065e5170_0;
    %parti/s 1, 11, 5;
    %load/vec4 v00000000065e49f0_0;
    %parti/s 8, 0, 2;
    %pad/u 10;
    %ix/vec4 3;
    %ix/load 4, 11, 0; part off
    %ix/load 5, 0, 0; Constant delay
    %assign/vec4/a/d v00000000065e3b90, 4, 5;
T_85.25 ;
    %load/vec4 v00000000065e3550_0;
    %parti/s 1, 12, 5;
    %nor/r;
    %flag_set/vec4 8;
    %jmp/0xz  T_85.27, 8;
    %load/vec4 v00000000065e5170_0;
    %parti/s 1, 12, 5;
    %load/vec4 v00000000065e49f0_0;
    %parti/s 8, 0, 2;
    %pad/u 10;
    %ix/vec4 3;
    %ix/load 4, 12, 0; part off
    %ix/load 5, 0, 0; Constant delay
    %assign/vec4/a/d v00000000065e3b90, 4, 5;
T_85.27 ;
    %load/vec4 v00000000065e3550_0;
    %parti/s 1, 13, 5;
    %nor/r;
    %flag_set/vec4 8;
    %jmp/0xz  T_85.29, 8;
    %load/vec4 v00000000065e5170_0;
    %parti/s 1, 13, 5;
    %load/vec4 v00000000065e49f0_0;
    %parti/s 8, 0, 2;
    %pad/u 10;
    %ix/vec4 3;
    %ix/load 4, 13, 0; part off
    %ix/load 5, 0, 0; Constant delay
    %assign/vec4/a/d v00000000065e3b90, 4, 5;
T_85.29 ;
    %load/vec4 v00000000065e3550_0;
    %parti/s 1, 14, 5;
    %nor/r;
    %flag_set/vec4 8;
    %jmp/0xz  T_85.31, 8;
    %load/vec4 v00000000065e5170_0;
    %parti/s 1, 14, 5;
    %load/vec4 v00000000065e49f0_0;
    %parti/s 8, 0, 2;
    %pad/u 10;
    %ix/vec4 3;
    %ix/load 4, 14, 0; part off
    %ix/load 5, 0, 0; Constant delay
    %assign/vec4/a/d v00000000065e3b90, 4, 5;
T_85.31 ;
    %load/vec4 v00000000065e3550_0;
    %parti/s 1, 15, 5;
    %nor/r;
    %flag_set/vec4 8;
    %jmp/0xz  T_85.33, 8;
    %load/vec4 v00000000065e5170_0;
    %parti/s 1, 15, 5;
    %load/vec4 v00000000065e49f0_0;
    %parti/s 8, 0, 2;
    %pad/u 10;
    %ix/vec4 3;
    %ix/load 4, 15, 0; part off
    %ix/load 5, 0, 0; Constant delay
    %assign/vec4/a/d v00000000065e3b90, 4, 5;
T_85.33 ;
T_85.0 ;
    %jmp T_85;
    .thread T_85;
    .scope S_0000000006582460;
T_86 ;
    %wait E_000000000653f590;
    %load/vec4 v00000000065e32d0_0;
    %flag_set/vec4 9;
    %flag_get/vec4 9;
    %jmp/0 T_86.2, 9;
    %load/vec4 v00000000065e2fb0_0;
    %and;
T_86.2;
    %flag_set/vec4 8;
    %jmp/0xz  T_86.0, 8;
    %load/vec4 v00000000065e4bd0_0;
    %parti/s 8, 0, 2;
    %pad/u 10;
    %ix/vec4 4;
    %load/vec4a v00000000065e3b90, 4;
    %load/vec4 v00000000065e4b30_0;
    %inv;
    %and;
    %assign/vec4 v00000000065e5030_0, 0;
T_86.0 ;
    %jmp T_86;
    .thread T_86;
    .scope S_00000000065efd80;
T_87 ;
    %pushi/vec4 0, 0, 32;
    %store/vec4 v00000000065e58f0_0, 0, 32;
T_87.0 ; Top of for-loop 
    %load/vec4 v00000000065e58f0_0;
    %cmpi/s 16, 0, 32;
    %jmp/0xz T_87.1, 5;
    %pushi/vec4 0, 0, 256;
    %load/vec4 v00000000065e58f0_0;
    %muli 16, 0, 32;
    %part/s 16;
    %pushi/vec4 0, 0, 32;
    %load/vec4 v00000000065e58f0_0;
    %add;
    %ix/vec4/s 4;
    %store/vec4a v00000000065e5990, 4, 0;
    %pushi/vec4 0, 0, 256;
    %load/vec4 v00000000065e58f0_0;
    %muli 16, 0, 32;
    %part/s 16;
    %pushi/vec4 16, 0, 32;
    %load/vec4 v00000000065e58f0_0;
    %add;
    %ix/vec4/s 4;
    %store/vec4a v00000000065e5990, 4, 0;
    %pushi/vec4 0, 0, 256;
    %load/vec4 v00000000065e58f0_0;
    %muli 16, 0, 32;
    %part/s 16;
    %pushi/vec4 32, 0, 32;
    %load/vec4 v00000000065e58f0_0;
    %add;
    %ix/vec4/s 4;
    %store/vec4a v00000000065e5990, 4, 0;
    %pushi/vec4 0, 0, 256;
    %load/vec4 v00000000065e58f0_0;
    %muli 16, 0, 32;
    %part/s 16;
    %pushi/vec4 48, 0, 32;
    %load/vec4 v00000000065e58f0_0;
    %add;
    %ix/vec4/s 4;
    %store/vec4a v00000000065e5990, 4, 0;
    %pushi/vec4 0, 0, 256;
    %load/vec4 v00000000065e58f0_0;
    %muli 16, 0, 32;
    %part/s 16;
    %pushi/vec4 64, 0, 32;
    %load/vec4 v00000000065e58f0_0;
    %add;
    %ix/vec4/s 4;
    %store/vec4a v00000000065e5990, 4, 0;
    %pushi/vec4 0, 0, 256;
    %load/vec4 v00000000065e58f0_0;
    %muli 16, 0, 32;
    %part/s 16;
    %pushi/vec4 80, 0, 32;
    %load/vec4 v00000000065e58f0_0;
    %add;
    %ix/vec4/s 4;
    %store/vec4a v00000000065e5990, 4, 0;
    %pushi/vec4 0, 0, 256;
    %load/vec4 v00000000065e58f0_0;
    %muli 16, 0, 32;
    %part/s 16;
    %pushi/vec4 96, 0, 32;
    %load/vec4 v00000000065e58f0_0;
    %add;
    %ix/vec4/s 4;
    %store/vec4a v00000000065e5990, 4, 0;
    %pushi/vec4 0, 0, 256;
    %load/vec4 v00000000065e58f0_0;
    %muli 16, 0, 32;
    %part/s 16;
    %pushi/vec4 112, 0, 32;
    %load/vec4 v00000000065e58f0_0;
    %add;
    %ix/vec4/s 4;
    %store/vec4a v00000000065e5990, 4, 0;
    %pushi/vec4 0, 0, 256;
    %load/vec4 v00000000065e58f0_0;
    %muli 16, 0, 32;
    %part/s 16;
    %pushi/vec4 128, 0, 32;
    %load/vec4 v00000000065e58f0_0;
    %add;
    %ix/vec4/s 4;
    %store/vec4a v00000000065e5990, 4, 0;
    %pushi/vec4 0, 0, 256;
    %load/vec4 v00000000065e58f0_0;
    %muli 16, 0, 32;
    %part/s 16;
    %pushi/vec4 144, 0, 32;
    %load/vec4 v00000000065e58f0_0;
    %add;
    %ix/vec4/s 4;
    %store/vec4a v00000000065e5990, 4, 0;
    %pushi/vec4 0, 0, 256;
    %load/vec4 v00000000065e58f0_0;
    %muli 16, 0, 32;
    %part/s 16;
    %pushi/vec4 160, 0, 32;
    %load/vec4 v00000000065e58f0_0;
    %add;
    %ix/vec4/s 4;
    %store/vec4a v00000000065e5990, 4, 0;
    %pushi/vec4 0, 0, 256;
    %load/vec4 v00000000065e58f0_0;
    %muli 16, 0, 32;
    %part/s 16;
    %pushi/vec4 176, 0, 32;
    %load/vec4 v00000000065e58f0_0;
    %add;
    %ix/vec4/s 4;
    %store/vec4a v00000000065e5990, 4, 0;
    %pushi/vec4 0, 0, 256;
    %load/vec4 v00000000065e58f0_0;
    %muli 16, 0, 32;
    %part/s 16;
    %pushi/vec4 192, 0, 32;
    %load/vec4 v00000000065e58f0_0;
    %add;
    %ix/vec4/s 4;
    %store/vec4a v00000000065e5990, 4, 0;
    %pushi/vec4 0, 0, 256;
    %load/vec4 v00000000065e58f0_0;
    %muli 16, 0, 32;
    %part/s 16;
    %pushi/vec4 208, 0, 32;
    %load/vec4 v00000000065e58f0_0;
    %add;
    %ix/vec4/s 4;
    %store/vec4a v00000000065e5990, 4, 0;
    %pushi/vec4 0, 0, 256;
    %load/vec4 v00000000065e58f0_0;
    %muli 16, 0, 32;
    %part/s 16;
    %pushi/vec4 224, 0, 32;
    %load/vec4 v00000000065e58f0_0;
    %add;
    %ix/vec4/s 4;
    %store/vec4a v00000000065e5990, 4, 0;
    %pushi/vec4 0, 0, 256;
    %load/vec4 v00000000065e58f0_0;
    %muli 16, 0, 32;
    %part/s 16;
    %pushi/vec4 240, 0, 32;
    %load/vec4 v00000000065e58f0_0;
    %add;
    %ix/vec4/s 4;
    %store/vec4a v00000000065e5990, 4, 0;
T_87.2 ; for-loop step statement
    %load/vec4 v00000000065e58f0_0;
    %addi 1, 0, 32;
    %store/vec4 v00000000065e58f0_0, 0, 32;
    %jmp T_87.0;
T_87.1 ; for-loop exit label
    %end;
    .thread T_87;
    .scope S_00000000065efd80;
T_88 ;
    %wait E_000000000653f610;
    %load/vec4 v00000000065e5850_0;
    %flag_set/vec4 9;
    %flag_get/vec4 9;
    %jmp/0 T_88.2, 9;
    %load/vec4 v00000000065e57b0_0;
    %and;
T_88.2;
    %flag_set/vec4 8;
    %jmp/0xz  T_88.0, 8;
    %load/vec4 v00000000065e53f0_0;
    %parti/s 1, 0, 2;
    %nor/r;
    %flag_set/vec4 8;
    %jmp/0xz  T_88.3, 8;
    %load/vec4 v00000000065e5670_0;
    %parti/s 1, 0, 2;
    %load/vec4 v00000000065e3eb0_0;
    %parti/s 8, 0, 2;
    %pad/u 10;
    %ix/vec4 3;
    %ix/load 4, 0, 0; Constant delay
    %assign/vec4/a/d v00000000065e5990, 0, 4;
T_88.3 ;
    %load/vec4 v00000000065e53f0_0;
    %parti/s 1, 1, 2;
    %nor/r;
    %flag_set/vec4 8;
    %jmp/0xz  T_88.5, 8;
    %load/vec4 v00000000065e5670_0;
    %parti/s 1, 1, 2;
    %load/vec4 v00000000065e3eb0_0;
    %parti/s 8, 0, 2;
    %pad/u 10;
    %ix/vec4 3;
    %ix/load 4, 1, 0; part off
    %ix/load 5, 0, 0; Constant delay
    %assign/vec4/a/d v00000000065e5990, 4, 5;
T_88.5 ;
    %load/vec4 v00000000065e53f0_0;
    %parti/s 1, 2, 3;
    %nor/r;
    %flag_set/vec4 8;
    %jmp/0xz  T_88.7, 8;
    %load/vec4 v00000000065e5670_0;
    %parti/s 1, 2, 3;
    %load/vec4 v00000000065e3eb0_0;
    %parti/s 8, 0, 2;
    %pad/u 10;
    %ix/vec4 3;
    %ix/load 4, 2, 0; part off
    %ix/load 5, 0, 0; Constant delay
    %assign/vec4/a/d v00000000065e5990, 4, 5;
T_88.7 ;
    %load/vec4 v00000000065e53f0_0;
    %parti/s 1, 3, 3;
    %nor/r;
    %flag_set/vec4 8;
    %jmp/0xz  T_88.9, 8;
    %load/vec4 v00000000065e5670_0;
    %parti/s 1, 3, 3;
    %load/vec4 v00000000065e3eb0_0;
    %parti/s 8, 0, 2;
    %pad/u 10;
    %ix/vec4 3;
    %ix/load 4, 3, 0; part off
    %ix/load 5, 0, 0; Constant delay
    %assign/vec4/a/d v00000000065e5990, 4, 5;
T_88.9 ;
    %load/vec4 v00000000065e53f0_0;
    %parti/s 1, 4, 4;
    %nor/r;
    %flag_set/vec4 8;
    %jmp/0xz  T_88.11, 8;
    %load/vec4 v00000000065e5670_0;
    %parti/s 1, 4, 4;
    %load/vec4 v00000000065e3eb0_0;
    %parti/s 8, 0, 2;
    %pad/u 10;
    %ix/vec4 3;
    %ix/load 4, 4, 0; part off
    %ix/load 5, 0, 0; Constant delay
    %assign/vec4/a/d v00000000065e5990, 4, 5;
T_88.11 ;
    %load/vec4 v00000000065e53f0_0;
    %parti/s 1, 5, 4;
    %nor/r;
    %flag_set/vec4 8;
    %jmp/0xz  T_88.13, 8;
    %load/vec4 v00000000065e5670_0;
    %parti/s 1, 5, 4;
    %load/vec4 v00000000065e3eb0_0;
    %parti/s 8, 0, 2;
    %pad/u 10;
    %ix/vec4 3;
    %ix/load 4, 5, 0; part off
    %ix/load 5, 0, 0; Constant delay
    %assign/vec4/a/d v00000000065e5990, 4, 5;
T_88.13 ;
    %load/vec4 v00000000065e53f0_0;
    %parti/s 1, 6, 4;
    %nor/r;
    %flag_set/vec4 8;
    %jmp/0xz  T_88.15, 8;
    %load/vec4 v00000000065e5670_0;
    %parti/s 1, 6, 4;
    %load/vec4 v00000000065e3eb0_0;
    %parti/s 8, 0, 2;
    %pad/u 10;
    %ix/vec4 3;
    %ix/load 4, 6, 0; part off
    %ix/load 5, 0, 0; Constant delay
    %assign/vec4/a/d v00000000065e5990, 4, 5;
T_88.15 ;
    %load/vec4 v00000000065e53f0_0;
    %parti/s 1, 7, 4;
    %nor/r;
    %flag_set/vec4 8;
    %jmp/0xz  T_88.17, 8;
    %load/vec4 v00000000065e5670_0;
    %parti/s 1, 7, 4;
    %load/vec4 v00000000065e3eb0_0;
    %parti/s 8, 0, 2;
    %pad/u 10;
    %ix/vec4 3;
    %ix/load 4, 7, 0; part off
    %ix/load 5, 0, 0; Constant delay
    %assign/vec4/a/d v00000000065e5990, 4, 5;
T_88.17 ;
    %load/vec4 v00000000065e53f0_0;
    %parti/s 1, 8, 5;
    %nor/r;
    %flag_set/vec4 8;
    %jmp/0xz  T_88.19, 8;
    %load/vec4 v00000000065e5670_0;
    %parti/s 1, 8, 5;
    %load/vec4 v00000000065e3eb0_0;
    %parti/s 8, 0, 2;
    %pad/u 10;
    %ix/vec4 3;
    %ix/load 4, 8, 0; part off
    %ix/load 5, 0, 0; Constant delay
    %assign/vec4/a/d v00000000065e5990, 4, 5;
T_88.19 ;
    %load/vec4 v00000000065e53f0_0;
    %parti/s 1, 9, 5;
    %nor/r;
    %flag_set/vec4 8;
    %jmp/0xz  T_88.21, 8;
    %load/vec4 v00000000065e5670_0;
    %parti/s 1, 9, 5;
    %load/vec4 v00000000065e3eb0_0;
    %parti/s 8, 0, 2;
    %pad/u 10;
    %ix/vec4 3;
    %ix/load 4, 9, 0; part off
    %ix/load 5, 0, 0; Constant delay
    %assign/vec4/a/d v00000000065e5990, 4, 5;
T_88.21 ;
    %load/vec4 v00000000065e53f0_0;
    %parti/s 1, 10, 5;
    %nor/r;
    %flag_set/vec4 8;
    %jmp/0xz  T_88.23, 8;
    %load/vec4 v00000000065e5670_0;
    %parti/s 1, 10, 5;
    %load/vec4 v00000000065e3eb0_0;
    %parti/s 8, 0, 2;
    %pad/u 10;
    %ix/vec4 3;
    %ix/load 4, 10, 0; part off
    %ix/load 5, 0, 0; Constant delay
    %assign/vec4/a/d v00000000065e5990, 4, 5;
T_88.23 ;
    %load/vec4 v00000000065e53f0_0;
    %parti/s 1, 11, 5;
    %nor/r;
    %flag_set/vec4 8;
    %jmp/0xz  T_88.25, 8;
    %load/vec4 v00000000065e5670_0;
    %parti/s 1, 11, 5;
    %load/vec4 v00000000065e3eb0_0;
    %parti/s 8, 0, 2;
    %pad/u 10;
    %ix/vec4 3;
    %ix/load 4, 11, 0; part off
    %ix/load 5, 0, 0; Constant delay
    %assign/vec4/a/d v00000000065e5990, 4, 5;
T_88.25 ;
    %load/vec4 v00000000065e53f0_0;
    %parti/s 1, 12, 5;
    %nor/r;
    %flag_set/vec4 8;
    %jmp/0xz  T_88.27, 8;
    %load/vec4 v00000000065e5670_0;
    %parti/s 1, 12, 5;
    %load/vec4 v00000000065e3eb0_0;
    %parti/s 8, 0, 2;
    %pad/u 10;
    %ix/vec4 3;
    %ix/load 4, 12, 0; part off
    %ix/load 5, 0, 0; Constant delay
    %assign/vec4/a/d v00000000065e5990, 4, 5;
T_88.27 ;
    %load/vec4 v00000000065e53f0_0;
    %parti/s 1, 13, 5;
    %nor/r;
    %flag_set/vec4 8;
    %jmp/0xz  T_88.29, 8;
    %load/vec4 v00000000065e5670_0;
    %parti/s 1, 13, 5;
    %load/vec4 v00000000065e3eb0_0;
    %parti/s 8, 0, 2;
    %pad/u 10;
    %ix/vec4 3;
    %ix/load 4, 13, 0; part off
    %ix/load 5, 0, 0; Constant delay
    %assign/vec4/a/d v00000000065e5990, 4, 5;
T_88.29 ;
    %load/vec4 v00000000065e53f0_0;
    %parti/s 1, 14, 5;
    %nor/r;
    %flag_set/vec4 8;
    %jmp/0xz  T_88.31, 8;
    %load/vec4 v00000000065e5670_0;
    %parti/s 1, 14, 5;
    %load/vec4 v00000000065e3eb0_0;
    %parti/s 8, 0, 2;
    %pad/u 10;
    %ix/vec4 3;
    %ix/load 4, 14, 0; part off
    %ix/load 5, 0, 0; Constant delay
    %assign/vec4/a/d v00000000065e5990, 4, 5;
T_88.31 ;
    %load/vec4 v00000000065e53f0_0;
    %parti/s 1, 15, 5;
    %nor/r;
    %flag_set/vec4 8;
    %jmp/0xz  T_88.33, 8;
    %load/vec4 v00000000065e5670_0;
    %parti/s 1, 15, 5;
    %load/vec4 v00000000065e3eb0_0;
    %parti/s 8, 0, 2;
    %pad/u 10;
    %ix/vec4 3;
    %ix/load 4, 15, 0; part off
    %ix/load 5, 0, 0; Constant delay
    %assign/vec4/a/d v00000000065e5990, 4, 5;
T_88.33 ;
T_88.0 ;
    %jmp T_88;
    .thread T_88;
    .scope S_00000000065efd80;
T_89 ;
    %wait E_000000000653f4d0;
    %load/vec4 v00000000065e4950_0;
    %flag_set/vec4 9;
    %flag_get/vec4 9;
    %jmp/0 T_89.2, 9;
    %load/vec4 v00000000065e3d70_0;
    %and;
T_89.2;
    %flag_set/vec4 8;
    %jmp/0xz  T_89.0, 8;
    %load/vec4 v00000000065e35f0_0;
    %parti/s 8, 0, 2;
    %pad/u 10;
    %ix/vec4 4;
    %load/vec4a v00000000065e5990, 4;
    %load/vec4 v00000000065e3e10_0;
    %inv;
    %and;
    %assign/vec4 v00000000065e48b0_0, 0;
T_89.0 ;
    %jmp T_89;
    .thread T_89;
    .scope S_00000000065ef740;
T_90 ;
    %pushi/vec4 0, 0, 32;
    %store/vec4 v00000000065f92c0_0, 0, 32;
T_90.0 ; Top of for-loop 
    %load/vec4 v00000000065f92c0_0;
    %cmpi/s 16, 0, 32;
    %jmp/0xz T_90.1, 5;
    %pushi/vec4 0, 0, 256;
    %load/vec4 v00000000065f92c0_0;
    %muli 16, 0, 32;
    %part/s 16;
    %pushi/vec4 0, 0, 32;
    %load/vec4 v00000000065f92c0_0;
    %add;
    %ix/vec4/s 4;
    %store/vec4a v00000000065f9360, 4, 0;
    %pushi/vec4 0, 0, 256;
    %load/vec4 v00000000065f92c0_0;
    %muli 16, 0, 32;
    %part/s 16;
    %pushi/vec4 16, 0, 32;
    %load/vec4 v00000000065f92c0_0;
    %add;
    %ix/vec4/s 4;
    %store/vec4a v00000000065f9360, 4, 0;
    %pushi/vec4 0, 0, 256;
    %load/vec4 v00000000065f92c0_0;
    %muli 16, 0, 32;
    %part/s 16;
    %pushi/vec4 32, 0, 32;
    %load/vec4 v00000000065f92c0_0;
    %add;
    %ix/vec4/s 4;
    %store/vec4a v00000000065f9360, 4, 0;
    %pushi/vec4 0, 0, 256;
    %load/vec4 v00000000065f92c0_0;
    %muli 16, 0, 32;
    %part/s 16;
    %pushi/vec4 48, 0, 32;
    %load/vec4 v00000000065f92c0_0;
    %add;
    %ix/vec4/s 4;
    %store/vec4a v00000000065f9360, 4, 0;
    %pushi/vec4 0, 0, 256;
    %load/vec4 v00000000065f92c0_0;
    %muli 16, 0, 32;
    %part/s 16;
    %pushi/vec4 64, 0, 32;
    %load/vec4 v00000000065f92c0_0;
    %add;
    %ix/vec4/s 4;
    %store/vec4a v00000000065f9360, 4, 0;
    %pushi/vec4 0, 0, 256;
    %load/vec4 v00000000065f92c0_0;
    %muli 16, 0, 32;
    %part/s 16;
    %pushi/vec4 80, 0, 32;
    %load/vec4 v00000000065f92c0_0;
    %add;
    %ix/vec4/s 4;
    %store/vec4a v00000000065f9360, 4, 0;
    %pushi/vec4 0, 0, 256;
    %load/vec4 v00000000065f92c0_0;
    %muli 16, 0, 32;
    %part/s 16;
    %pushi/vec4 96, 0, 32;
    %load/vec4 v00000000065f92c0_0;
    %add;
    %ix/vec4/s 4;
    %store/vec4a v00000000065f9360, 4, 0;
    %pushi/vec4 0, 0, 256;
    %load/vec4 v00000000065f92c0_0;
    %muli 16, 0, 32;
    %part/s 16;
    %pushi/vec4 112, 0, 32;
    %load/vec4 v00000000065f92c0_0;
    %add;
    %ix/vec4/s 4;
    %store/vec4a v00000000065f9360, 4, 0;
    %pushi/vec4 0, 0, 256;
    %load/vec4 v00000000065f92c0_0;
    %muli 16, 0, 32;
    %part/s 16;
    %pushi/vec4 128, 0, 32;
    %load/vec4 v00000000065f92c0_0;
    %add;
    %ix/vec4/s 4;
    %store/vec4a v00000000065f9360, 4, 0;
    %pushi/vec4 0, 0, 256;
    %load/vec4 v00000000065f92c0_0;
    %muli 16, 0, 32;
    %part/s 16;
    %pushi/vec4 144, 0, 32;
    %load/vec4 v00000000065f92c0_0;
    %add;
    %ix/vec4/s 4;
    %store/vec4a v00000000065f9360, 4, 0;
    %pushi/vec4 0, 0, 256;
    %load/vec4 v00000000065f92c0_0;
    %muli 16, 0, 32;
    %part/s 16;
    %pushi/vec4 160, 0, 32;
    %load/vec4 v00000000065f92c0_0;
    %add;
    %ix/vec4/s 4;
    %store/vec4a v00000000065f9360, 4, 0;
    %pushi/vec4 0, 0, 256;
    %load/vec4 v00000000065f92c0_0;
    %muli 16, 0, 32;
    %part/s 16;
    %pushi/vec4 176, 0, 32;
    %load/vec4 v00000000065f92c0_0;
    %add;
    %ix/vec4/s 4;
    %store/vec4a v00000000065f9360, 4, 0;
    %pushi/vec4 0, 0, 256;
    %load/vec4 v00000000065f92c0_0;
    %muli 16, 0, 32;
    %part/s 16;
    %pushi/vec4 192, 0, 32;
    %load/vec4 v00000000065f92c0_0;
    %add;
    %ix/vec4/s 4;
    %store/vec4a v00000000065f9360, 4, 0;
    %pushi/vec4 0, 0, 256;
    %load/vec4 v00000000065f92c0_0;
    %muli 16, 0, 32;
    %part/s 16;
    %pushi/vec4 208, 0, 32;
    %load/vec4 v00000000065f92c0_0;
    %add;
    %ix/vec4/s 4;
    %store/vec4a v00000000065f9360, 4, 0;
    %pushi/vec4 0, 0, 256;
    %load/vec4 v00000000065f92c0_0;
    %muli 16, 0, 32;
    %part/s 16;
    %pushi/vec4 224, 0, 32;
    %load/vec4 v00000000065f92c0_0;
    %add;
    %ix/vec4/s 4;
    %store/vec4a v00000000065f9360, 4, 0;
    %pushi/vec4 0, 0, 256;
    %load/vec4 v00000000065f92c0_0;
    %muli 16, 0, 32;
    %part/s 16;
    %pushi/vec4 240, 0, 32;
    %load/vec4 v00000000065f92c0_0;
    %add;
    %ix/vec4/s 4;
    %store/vec4a v00000000065f9360, 4, 0;
T_90.2 ; for-loop step statement
    %load/vec4 v00000000065f92c0_0;
    %addi 1, 0, 32;
    %store/vec4 v00000000065f92c0_0, 0, 32;
    %jmp T_90.0;
T_90.1 ; for-loop exit label
    %end;
    .thread T_90;
    .scope S_00000000065ef740;
T_91 ;
    %wait E_000000000653f210;
    %load/vec4 v00000000065f9860_0;
    %flag_set/vec4 9;
    %flag_get/vec4 9;
    %jmp/0 T_91.2, 9;
    %load/vec4 v00000000065f8960_0;
    %and;
T_91.2;
    %flag_set/vec4 8;
    %jmp/0xz  T_91.0, 8;
    %load/vec4 v00000000065f94a0_0;
    %parti/s 1, 0, 2;
    %nor/r;
    %flag_set/vec4 8;
    %jmp/0xz  T_91.3, 8;
    %load/vec4 v00000000065f9c20_0;
    %parti/s 1, 0, 2;
    %load/vec4 v00000000065f9900_0;
    %parti/s 8, 0, 2;
    %pad/u 10;
    %ix/vec4 3;
    %ix/load 4, 0, 0; Constant delay
    %assign/vec4/a/d v00000000065f9360, 0, 4;
T_91.3 ;
    %load/vec4 v00000000065f94a0_0;
    %parti/s 1, 1, 2;
    %nor/r;
    %flag_set/vec4 8;
    %jmp/0xz  T_91.5, 8;
    %load/vec4 v00000000065f9c20_0;
    %parti/s 1, 1, 2;
    %load/vec4 v00000000065f9900_0;
    %parti/s 8, 0, 2;
    %pad/u 10;
    %ix/vec4 3;
    %ix/load 4, 1, 0; part off
    %ix/load 5, 0, 0; Constant delay
    %assign/vec4/a/d v00000000065f9360, 4, 5;
T_91.5 ;
    %load/vec4 v00000000065f94a0_0;
    %parti/s 1, 2, 3;
    %nor/r;
    %flag_set/vec4 8;
    %jmp/0xz  T_91.7, 8;
    %load/vec4 v00000000065f9c20_0;
    %parti/s 1, 2, 3;
    %load/vec4 v00000000065f9900_0;
    %parti/s 8, 0, 2;
    %pad/u 10;
    %ix/vec4 3;
    %ix/load 4, 2, 0; part off
    %ix/load 5, 0, 0; Constant delay
    %assign/vec4/a/d v00000000065f9360, 4, 5;
T_91.7 ;
    %load/vec4 v00000000065f94a0_0;
    %parti/s 1, 3, 3;
    %nor/r;
    %flag_set/vec4 8;
    %jmp/0xz  T_91.9, 8;
    %load/vec4 v00000000065f9c20_0;
    %parti/s 1, 3, 3;
    %load/vec4 v00000000065f9900_0;
    %parti/s 8, 0, 2;
    %pad/u 10;
    %ix/vec4 3;
    %ix/load 4, 3, 0; part off
    %ix/load 5, 0, 0; Constant delay
    %assign/vec4/a/d v00000000065f9360, 4, 5;
T_91.9 ;
    %load/vec4 v00000000065f94a0_0;
    %parti/s 1, 4, 4;
    %nor/r;
    %flag_set/vec4 8;
    %jmp/0xz  T_91.11, 8;
    %load/vec4 v00000000065f9c20_0;
    %parti/s 1, 4, 4;
    %load/vec4 v00000000065f9900_0;
    %parti/s 8, 0, 2;
    %pad/u 10;
    %ix/vec4 3;
    %ix/load 4, 4, 0; part off
    %ix/load 5, 0, 0; Constant delay
    %assign/vec4/a/d v00000000065f9360, 4, 5;
T_91.11 ;
    %load/vec4 v00000000065f94a0_0;
    %parti/s 1, 5, 4;
    %nor/r;
    %flag_set/vec4 8;
    %jmp/0xz  T_91.13, 8;
    %load/vec4 v00000000065f9c20_0;
    %parti/s 1, 5, 4;
    %load/vec4 v00000000065f9900_0;
    %parti/s 8, 0, 2;
    %pad/u 10;
    %ix/vec4 3;
    %ix/load 4, 5, 0; part off
    %ix/load 5, 0, 0; Constant delay
    %assign/vec4/a/d v00000000065f9360, 4, 5;
T_91.13 ;
    %load/vec4 v00000000065f94a0_0;
    %parti/s 1, 6, 4;
    %nor/r;
    %flag_set/vec4 8;
    %jmp/0xz  T_91.15, 8;
    %load/vec4 v00000000065f9c20_0;
    %parti/s 1, 6, 4;
    %load/vec4 v00000000065f9900_0;
    %parti/s 8, 0, 2;
    %pad/u 10;
    %ix/vec4 3;
    %ix/load 4, 6, 0; part off
    %ix/load 5, 0, 0; Constant delay
    %assign/vec4/a/d v00000000065f9360, 4, 5;
T_91.15 ;
    %load/vec4 v00000000065f94a0_0;
    %parti/s 1, 7, 4;
    %nor/r;
    %flag_set/vec4 8;
    %jmp/0xz  T_91.17, 8;
    %load/vec4 v00000000065f9c20_0;
    %parti/s 1, 7, 4;
    %load/vec4 v00000000065f9900_0;
    %parti/s 8, 0, 2;
    %pad/u 10;
    %ix/vec4 3;
    %ix/load 4, 7, 0; part off
    %ix/load 5, 0, 0; Constant delay
    %assign/vec4/a/d v00000000065f9360, 4, 5;
T_91.17 ;
    %load/vec4 v00000000065f94a0_0;
    %parti/s 1, 8, 5;
    %nor/r;
    %flag_set/vec4 8;
    %jmp/0xz  T_91.19, 8;
    %load/vec4 v00000000065f9c20_0;
    %parti/s 1, 8, 5;
    %load/vec4 v00000000065f9900_0;
    %parti/s 8, 0, 2;
    %pad/u 10;
    %ix/vec4 3;
    %ix/load 4, 8, 0; part off
    %ix/load 5, 0, 0; Constant delay
    %assign/vec4/a/d v00000000065f9360, 4, 5;
T_91.19 ;
    %load/vec4 v00000000065f94a0_0;
    %parti/s 1, 9, 5;
    %nor/r;
    %flag_set/vec4 8;
    %jmp/0xz  T_91.21, 8;
    %load/vec4 v00000000065f9c20_0;
    %parti/s 1, 9, 5;
    %load/vec4 v00000000065f9900_0;
    %parti/s 8, 0, 2;
    %pad/u 10;
    %ix/vec4 3;
    %ix/load 4, 9, 0; part off
    %ix/load 5, 0, 0; Constant delay
    %assign/vec4/a/d v00000000065f9360, 4, 5;
T_91.21 ;
    %load/vec4 v00000000065f94a0_0;
    %parti/s 1, 10, 5;
    %nor/r;
    %flag_set/vec4 8;
    %jmp/0xz  T_91.23, 8;
    %load/vec4 v00000000065f9c20_0;
    %parti/s 1, 10, 5;
    %load/vec4 v00000000065f9900_0;
    %parti/s 8, 0, 2;
    %pad/u 10;
    %ix/vec4 3;
    %ix/load 4, 10, 0; part off
    %ix/load 5, 0, 0; Constant delay
    %assign/vec4/a/d v00000000065f9360, 4, 5;
T_91.23 ;
    %load/vec4 v00000000065f94a0_0;
    %parti/s 1, 11, 5;
    %nor/r;
    %flag_set/vec4 8;
    %jmp/0xz  T_91.25, 8;
    %load/vec4 v00000000065f9c20_0;
    %parti/s 1, 11, 5;
    %load/vec4 v00000000065f9900_0;
    %parti/s 8, 0, 2;
    %pad/u 10;
    %ix/vec4 3;
    %ix/load 4, 11, 0; part off
    %ix/load 5, 0, 0; Constant delay
    %assign/vec4/a/d v00000000065f9360, 4, 5;
T_91.25 ;
    %load/vec4 v00000000065f94a0_0;
    %parti/s 1, 12, 5;
    %nor/r;
    %flag_set/vec4 8;
    %jmp/0xz  T_91.27, 8;
    %load/vec4 v00000000065f9c20_0;
    %parti/s 1, 12, 5;
    %load/vec4 v00000000065f9900_0;
    %parti/s 8, 0, 2;
    %pad/u 10;
    %ix/vec4 3;
    %ix/load 4, 12, 0; part off
    %ix/load 5, 0, 0; Constant delay
    %assign/vec4/a/d v00000000065f9360, 4, 5;
T_91.27 ;
    %load/vec4 v00000000065f94a0_0;
    %parti/s 1, 13, 5;
    %nor/r;
    %flag_set/vec4 8;
    %jmp/0xz  T_91.29, 8;
    %load/vec4 v00000000065f9c20_0;
    %parti/s 1, 13, 5;
    %load/vec4 v00000000065f9900_0;
    %parti/s 8, 0, 2;
    %pad/u 10;
    %ix/vec4 3;
    %ix/load 4, 13, 0; part off
    %ix/load 5, 0, 0; Constant delay
    %assign/vec4/a/d v00000000065f9360, 4, 5;
T_91.29 ;
    %load/vec4 v00000000065f94a0_0;
    %parti/s 1, 14, 5;
    %nor/r;
    %flag_set/vec4 8;
    %jmp/0xz  T_91.31, 8;
    %load/vec4 v00000000065f9c20_0;
    %parti/s 1, 14, 5;
    %load/vec4 v00000000065f9900_0;
    %parti/s 8, 0, 2;
    %pad/u 10;
    %ix/vec4 3;
    %ix/load 4, 14, 0; part off
    %ix/load 5, 0, 0; Constant delay
    %assign/vec4/a/d v00000000065f9360, 4, 5;
T_91.31 ;
    %load/vec4 v00000000065f94a0_0;
    %parti/s 1, 15, 5;
    %nor/r;
    %flag_set/vec4 8;
    %jmp/0xz  T_91.33, 8;
    %load/vec4 v00000000065f9c20_0;
    %parti/s 1, 15, 5;
    %load/vec4 v00000000065f9900_0;
    %parti/s 8, 0, 2;
    %pad/u 10;
    %ix/vec4 3;
    %ix/load 4, 15, 0; part off
    %ix/load 5, 0, 0; Constant delay
    %assign/vec4/a/d v00000000065f9360, 4, 5;
T_91.33 ;
T_91.0 ;
    %jmp T_91;
    .thread T_91;
    .scope S_00000000065ef740;
T_92 ;
    %wait E_000000000653f710;
    %load/vec4 v00000000065f9a40_0;
    %flag_set/vec4 9;
    %flag_get/vec4 9;
    %jmp/0 T_92.2, 9;
    %load/vec4 v00000000065f99a0_0;
    %and;
T_92.2;
    %flag_set/vec4 8;
    %jmp/0xz  T_92.0, 8;
    %load/vec4 v00000000065f88c0_0;
    %parti/s 8, 0, 2;
    %pad/u 10;
    %ix/vec4 4;
    %load/vec4a v00000000065f9360, 4;
    %load/vec4 v00000000065f8a00_0;
    %inv;
    %and;
    %assign/vec4 v00000000065f8280_0, 0;
T_92.0 ;
    %jmp T_92;
    .thread T_92;
    .scope S_0000000006583a40;
T_93 ;
    %wait E_000000000653ee90;
    %pushi/vec4 0, 0, 32;
    %store/vec4 v00000000065f3280_0, 0, 32;
T_93.0 ; Top of for-loop 
    %load/vec4 v00000000065f3280_0;
    %cmpi/s 16383, 0, 32;
    %flag_or 5, 4;
    %jmp/0xz T_93.1, 5;
    %pushi/vec4 65535, 65535, 16;
    %ix/getv/s 4, v00000000065f3280_0;
    %store/vec4a v00000000065f54e0, 4, 0;
T_93.2 ; for-loop step statement
    %load/vec4 v00000000065f3280_0;
    %addi 1, 0, 32;
    %store/vec4 v00000000065f3280_0, 0, 32;
    %jmp T_93.0;
T_93.1 ; for-loop exit label
    %jmp T_93;
    .thread T_93;
    .scope S_0000000006583a40;
T_94 ;
    %wait E_000000000653f7d0;
    %load/vec4 v00000000065f3f00_0;
    %flag_set/vec4 8;
    %jmp/0xz  T_94.0, 8;
    %pushi/vec4 0, 0, 16;
    %assign/vec4 v00000000065f3a00_0, 0;
    %jmp T_94.1;
T_94.0 ;
    %load/vec4 v00000000065f3640_0;
    %flag_set/vec4 8;
    %jmp/0xz  T_94.2, 8;
    %pushi/vec4 65535, 65535, 16;
    %assign/vec4 v00000000065f3a00_0, 0;
    %jmp T_94.3;
T_94.2 ;
    %load/vec4 v00000000065f4fe0_0;
    %flag_set/vec4 8;
    %jmp/0xz  T_94.4, 8;
    %load/vec4 v00000000065f3d20_0;
    %nor/r;
    %flag_set/vec4 8;
    %jmp/0xz  T_94.6, 8;
    %load/vec4 v00000000065f31e0_0;
    %pad/u 16;
    %ix/vec4 4;
    %load/vec4a v00000000065f54e0, 4;
    %assign/vec4 v00000000065f3a00_0, 0;
    %jmp T_94.7;
T_94.6 ;
    %load/vec4 v00000000065f42c0_0;
    %parti/s 1, 0, 2;
    %flag_set/vec4 8;
    %jmp/0xz  T_94.8, 8;
    %load/vec4 v00000000065f47c0_0;
    %parti/s 4, 0, 2;
    %load/vec4 v00000000065f31e0_0;
    %pad/u 16;
    %ix/vec4 3;
    %ix/load 4, 0, 0; Constant delay
    %assign/vec4/a/d v00000000065f54e0, 0, 4;
T_94.8 ;
    %load/vec4 v00000000065f42c0_0;
    %parti/s 1, 1, 2;
    %flag_set/vec4 8;
    %jmp/0xz  T_94.10, 8;
    %load/vec4 v00000000065f47c0_0;
    %parti/s 4, 4, 4;
    %load/vec4 v00000000065f31e0_0;
    %pad/u 16;
    %ix/vec4 3;
    %ix/load 4, 4, 0; part off
    %ix/load 5, 0, 0; Constant delay
    %assign/vec4/a/d v00000000065f54e0, 4, 5;
T_94.10 ;
    %load/vec4 v00000000065f42c0_0;
    %parti/s 1, 2, 3;
    %flag_set/vec4 8;
    %jmp/0xz  T_94.12, 8;
    %load/vec4 v00000000065f47c0_0;
    %parti/s 4, 8, 5;
    %load/vec4 v00000000065f31e0_0;
    %pad/u 16;
    %ix/vec4 3;
    %ix/load 4, 8, 0; part off
    %ix/load 5, 0, 0; Constant delay
    %assign/vec4/a/d v00000000065f54e0, 4, 5;
T_94.12 ;
    %load/vec4 v00000000065f42c0_0;
    %parti/s 1, 3, 3;
    %flag_set/vec4 8;
    %jmp/0xz  T_94.14, 8;
    %load/vec4 v00000000065f47c0_0;
    %parti/s 4, 12, 5;
    %load/vec4 v00000000065f31e0_0;
    %pad/u 16;
    %ix/vec4 3;
    %ix/load 4, 12, 0; part off
    %ix/load 5, 0, 0; Constant delay
    %assign/vec4/a/d v00000000065f54e0, 4, 5;
T_94.14 ;
    %pushi/vec4 65535, 65535, 16;
    %assign/vec4 v00000000065f3a00_0, 0;
T_94.7 ;
T_94.4 ;
T_94.3 ;
T_94.1 ;
    %jmp T_94;
    .thread T_94;
    .scope S_00000000065ee930;
T_95 ;
    %wait E_000000000653f010;
    %load/vec4 v00000000065f6980_0;
    %cmpi/e 1, 0, 1;
    %jmp/0xz  T_95.0, 4;
    %pushi/vec4 0, 0, 1;
    %assign/vec4 v00000000065f76a0_0, 0;
    %pushi/vec4 0, 0, 1;
    %assign/vec4 v00000000065f6200_0, 0;
    %pushi/vec4 0, 0, 1;
    %assign/vec4 v00000000065f7380_0, 0;
    %jmp T_95.1;
T_95.0 ;
    %load/vec4 v00000000065f6d40_0;
    %assign/vec4 v00000000065f76a0_0, 0;
    %load/vec4 v00000000065f76a0_0;
    %assign/vec4 v00000000065f6200_0, 0;
    %load/vec4 v00000000065f6200_0;
    %assign/vec4 v00000000065f7380_0, 0;
T_95.1 ;
    %jmp T_95;
    .thread T_95;
    .scope S_00000000065f0550;
T_96 ;
    %wait E_000000000653f010;
    %load/vec4 v00000000065f4900_0;
    %cmpi/e 1, 0, 1;
    %jmp/0xz  T_96.0, 4;
    %pushi/vec4 0, 0, 1;
    %assign/vec4 v00000000065f4680_0, 0;
    %pushi/vec4 0, 0, 1;
    %assign/vec4 v00000000065f56c0_0, 0;
    %pushi/vec4 0, 0, 1;
    %assign/vec4 v00000000065f4720_0, 0;
    %jmp T_96.1;
T_96.0 ;
    %load/vec4 v00000000065f30a0_0;
    %assign/vec4 v00000000065f4680_0, 0;
    %load/vec4 v00000000065f4680_0;
    %assign/vec4 v00000000065f56c0_0, 0;
    %load/vec4 v00000000065f56c0_0;
    %assign/vec4 v00000000065f4720_0, 0;
T_96.1 ;
    %jmp T_96;
    .thread T_96;
    .scope S_00000000065eede0;
T_97 ;
    %wait E_000000000653f010;
    %load/vec4 v00000000065f74c0_0;
    %cmpi/e 1, 0, 1;
    %jmp/0xz  T_97.0, 4;
    %pushi/vec4 0, 0, 1;
    %assign/vec4 v00000000065f4d60_0, 0;
    %pushi/vec4 0, 0, 1;
    %assign/vec4 v00000000065f3500_0, 0;
    %pushi/vec4 0, 0, 1;
    %assign/vec4 v00000000065f6160_0, 0;
    %jmp T_97.1;
T_97.0 ;
    %load/vec4 v00000000065f3320_0;
    %assign/vec4 v00000000065f4d60_0, 0;
    %load/vec4 v00000000065f4d60_0;
    %assign/vec4 v00000000065f3500_0, 0;
    %load/vec4 v00000000065f3500_0;
    %assign/vec4 v00000000065f6160_0, 0;
T_97.1 ;
    %jmp T_97;
    .thread T_97;
    .scope S_00000000065efa60;
T_98 ;
    %wait E_000000000653f010;
    %load/vec4 v00000000065f5620_0;
    %cmpi/e 1, 0, 1;
    %jmp/0xz  T_98.0, 4;
    %pushi/vec4 0, 0, 33;
    %assign/vec4 v00000000065f4400_0, 0;
    %pushi/vec4 0, 0, 1;
    %assign/vec4 v00000000065f35a0_0, 0;
    %jmp T_98.1;
T_98.0 ;
    %load/vec4 v00000000065f4400_0;
    %cmpi/e 5, 0, 33;
    %jmp/0xz  T_98.2, 4;
    %pushi/vec4 0, 0, 33;
    %assign/vec4 v00000000065f4400_0, 0;
    %load/vec4 v00000000065f35a0_0;
    %inv;
    %assign/vec4 v00000000065f35a0_0, 0;
    %jmp T_98.3;
T_98.2 ;
    %load/vec4 v00000000065f4400_0;
    %addi 1, 0, 33;
    %assign/vec4 v00000000065f4400_0, 0;
T_98.3 ;
T_98.1 ;
    %jmp T_98;
    .thread T_98;
    .scope S_00000000065ee7a0;
T_99 ;
    %wait E_000000000653f010;
    %load/vec4 v00000000065f6020_0;
    %pad/u 32;
    %cmpi/e 1, 0, 32;
    %jmp/0xz  T_99.0, 4;
    %pushi/vec4 0, 0, 32;
    %store/vec4 v00000000065f6480_0, 0, 32;
T_99.2 ; Top of for-loop 
    %load/vec4 v00000000065f6480_0;
    %cmpi/s 16, 0, 32;
    %jmp/0xz T_99.3, 5;
    %pushi/vec4 0, 0, 2;
    %ix/getv/s 3, v00000000065f6480_0;
    %ix/load 4, 0, 0; Constant delay
    %assign/vec4/a/d v00000000065f7ec0, 0, 4;
T_99.4 ; for-loop step statement
    %load/vec4 v00000000065f6480_0;
    %addi 1, 0, 32;
    %store/vec4 v00000000065f6480_0, 0, 32;
    %jmp T_99.2;
T_99.3 ; for-loop exit label
    %jmp T_99.1;
T_99.0 ;
    %load/vec4 v00000000065f7b00_0;
    %cmpi/e 1, 0, 1;
    %jmp/0xz  T_99.5, 4;
    %load/vec4 v00000000065f5ee0_0;
    %load/vec4 v00000000065f6660_0;
    %pad/u 6;
    %ix/vec4 3;
    %ix/load 4, 0, 0; Constant delay
    %assign/vec4/a/d v00000000065f7ec0, 0, 4;
T_99.5 ;
    %load/vec4 v00000000065f5a80_0;
    %cmpi/e 1, 0, 1;
    %jmp/0xz  T_99.7, 4;
    %load/vec4 v00000000065f5e40_0;
    %pad/u 6;
    %ix/vec4 4;
    %load/vec4a v00000000065f7ec0, 4;
    %assign/vec4 v00000000065f6340_0, 0;
T_99.7 ;
T_99.1 ;
    %jmp T_99;
    .thread T_99;
    .scope S_00000000065ee7a0;
T_100 ;
    %end;
    .thread T_100;
    .scope S_00000000065f03c0;
T_101 ;
    %wait E_000000000653f410;
    %load/vec4 v00000000065f4540_0;
    %cmpi/e 1, 0, 1;
    %jmp/0xz  T_101.0, 4;
    %pushi/vec4 0, 0, 2;
    %assign/vec4 v00000000065f4cc0_0, 0;
    %jmp T_101.1;
T_101.0 ;
    %load/vec4 v00000000065f4cc0_0;
    %dup/vec4;
    %pushi/vec4 0, 0, 2;
    %cmp/u;
    %jmp/1 T_101.2, 6;
    %dup/vec4;
    %pushi/vec4 1, 0, 2;
    %cmp/u;
    %jmp/1 T_101.3, 6;
    %dup/vec4;
    %pushi/vec4 2, 0, 2;
    %cmp/u;
    %jmp/1 T_101.4, 6;
    %pushi/vec4 0, 0, 2;
    %assign/vec4 v00000000065f4cc0_0, 0;
    %jmp T_101.6;
T_101.2 ;
    %pushi/vec4 0, 0, 1;
    %assign/vec4 v00000000065f4040_0, 0;
    %load/vec4 v00000000065f44a0_0;
    %cmpi/e 1, 0, 1;
    %jmp/0xz  T_101.7, 4;
    %pushi/vec4 1, 0, 2;
    %assign/vec4 v00000000065f4cc0_0, 0;
T_101.7 ;
    %jmp T_101.6;
T_101.3 ;
    %load/vec4 v00000000065f4a40_0;
    %cmpi/e 15, 0, 4;
    %jmp/0xz  T_101.9, 4;
    %pushi/vec4 1, 0, 1;
    %assign/vec4 v00000000065f4040_0, 0;
    %pushi/vec4 0, 0, 2;
    %assign/vec4 v00000000065f4cc0_0, 0;
T_101.9 ;
    %jmp T_101.6;
T_101.4 ;
    %load/vec4 v00000000065f4a40_0;
    %cmpi/e 0, 0, 4;
    %jmp/0xz  T_101.11, 4;
    %pushi/vec4 1, 0, 1;
    %assign/vec4 v00000000065f4040_0, 0;
    %pushi/vec4 0, 0, 2;
    %assign/vec4 v00000000065f4cc0_0, 0;
T_101.11 ;
    %jmp T_101.6;
T_101.6 ;
    %pop/vec4 1;
T_101.1 ;
    %jmp T_101;
    .thread T_101;
    .scope S_00000000065f03c0;
T_102 ;
    %wait E_000000000653f410;
    %load/vec4 v00000000065f4540_0;
    %cmpi/e 1, 0, 1;
    %jmp/0xz  T_102.0, 4;
    %pushi/vec4 0, 0, 4;
    %assign/vec4 v00000000065f4a40_0, 0;
    %jmp T_102.1;
T_102.0 ;
    %load/vec4 v00000000065f4cc0_0;
    %cmpi/e 1, 0, 2;
    %jmp/0xz  T_102.2, 4;
    %load/vec4 v00000000065f4a40_0;
    %addi 1, 0, 4;
    %assign/vec4 v00000000065f4a40_0, 0;
    %jmp T_102.3;
T_102.2 ;
    %load/vec4 v00000000065f4cc0_0;
    %cmpi/e 2, 0, 2;
    %flag_get/vec4 4;
    %jmp/0 T_102.6, 4;
    %load/vec4 v00000000065f4a40_0;
    %pushi/vec4 0, 0, 4;
    %cmp/ne;
    %flag_get/vec4 4;
    %and;
T_102.6;
    %flag_set/vec4 8;
    %jmp/0xz  T_102.4, 8;
    %load/vec4 v00000000065f4a40_0;
    %subi 1, 0, 4;
    %assign/vec4 v00000000065f4a40_0, 0;
    %jmp T_102.5;
T_102.4 ;
    %pushi/vec4 0, 0, 4;
    %assign/vec4 v00000000065f4a40_0, 0;
T_102.5 ;
T_102.3 ;
T_102.1 ;
    %jmp T_102;
    .thread T_102;
    .scope S_00000000065ef290;
T_103 ;
    %pushi/vec4 0, 0, 1;
    %store/vec4 v00000000065f6ac0_0, 0, 1;
    %pushi/vec4 0, 0, 1;
    %store/vec4 v00000000065f79c0_0, 0, 1;
    %pushi/vec4 0, 0, 1;
    %store/vec4 v00000000065f68e0_0, 0, 1;
    %pushi/vec4 0, 0, 4;
    %store/vec4 v00000000065f7920_0, 0, 4;
    %pushi/vec4 0, 0, 4;
    %store/vec4 v00000000065f71a0_0, 0, 4;
    %pushi/vec4 0, 0, 2;
    %store/vec4 v00000000065f6ca0_0, 0, 2;
    %end;
    .thread T_103;
    .scope S_00000000065ef290;
T_104 ;
    %wait E_000000000653f010;
    %load/vec4 v00000000065f7740_0;
    %cmpi/e 1, 0, 1;
    %jmp/0xz  T_104.0, 4;
    %pushi/vec4 0, 0, 1;
    %assign/vec4 v00000000065f79c0_0, 0;
    %pushi/vec4 0, 0, 1;
    %assign/vec4 v00000000065f68e0_0, 0;
    %pushi/vec4 0, 0, 2;
    %assign/vec4 v00000000065f7240_0, 0;
    %jmp T_104.1;
T_104.0 ;
    %load/vec4 v00000000065f7240_0;
    %dup/vec4;
    %pushi/vec4 0, 0, 2;
    %cmp/u;
    %jmp/1 T_104.2, 6;
    %dup/vec4;
    %pushi/vec4 1, 0, 2;
    %cmp/u;
    %jmp/1 T_104.3, 6;
    %dup/vec4;
    %pushi/vec4 2, 0, 2;
    %cmp/u;
    %jmp/1 T_104.4, 6;
    %pushi/vec4 1, 0, 2;
    %assign/vec4 v00000000065f7240_0, 0;
    %jmp T_104.6;
T_104.2 ;
    %load/vec4 v00000000065f7740_0;
    %cmpi/e 0, 0, 1;
    %jmp/0xz  T_104.7, 4;
    %pushi/vec4 1, 0, 2;
    %assign/vec4 v00000000065f7240_0, 0;
T_104.7 ;
    %jmp T_104.6;
T_104.3 ;
    %load/vec4 v00000000065f7060_0;
    %cmpi/e 1, 0, 1;
    %jmp/0xz  T_104.9, 4;
    %pushi/vec4 2, 0, 2;
    %assign/vec4 v00000000065f7240_0, 0;
    %jmp T_104.10;
T_104.9 ;
    %pushi/vec4 1, 0, 2;
    %assign/vec4 v00000000065f7240_0, 0;
T_104.10 ;
    %jmp T_104.6;
T_104.4 ;
    %load/vec4 v00000000065f7060_0;
    %cmpi/e 0, 0, 1;
    %jmp/0xz  T_104.11, 4;
    %pushi/vec4 1, 0, 2;
    %assign/vec4 v00000000065f7240_0, 0;
    %jmp T_104.12;
T_104.11 ;
    %pushi/vec4 2, 0, 2;
    %assign/vec4 v00000000065f7240_0, 0;
T_104.12 ;
    %jmp T_104.6;
T_104.6 ;
    %pop/vec4 1;
T_104.1 ;
    %jmp T_104;
    .thread T_104;
    .scope S_00000000065ef290;
T_105 ;
    %wait E_000000000653f010;
    %load/vec4 v00000000065f7740_0;
    %cmpi/e 1, 0, 1;
    %jmp/0xz  T_105.0, 4;
    %pushi/vec4 0, 0, 2;
    %assign/vec4 v00000000065f7240_0, 0;
    %jmp T_105.1;
T_105.0 ;
    %load/vec4 v00000000065f7240_0;
    %cmpi/e 2, 0, 2;
    %jmp/0xz  T_105.2, 4;
    %load/vec4 v00000000065f6520_0;
    %load/vec4 v00000000065f7560_0;
    %concat/vec4; draw_concat_vec4
    %assign/vec4 v00000000065f6ca0_0, 0;
    %pushi/vec4 1, 0, 1;
    %assign/vec4 v00000000065f79c0_0, 0;
    %pushi/vec4 0, 0, 1;
    %assign/vec4 v00000000065f6ac0_0, 0;
    %jmp T_105.3;
T_105.2 ;
    %load/vec4 v00000000065f79c0_0;
    %cmpi/e 1, 0, 1;
    %jmp/0xz  T_105.4, 4;
    %load/vec4 v00000000065f7920_0;
    %addi 1, 0, 4;
    %assign/vec4 v00000000065f7920_0, 0;
    %pushi/vec4 0, 0, 1;
    %assign/vec4 v00000000065f79c0_0, 0;
T_105.4 ;
T_105.3 ;
T_105.1 ;
    %jmp T_105;
    .thread T_105;
    .scope S_00000000065ef290;
T_106 ;
    %wait E_000000000653f010;
    %load/vec4 v00000000065f7740_0;
    %cmpi/e 1, 0, 1;
    %jmp/0xz  T_106.0, 4;
    %pushi/vec4 0, 0, 1;
    %assign/vec4 v00000000065f6ac0_0, 0;
    %jmp T_106.1;
T_106.0 ;
    %load/vec4 v00000000065f7240_0;
    %cmpi/e 1, 0, 2;
    %jmp/0xz  T_106.2, 4;
    %pushi/vec4 1, 0, 1;
    %assign/vec4 v00000000065f6ac0_0, 0;
    %load/vec4 v00000000065f7c40_0;
    %assign/vec4 v00000000065f71a0_0, 0;
    %pushi/vec4 1, 0, 1;
    %assign/vec4 v00000000065f68e0_0, 0;
    %jmp T_106.3;
T_106.2 ;
    %pushi/vec4 0, 0, 1;
    %assign/vec4 v00000000065f68e0_0, 0;
T_106.3 ;
T_106.1 ;
    %jmp T_106;
    .thread T_106;
    .scope S_0000000006583590;
T_107 ;
    %pushi/vec4 1, 0, 1;
    %store/vec4 v00000000065f62a0_0, 0, 1;
    %pushi/vec4 0, 0, 1;
    %store/vec4 v00000000065f7420_0, 0, 1;
    %pushi/vec4 1, 0, 1;
    %store/vec4 v00000000065f7d80_0, 0, 1;
    %pushi/vec4 1, 0, 1;
    %store/vec4 v00000000065f7a60_0, 0, 1;
    %pushi/vec4 1, 0, 1;
    %store/vec4 v00000000065f6c00_0, 0, 1;
    %end;
    .thread T_107;
    .scope S_0000000006583590;
T_108 ;
    %delay 41670, 0;
    %load/vec4 v00000000065f7420_0;
    %inv;
    %store/vec4 v00000000065f7420_0, 0, 1;
    %jmp T_108;
    .thread T_108;
    .scope S_0000000006583590;
T_109 ;
    %delay 83340, 0;
    %pushi/vec4 0, 0, 1;
    %store/vec4 v00000000065f62a0_0, 0, 1;
    %delay 166680, 0;
    %pushi/vec4 1, 0, 1;
    %store/vec4 v00000000065f62a0_0, 0, 1;
    %delay 83340, 0;
    %pushi/vec4 0, 0, 1;
    %store/vec4 v00000000065f7d80_0, 0, 1;
    %delay 83340, 0;
    %pushi/vec4 0, 0, 1;
    %store/vec4 v00000000065f7a60_0, 0, 1;
    %delay 333360, 0;
    %pushi/vec4 1, 0, 1;
    %store/vec4 v00000000065f7d80_0, 0, 1;
    %end;
    .thread T_109;
    .scope S_0000000006583590;
T_110 ;
    %vpi_call 3 56 "$dumpfile", "mini-midi_tb.vcd" {0 0 0};
    %vpi_call 3 57 "$dumpvars", 32'sb00000000000000000000000000000000, S_0000000006583590 {0 0 0};
    %delay 10000000, 0;
    %vpi_call 3 63 "$display", "Finished!" {0 0 0};
    %vpi_call 3 64 "$finish" {0 0 0};
    %end;
    .thread T_110;
# The file index is used to find the file name in the following table.
:file_names 9;
    "N/A";
    "<interactive>";
    "C:\Users\pc\.apio\packages\tools-oss-cad-suite\share\yosys/ice40/cells_sim.v";
    "mini-midi_tb.v";
    "mini-midi.v";
    "clock-divider.v";
    "counter.v";
    "button-debouncer.v";
    "memory-ram.v";
